[2026-04-18T15:17:21.867Z] 3  |  import { useDialogComposition } from "@/components/ui/dialog";
[2026-04-18T15:17:21.868Z] 11:17:21 AM [vite] (client) Pre-transform error: Failed to resolve import "react/jsx-dev-runtime" from "client/src/components/ui/sheet.tsx". Does the file exist?
[2026-04-18T15:17:21.868Z] Plugin: vite:import-analysis
[2026-04-18T15:17:21.868Z] File: /home/ubuntu/viaoceanica-ai/client/src/components/ui/sheet.tsx:10:9
[2026-04-18T15:17:21.868Z] 1  |  "use client";
[2026-04-18T15:17:21.868Z] 2  |  import { jsxDEV } from "react/jsx-dev-runtime";
[2026-04-18T15:17:21.868Z] |                          ^
[2026-04-18T15:17:21.869Z] 3  |  import * as SheetPrimitive from "@radix-ui/react-dialog";
[2026-04-18T15:17:21.869Z] 4  |  import { XIcon } from "lucide-react";
[2026-04-18T15:17:21.869Z] 11:17:21 AM [vite] (client) Pre-transform error: Failed to resolve import "react/jsx-dev-runtime" from "client/src/components/ui/tooltip.tsx". Does the file exist?
[2026-04-18T15:17:21.869Z] Plugin: vite:import-analysis
[2026-04-18T15:17:21.869Z] File: /home/ubuntu/viaoceanica-ai/client/src/components/ui/tooltip.tsx:11:4
[2026-04-18T15:17:21.870Z] 1  |  import { jsxDEV } from "react/jsx-dev-runtime";
[2026-04-18T15:17:21.870Z] |                          ^
[2026-04-18T15:17:21.870Z] 2  |  import * as TooltipPrimitive from "@radix-ui/react-tooltip";
[2026-04-18T15:17:21.870Z] 3  |  import { cn } from "@/lib/utils";
[2026-04-18T15:17:21.870Z] 11:17:21 AM [vite] (client) Pre-transform error: Failed to resolve import "react" from "client/src/hooks/useComposition.ts". Does the file exist?
[2026-04-18T15:17:21.871Z] Plugin: vite:import-analysis
[2026-04-18T15:17:21.871Z] File: /home/ubuntu/viaoceanica-ai/client/src/hooks/useComposition.ts:1:23
[2026-04-18T15:17:21.871Z] 1  |  import { useRef } from "react";
[2026-04-18T15:17:21.871Z] |                          ^
[2026-04-18T15:17:21.872Z] 2  |  import { usePersistFn } from "./usePersistFn";
[2026-04-18T15:17:21.872Z] 3  |  export function useComposition(options = {}) {
[2026-04-18T15:17:21.872Z] 11:17:21 AM [vite] (client) Pre-transform error: Failed to resolve import "react" from "client/src/hooks/useMobile.tsx". Does the file exist?
[2026-04-18T15:17:21.872Z] Plugin: vite:import-analysis
[2026-04-18T15:17:21.873Z] File: /home/ubuntu/viaoceanica-ai/client/src/hooks/useMobile.tsx:1:23
[2026-04-18T15:17:21.873Z] 1  |  var _s = $RefreshSig$();
[2026-04-18T15:17:21.873Z] 2  |  import * as React from "react";
[2026-04-18T15:17:21.873Z] |                          ^
[2026-04-18T15:17:21.874Z] 3  |  const MOBILE_BREAKPOINT = 768;
[2026-04-18T15:17:21.874Z] 4  |  export function useIsMobile() {
[2026-04-18T15:17:21.874Z] 11:17:21 AM [vite] (client) Pre-transform error: Failed to resolve import "react/jsx-dev-runtime" from "client/src/main.tsx?v=B7eY3Z1hatbsZ5nfpEtg3". Does the file exist?
[2026-04-18T15:17:21.874Z] Plugin: vite:import-analysis
[2026-04-18T15:17:21.874Z] File: /home/ubuntu/viaoceanica-ai/client/src/main.tsx?v=B7eY3Z1hatbsZ5nfpEtg3:30:6
[2026-04-18T15:17:21.875Z] 1  |  import { jsxDEV } from "react/jsx-dev-runtime";
[2026-04-18T15:17:21.875Z] |                          ^
[2026-04-18T15:17:21.875Z] 2  |  import { createRoot } from "react-dom/client";
[2026-04-18T15:17:21.875Z] 3  |  import { QueryClient, QueryClientProvider } from "@tanstack/react-query";
[2026-04-18T15:17:21.875Z] 11:17:21 AM [vite] (client) Pre-transform error: Failed to resolve import "react/jsx-dev-runtime" from "client/src/components/ui/dialog.tsx". Does the file exist?
[2026-04-18T15:17:21.876Z] Plugin: vite:import-analysis
[2026-04-18T15:17:21.876Z] File: /home/ubuntu/viaoceanica-ai/client/src/components/ui/dialog.tsx:51:6
[2026-04-18T15:17:21.876Z] 1  |  import { jsxDEV } from "react/jsx-dev-runtime";
[2026-04-18T15:17:21.877Z] |                          ^
[2026-04-18T15:17:21.877Z] 2  |  var _s = $RefreshSig$(), _s2 = $RefreshSig$(), _s3 = $RefreshSig$();
[2026-04-18T15:17:21.877Z] 3  |  import { cn } from "@/lib/utils";
[2026-04-18T15:17:21.877Z] 11:17:21 AM [vite] (client) Pre-transform error: Failed to resolve import "react/jsx-dev-runtime" from "client/src/components/ui/dialog.tsx". Does the file exist?
[2026-04-18T15:17:21.877Z] Plugin: vite:import-analysis
[2026-04-18T15:17:21.878Z] File: /home/ubuntu/viaoceanica-ai/client/src/components/ui/dialog.tsx:51:6
[2026-04-18T15:17:21.878Z] 1  |  import { jsxDEV } from "react/jsx-dev-runtime";
[2026-04-18T15:17:21.878Z] |                          ^
[2026-04-18T15:17:21.878Z] 2  |  var _s = $RefreshSig$(), _s2 = $RefreshSig$(), _s3 = $RefreshSig$();
[2026-04-18T15:17:21.878Z] 3  |  import { cn } from "@/lib/utils";
[2026-04-18T15:17:21.879Z] 11:17:21 AM [vite] (client) Pre-transform error: Failed to resolve import "react" from "client/src/hooks/usePersistFn.ts". Does the file exist?
[2026-04-18T15:17:21.879Z] Plugin: vite:import-analysis
[2026-04-18T15:17:21.879Z] File: /home/ubuntu/viaoceanica-ai/client/src/hooks/usePersistFn.ts:1:23
[2026-04-18T15:17:21.879Z] 1  |  import { useRef } from "react";
[2026-04-18T15:17:21.879Z] |                          ^
[2026-04-18T15:17:21.880Z] 2  |  export function usePersistFn(fn) {
[2026-04-18T15:17:21.880Z] 3  |    const fnRef = useRef(fn);
[2026-04-18T15:17:21.880Z] 11:17:21 AM [vite] (client) Pre-transform error: Failed to resolve import "clsx" from "client/src/lib/utils.ts". Does the file exist?
[2026-04-18T15:17:21.880Z] Plugin: vite:import-analysis
[2026-04-18T15:17:21.880Z] File: /home/ubuntu/viaoceanica-ai/client/src/lib/utils.ts:1:38
[2026-04-18T15:17:21.881Z] 1  |  import { clsx } from "clsx";
[2026-04-18T15:17:21.881Z] |                        ^
[2026-04-18T15:17:21.881Z] 2  |  import { twMerge } from "tailwind-merge";
[2026-04-18T15:17:21.881Z] 3  |  export function cn(...inputs) {
[2026-04-18T15:17:21.881Z] 11:17:21 AM [vite] (client) Pre-transform error: Failed to resolve import "clsx" from "client/src/lib/utils.ts". Does the file exist?
[2026-04-18T15:17:21.882Z] Plugin: vite:import-analysis
[2026-04-18T15:17:21.882Z] File: /home/ubuntu/viaoceanica-ai/client/src/lib/utils.ts:1:38
[2026-04-18T15:17:21.882Z] 1  |  import { clsx } from "clsx";
[2026-04-18T15:17:21.882Z] |                        ^
[2026-04-18T15:17:21.882Z] 2  |  import { twMerge } from "tailwind-merge";
[2026-04-18T15:17:21.883Z] 3  |  export function cn(...inputs) {
[2026-04-18T15:17:21.883Z] 11:17:21 AM [vite] (client) Pre-transform error: Failed to resolve import "clsx" from "client/src/lib/utils.ts". Does the file exist?
[2026-04-18T15:17:21.883Z] Plugin: vite:import-analysis
[2026-04-18T15:17:21.883Z] File: /home/ubuntu/viaoceanica-ai/client/src/lib/utils.ts:1:38
[2026-04-18T15:17:21.883Z] 1  |  import { clsx } from "clsx";
[2026-04-18T15:17:21.884Z] |                        ^
[2026-04-18T15:17:21.884Z] 2  |  import { twMerge } from "tailwind-merge";
[2026-04-18T15:17:21.884Z] 3  |  export function cn(...inputs) {
[2026-04-18T15:17:21.884Z] 11:17:21 AM [vite] (client) Pre-transform error: Failed to resolve import "clsx" from "client/src/lib/utils.ts". Does the file exist?
[2026-04-18T15:17:21.884Z] Plugin: vite:import-analysis
[2026-04-18T15:17:21.885Z] File: /home/ubuntu/viaoceanica-ai/client/src/lib/utils.ts:1:38
[2026-04-18T15:17:21.885Z] 1  |  import { clsx } from "clsx";
[2026-04-18T15:17:21.885Z] |                        ^
[2026-04-18T15:17:21.885Z] 2  |  import { twMerge } from "tailwind-merge";
[2026-04-18T15:17:21.885Z] 3  |  export function cn(...inputs) {
[2026-04-18T15:17:21.885Z] 11:17:21 AM [vite] (client) Pre-transform error: Failed to resolve import "react" from "client/src/hooks/usePersistFn.ts". Does the file exist?
[2026-04-18T15:17:21.886Z] Plugin: vite:import-analysis
[2026-04-18T15:17:21.886Z] File: /home/ubuntu/viaoceanica-ai/client/src/hooks/usePersistFn.ts:1:23
[2026-04-18T15:17:21.886Z] 1  |  import { useRef } from "react";
[2026-04-18T15:17:21.886Z] |                          ^
[2026-04-18T15:17:21.886Z] 2  |  export function usePersistFn(fn) {
[2026-04-18T15:17:21.887Z] 3  |    const fnRef = useRef(fn);
[2026-04-18T15:17:21.887Z] 11:17:21 AM [vite] (client) Pre-transform error: Failed to resolve import "clsx" from "client/src/lib/utils.ts". Does the file exist?
[2026-04-18T15:17:21.887Z] Plugin: vite:import-analysis
[2026-04-18T15:17:21.887Z] File: /home/ubuntu/viaoceanica-ai/client/src/lib/utils.ts:1:38
[2026-04-18T15:17:21.888Z] 1  |  import { clsx } from "clsx";
[2026-04-18T15:17:21.888Z] |                        ^
[2026-04-18T15:17:21.888Z] 2  |  import { twMerge } from "tailwind-merge";
[2026-04-18T15:17:21.888Z] 3  |  export function cn(...inputs) {
[2026-04-18T15:17:21.889Z] 11:17:21 AM [vite] (client) Pre-transform error: Failed to resolve import "@trpc/react-query" from "client/src/lib/trpc.ts". Does the file exist?
[2026-04-18T15:17:21.889Z] Plugin: vite:import-analysis
[2026-04-18T15:17:21.890Z] File: /home/ubuntu/viaoceanica-ai/client/src/lib/trpc.ts:1:32
[2026-04-18T15:17:21.890Z] 1  |  import { createTRPCReact } from "@trpc/react-query";
[2026-04-18T15:17:21.890Z] |                                   ^
[2026-04-18T15:17:21.891Z] 2  |  export const trpc = createTRPCReact();
[2026-04-18T15:17:21.892Z] 3  |
[2026-04-18T15:17:21.892Z] 11:17:21 AM [vite] (client) Pre-transform error: Failed to resolve import "react" from "client/src/hooks/useComposition.ts". Does the file exist?
[2026-04-18T15:17:21.892Z] Plugin: vite:import-analysis
[2026-04-18T15:17:21.892Z] File: /home/ubuntu/viaoceanica-ai/client/src/hooks/useComposition.ts:1:23
[2026-04-18T15:17:21.892Z] 1  |  import { useRef } from "react";
[2026-04-18T15:17:21.893Z] |                          ^
[2026-04-18T15:17:21.893Z] 2  |  import { usePersistFn } from "./usePersistFn";
[2026-04-18T15:17:21.893Z] 3  |  export function useComposition(options = {}) {
[2026-04-18T15:17:21.893Z] 11:17:21 AM [vite] (client) Pre-transform error: Failed to resolve import "react/jsx-dev-runtime" from "client/src/App.tsx". Does the file exist?
[2026-04-18T15:17:21.893Z] Plugin: vite:import-analysis
[2026-04-18T15:17:21.894Z] File: /home/ubuntu/viaoceanica-ai/client/src/App.tsx:44:14
[2026-04-18T15:17:21.894Z] 1  |  import { jsxDEV } from "react/jsx-dev-runtime";
[2026-04-18T15:17:21.894Z] |                          ^
[2026-04-18T15:17:21.894Z] 2  |  var _s = $RefreshSig$(), _s2 = $RefreshSig$(), _s3 = $RefreshSig$();
[2026-04-18T15:17:21.894Z] 3  |  import { Toaster } from "@/components/ui/sonner";
[2026-04-18T15:17:21.894Z] 11:17:21 AM [vite] (client) Pre-transform error: Failed to load PostCSS config (searchPath: /home/ubuntu/viaoceanica-ai/client): [SyntaxError] Expected double-quoted property name in JSON at position 1922 (line 49 column 1)
[2026-04-18T15:17:21.895Z] SyntaxError: Expected double-quoted property name in JSON at position 1922 (line 49 column 1)
[2026-04-18T15:17:21.895Z] at JSON.parse (<anonymous>)
[2026-04-18T15:17:21.895Z] at jsonLoader (/home/ubuntu/viaoceanica-ai/node_modules/.pnpm/vite@7.1.9_@types+node@24.7.0_jiti@2.6.1_lightningcss@1.30.1_tsx@4.20.6/node_modules/vite/dist/node/chunks/dep-Chhhsdoe.js:8141:42)
[2026-04-18T15:17:21.895Z] at Object.search (/home/ubuntu/viaoceanica-ai/node_modules/.pnpm/vite@7.1.9_@types+node@24.7.0_jiti@2.6.1_lightningcss@1.30.1_tsx@4.20.6/node_modules/vite/dist/node/chunks/dep-Chhhsdoe.js:8257:26)
[2026-04-18T15:17:21.896Z] Plugin: vite:css
[2026-04-18T15:17:21.897Z] File: /home/ubuntu/viaoceanica-ai/client/src/index.css
[2026-04-18T15:17:22.130Z] 11:17:22 AM [vite] (client) Pre-transform error: Failed to resolve import "react/jsx-dev-runtime" from "client/src/components/ErrorBoundary.tsx". Does the file exist?
[2026-04-18T15:17:22.131Z] Plugin: vite:import-analysis
[2026-04-18T15:17:22.131Z] File: /home/ubuntu/viaoceanica-ai/client/src/components/ErrorBoundary.tsx:29:12
[2026-04-18T15:17:22.131Z] 1  |  import { jsxDEV } from "react/jsx-dev-runtime";
[2026-04-18T15:17:22.131Z] |                          ^
[2026-04-18T15:17:22.132Z] 2  |  import { cn } from "@/lib/utils";
[2026-04-18T15:17:22.132Z] 3  |  import { AlertTriangle, RotateCcw } from "lucide-react";
[2026-04-18T15:17:22.132Z] 11:17:22 AM [vite] (client) Pre-transform error: Failed to resolve import "react/jsx-dev-runtime" from "client/src/contexts/ThemeContext.tsx". Does the file exist?
[2026-04-18T15:17:22.133Z] Plugin: vite:import-analysis
[2026-04-18T15:17:22.133Z] File: /home/ubuntu/viaoceanica-ai/client/src/contexts/ThemeContext.tsx:52:4
[2026-04-18T15:17:22.133Z] 1  |  import { jsxDEV } from "react/jsx-dev-runtime";
[2026-04-18T15:17:22.133Z] |                          ^
[2026-04-18T15:17:22.134Z] 2  |  var _s = $RefreshSig$(), _s2 = $RefreshSig$();
[2026-04-18T15:17:22.134Z] 3  |  import { createContext, useContext, useEffect, useState } from "react";
[2026-04-18T15:17:22.148Z] 11:17:22 AM [vite] (client) Pre-transform error: Failed to resolve import "react/jsx-dev-runtime" from "client/src/components/DashboardLayout.tsx". Does the file exist?
[2026-04-18T15:17:22.148Z] Plugin: vite:import-analysis
[2026-04-18T15:17:22.149Z] File: /home/ubuntu/viaoceanica-ai/client/src/components/DashboardLayout.tsx:109:11
[2026-04-18T15:17:22.149Z] 1  |  import { Fragment, jsxDEV } from "react/jsx-dev-runtime";
[2026-04-18T15:17:22.149Z] |                                    ^
[2026-04-18T15:17:22.149Z] 2  |  var _s = $RefreshSig$(), _s2 = $RefreshSig$();
[2026-04-18T15:17:22.150Z] 3  |  import { useAuth } from "@/_core/hooks/useAuth";
[2026-04-18T15:17:22.150Z] 11:17:22 AM [vite] (client) Pre-transform error: Failed to resolve import "react/jsx-dev-runtime" from "client/src/pages/Home.tsx". Does the file exist?
[2026-04-18T15:17:22.150Z] Plugin: vite:import-analysis
[2026-04-18T15:17:22.150Z] File: /home/ubuntu/viaoceanica-ai/client/src/pages/Home.tsx:17:12
[2026-04-18T15:17:22.150Z] 1  |  import { Fragment, jsxDEV } from "react/jsx-dev-runtime";
[2026-04-18T15:17:22.151Z] |                                    ^
[2026-04-18T15:17:22.151Z] 2  |  var _s = $RefreshSig$();
[2026-04-18T15:17:22.151Z] 3  |  import { useAuth } from "@/_core/hooks/useAuth";
[2026-04-18T15:17:22.156Z] 11:17:22 AM [vite] (client) Pre-transform error: Failed to resolve import "react/jsx-dev-runtime" from "client/src/pages/Login.tsx". Does the file exist?
[2026-04-18T15:17:22.156Z] Plugin: vite:import-analysis
[2026-04-18T15:17:22.157Z] File: /home/ubuntu/viaoceanica-ai/client/src/pages/Login.tsx:55:12
[2026-04-18T15:17:22.157Z] 1  |  import { jsxDEV } from "react/jsx-dev-runtime";
[2026-04-18T15:17:22.157Z] |                          ^
[2026-04-18T15:17:22.158Z] 2  |  var _s = $RefreshSig$();
[2026-04-18T15:17:22.158Z] 3  |  import { Button } from "@/components/ui/button";
[2026-04-18T15:17:22.158Z] 11:17:22 AM [vite] (client) Pre-transform error: Failed to resolve import "react/jsx-dev-runtime" from "client/src/pages/Register.tsx". Does the file exist?
[2026-04-18T15:17:22.159Z] Plugin: vite:import-analysis
[2026-04-18T15:17:22.159Z] File: /home/ubuntu/viaoceanica-ai/client/src/pages/Register.tsx:75:12
[2026-04-18T15:17:22.160Z] 1  |  import { jsxDEV } from "react/jsx-dev-runtime";
[2026-04-18T15:17:22.161Z] |                          ^
[2026-04-18T15:17:22.162Z] 2  |  var _s = $RefreshSig$();
[2026-04-18T15:17:22.163Z] 3  |  import { Button } from "@/components/ui/button";
[2026-04-18T15:17:22.165Z] 11:17:22 AM [vite] (client) Pre-transform error: Failed to resolve import "react/jsx-dev-runtime" from "client/src/pages/ForgotPassword.tsx". Does the file exist?
[2026-04-18T15:17:22.166Z] Plugin: vite:import-analysis
[2026-04-18T15:17:22.168Z] File: /home/ubuntu/viaoceanica-ai/client/src/pages/ForgotPassword.tsx:54:12
[2026-04-18T15:17:22.169Z] 1  |  import { Fragment, jsxDEV } from "react/jsx-dev-runtime";
[2026-04-18T15:17:22.169Z] |                                    ^
[2026-04-18T15:17:22.170Z] 2  |  var _s = $RefreshSig$();
[2026-04-18T15:17:22.171Z] 3  |  import { Button } from "@/components/ui/button";
[2026-04-18T15:17:22.172Z] 11:17:22 AM [vite] (client) Pre-transform error: Failed to resolve import "react/jsx-dev-runtime" from "client/src/pages/ResetPassword.tsx". Does the file exist?
[2026-04-18T15:17:22.173Z] Plugin: vite:import-analysis
[2026-04-18T15:17:22.175Z] File: /home/ubuntu/viaoceanica-ai/client/src/pages/ResetPassword.tsx:99:10
[2026-04-18T15:17:22.176Z] 1  |  import { Fragment, jsxDEV } from "react/jsx-dev-runtime";
[2026-04-18T15:17:22.177Z] |                                    ^
[2026-04-18T15:17:22.177Z] 2  |  var _s = $RefreshSig$();
[2026-04-18T15:17:22.178Z] 3  |  import { Button } from "@/components/ui/button";
[2026-04-18T15:17:22.179Z] 11:17:22 AM [vite] (client) Pre-transform error: Failed to resolve import "react/jsx-dev-runtime" from "client/src/pages/Dashboard.tsx". Does the file exist?
[2026-04-18T15:17:22.179Z] Plugin: vite:import-analysis
[2026-04-18T15:17:22.179Z] File: /home/ubuntu/viaoceanica-ai/client/src/pages/Dashboard.tsx:37:8
[2026-04-18T15:17:22.179Z] 1  |  import { jsxDEV } from "react/jsx-dev-runtime";
[2026-04-18T15:17:22.180Z] |                          ^
[2026-04-18T15:17:22.180Z] 2  |  var _s = $RefreshSig$();
[2026-04-18T15:17:22.180Z] 3  |  import { useAuth } from "@/_core/hooks/useAuth";
[2026-04-18T15:17:22.180Z] 11:17:22 AM [vite] (client) Pre-transform error: Failed to resolve import "react/jsx-dev-runtime" from "client/src/pages/TeamManagement.tsx". Does the file exist?
[2026-04-18T15:17:22.180Z] Plugin: vite:import-analysis
[2026-04-18T15:17:22.181Z] File: /home/ubuntu/viaoceanica-ai/client/src/pages/TeamManagement.tsx:60:27
[2026-04-18T15:17:22.181Z] 1  |  import { jsxDEV } from "react/jsx-dev-runtime";
[2026-04-18T15:17:22.181Z] |                          ^
[2026-04-18T15:17:22.181Z] 2  |  var _s = $RefreshSig$();
[2026-04-18T15:17:22.181Z] 3  |  import { Card, CardContent, CardDescription, CardHeader, CardTitle } from "@/components/ui/card";
[2026-04-18T15:17:22.182Z] 11:17:22 AM [vite] (client) Pre-transform error: Failed to resolve import "react/jsx-dev-runtime" from "client/src/pages/Modules.tsx". Does the file exist?
[2026-04-18T15:17:22.182Z] Plugin: vite:import-analysis
[2026-04-18T15:17:22.182Z] File: /home/ubuntu/viaoceanica-ai/client/src/pages/Modules.tsx:128:8
[2026-04-18T15:17:22.182Z] 1  |  import { jsxDEV } from "react/jsx-dev-runtime";
[2026-04-18T15:17:22.182Z] |                          ^
[2026-04-18T15:17:22.183Z] 2  |  var _s = $RefreshSig$();
[2026-04-18T15:17:22.183Z] 3  |  import { Card, CardContent, CardDescription, CardHeader, CardTitle } from "@/components/ui/card";
[2026-04-18T15:17:22.183Z] 11:17:22 AM [vite] (client) Pre-transform error: Failed to resolve import "react/jsx-dev-runtime" from "client/src/pages/Tokens.tsx". Does the file exist?
[2026-04-18T15:17:22.183Z] Plugin: vite:import-analysis
[2026-04-18T15:17:22.183Z] File: /home/ubuntu/viaoceanica-ai/client/src/pages/Tokens.tsx:18:8
[2026-04-18T15:17:22.184Z] 1  |  import { jsxDEV } from "react/jsx-dev-runtime";
[2026-04-18T15:17:22.184Z] |                          ^
[2026-04-18T15:17:22.184Z] 2  |  var _s = $RefreshSig$();
[2026-04-18T15:17:22.184Z] 3  |  import { Card, CardContent, CardDescription, CardHeader, CardTitle } from "@/components/ui/card";
[2026-04-18T15:17:22.189Z] 11:17:22 AM [vite] (client) Pre-transform error: Failed to resolve import "react/jsx-dev-runtime" from "client/src/pages/CompanyProfile.tsx". Does the file exist?
[2026-04-18T15:17:22.191Z] Plugin: vite:import-analysis
[2026-04-18T15:17:22.192Z] File: /home/ubuntu/viaoceanica-ai/client/src/pages/CompanyProfile.tsx:53:8
[2026-04-18T15:17:22.194Z] 1  |  import { jsxDEV } from "react/jsx-dev-runtime";
[2026-04-18T15:17:22.195Z] |                          ^
[2026-04-18T15:17:22.196Z] 2  |  var _s = $RefreshSig$();
[2026-04-18T15:17:22.197Z] 3  |  import { Card, CardContent, CardDescription, CardHeader, CardTitle } from "@/components/ui/card";
[2026-04-18T15:17:22.198Z] 11:17:22 AM [vite] (client) Pre-transform error: Failed to resolve import "react/jsx-dev-runtime" from "client/src/pages/SettingsPage.tsx". Does the file exist?
[2026-04-18T15:17:22.200Z] Plugin: vite:import-analysis
[2026-04-18T15:17:22.201Z] File: /home/ubuntu/viaoceanica-ai/client/src/pages/SettingsPage.tsx:35:8
[2026-04-18T15:17:22.201Z] 1  |  import { jsxDEV } from "react/jsx-dev-runtime";
[2026-04-18T15:17:22.202Z] |                          ^
[2026-04-18T15:17:22.202Z] 2  |  var _s = $RefreshSig$();
[2026-04-18T15:17:22.202Z] 3  |  import { useAuth } from "@/_core/hooks/useAuth";
[2026-04-18T15:17:22.202Z] 11:17:22 AM [vite] (client) Pre-transform error: Failed to resolve import "react/jsx-dev-runtime" from "client/src/pages/UserProfile.tsx". Does the file exist?
[2026-04-18T15:17:22.202Z] Plugin: vite:import-analysis
[2026-04-18T15:17:22.203Z] File: /home/ubuntu/viaoceanica-ai/client/src/pages/UserProfile.tsx:48:15
[2026-04-18T15:17:22.203Z] 1  |  import { jsxDEV } from "react/jsx-dev-runtime";
[2026-04-18T15:17:22.203Z] |                          ^
[2026-04-18T15:17:22.203Z] 2  |  var _s = $RefreshSig$();
[2026-04-18T15:17:22.203Z] 3  |  import { Card, CardContent, CardDescription, CardHeader, CardTitle } from "@/components/ui/card";
[2026-04-18T15:17:22.204Z] 11:17:22 AM [vite] (client) Pre-transform error: Failed to resolve import "react/jsx-dev-runtime" from "client/src/pages/ModulePage.tsx". Does the file exist?
[2026-04-18T15:17:22.204Z] Plugin: vite:import-analysis
[2026-04-18T15:17:22.204Z] File: /home/ubuntu/viaoceanica-ai/client/src/pages/ModulePage.tsx:60:8
[2026-04-18T15:17:22.204Z] 1  |  import { jsxDEV } from "react/jsx-dev-runtime";
[2026-04-18T15:17:22.204Z] |                          ^
[2026-04-18T15:17:22.205Z] 2  |  var _s = $RefreshSig$();
[2026-04-18T15:17:22.205Z] 3  |  import { useLocation } from "wouter";
[2026-04-18T15:17:22.205Z] 11:17:22 AM [vite] (client) Pre-transform error: Failed to resolve import "react/jsx-dev-runtime" from "client/src/pages/admin/AdminLogin.tsx". Does the file exist?
[2026-04-18T15:17:22.205Z] Plugin: vite:import-analysis
[2026-04-18T15:17:22.205Z] File: /home/ubuntu/viaoceanica-ai/client/src/pages/admin/AdminLogin.tsx:49:10
[2026-04-18T15:17:22.205Z] 1  |  import { jsxDEV } from "react/jsx-dev-runtime";
[2026-04-18T15:17:22.206Z] |                          ^
[2026-04-18T15:17:22.206Z] 2  |  var _s = $RefreshSig$();
[2026-04-18T15:17:22.206Z] 3  |  import { Button } from "@/components/ui/button";
[2026-04-18T15:17:22.206Z] 11:17:22 AM [vite] (client) Pre-transform error: Failed to resolve import "react/jsx-dev-runtime" from "client/src/pages/admin/AdminDashboard.tsx". Does the file exist?
[2026-04-18T15:17:22.206Z] Plugin: vite:import-analysis
[2026-04-18T15:17:22.207Z] File: /home/ubuntu/viaoceanica-ai/client/src/pages/admin/AdminDashboard.tsx:22:8
[2026-04-18T15:17:22.207Z] 1  |  import { jsxDEV } from "react/jsx-dev-runtime";
[2026-04-18T15:17:22.207Z] |                          ^
[2026-04-18T15:17:22.207Z] 2  |  var _s = $RefreshSig$();
[2026-04-18T15:17:22.207Z] 3  |  import { Card, CardContent, CardDescription, CardHeader, CardTitle } from "@/components/ui/card";
[2026-04-18T15:17:22.208Z] 11:17:22 AM [vite] (client) Pre-transform error: Failed to resolve import "react/jsx-dev-runtime" from "client/src/pages/Billing.tsx". Does the file exist?
[2026-04-18T15:17:22.209Z] Plugin: vite:import-analysis
[2026-04-18T15:17:22.209Z] File: /home/ubuntu/viaoceanica-ai/client/src/pages/Billing.tsx:150:8
[2026-04-18T15:17:22.209Z] 1  |  import { jsxDEV } from "react/jsx-dev-runtime";
[2026-04-18T15:17:22.210Z] |                          ^
[2026-04-18T15:17:22.210Z] 2  |  var _s = $RefreshSig$();
[2026-04-18T15:17:22.210Z] 3  |  import { Card, CardContent, CardDescription, CardHeader, CardTitle } from "@/components/ui/card";
[2026-04-18T15:17:22.221Z] 11:17:22 AM [vite] (client) Pre-transform error: Failed to resolve import "react/jsx-dev-runtime" from "client/src/pages/admin/AdminCompanies.tsx". Does the file exist?
[2026-04-18T15:17:22.221Z] Plugin: vite:import-analysis
[2026-04-18T15:17:22.222Z] File: /home/ubuntu/viaoceanica-ai/client/src/pages/admin/AdminCompanies.tsx:168:10
[2026-04-18T15:17:22.222Z] 1  |  import { jsxDEV } from "react/jsx-dev-runtime";
[2026-04-18T15:17:22.222Z] |                          ^
[2026-04-18T15:17:22.222Z] 2  |  var _s = $RefreshSig$();
[2026-04-18T15:17:22.223Z] 3  |  import { Card, CardContent, CardDescription, CardHeader, CardTitle } from "@/components/ui/card";
[2026-04-18T15:17:22.246Z] 11:17:22 AM [vite] (client) Pre-transform error: Failed to resolve import "react/jsx-dev-runtime" from "client/src/pages/admin/AdminModules.tsx". Does the file exist?
[2026-04-18T15:17:22.247Z] Plugin: vite:import-analysis
[2026-04-18T15:17:22.247Z] File: /home/ubuntu/viaoceanica-ai/client/src/pages/admin/AdminModules.tsx:162:16
[2026-04-18T15:17:22.247Z] 1  |  import { Fragment, jsxDEV } from "react/jsx-dev-runtime";
[2026-04-18T15:17:22.248Z] |                                    ^
[2026-04-18T15:17:22.248Z] 2  |  var _s = $RefreshSig$(), _s2 = $RefreshSig$();
[2026-04-18T15:17:22.248Z] 3  |  import { Card, CardContent, CardDescription, CardHeader, CardTitle } from "@/components/ui/card";
[2026-04-18T15:17:22.253Z] 11:17:22 AM [vite] (client) Pre-transform error: Failed to resolve import "react/jsx-dev-runtime" from "client/src/pages/admin/AdminPlans.tsx". Does the file exist?
[2026-04-18T15:17:22.254Z] Plugin: vite:import-analysis
[2026-04-18T15:17:22.254Z] File: /home/ubuntu/viaoceanica-ai/client/src/pages/admin/AdminPlans.tsx:146:10
[2026-04-18T15:17:22.254Z] 1  |  import { jsxDEV } from "react/jsx-dev-runtime";
[2026-04-18T15:17:22.255Z] |                          ^
[2026-04-18T15:17:22.255Z] 2  |  var _s = $RefreshSig$();
[2026-04-18T15:17:22.255Z] 3  |  import { Card, CardContent, CardDescription, CardHeader, CardTitle } from "@/components/ui/card";
[2026-04-18T15:17:22.256Z] 11:17:22 AM [vite] (client) Pre-transform error: Failed to resolve import "react/jsx-dev-runtime" from "client/src/pages/admin/AdminBilling.tsx". Does the file exist?
[2026-04-18T15:17:22.256Z] Plugin: vite:import-analysis
[2026-04-18T15:17:22.257Z] File: /home/ubuntu/viaoceanica-ai/client/src/pages/admin/AdminBilling.tsx:19:8
[2026-04-18T15:17:22.257Z] 1  |  import { jsxDEV } from "react/jsx-dev-runtime";
[2026-04-18T15:17:22.257Z] |                          ^
[2026-04-18T15:17:22.257Z] 2  |  var _s = $RefreshSig$();
[2026-04-18T15:17:22.257Z] 3  |  import { Card, CardContent, CardDescription, CardHeader, CardTitle } from "@/components/ui/card";
[2026-04-18T15:17:22.259Z] 11:17:22 AM [vite] (client) Pre-transform error: Failed to resolve import "react/jsx-dev-runtime" from "client/src/pages/admin/AdminSettings.tsx". Does the file exist?
[2026-04-18T15:17:22.260Z] Plugin: vite:import-analysis
[2026-04-18T15:17:22.260Z] File: /home/ubuntu/viaoceanica-ai/client/src/pages/admin/AdminSettings.tsx:56:8
[2026-04-18T15:17:22.260Z] 1  |  import { jsxDEV } from "react/jsx-dev-runtime";
[2026-04-18T15:17:22.260Z] |                          ^
[2026-04-18T15:17:22.261Z] 2  |  var _s = $RefreshSig$();
[2026-04-18T15:17:22.261Z] 3  |  import { Card, CardContent, CardDescription, CardHeader, CardTitle } from "@/components/ui/card";
[2026-04-18T15:17:22.261Z] 11:17:22 AM [vite] (client) Pre-transform error: Failed to resolve import "react/jsx-dev-runtime" from "client/src/components/ui/sonner.tsx". Does the file exist?
[2026-04-18T15:17:22.261Z] Plugin: vite:import-analysis
[2026-04-18T15:17:22.261Z] File: /home/ubuntu/viaoceanica-ai/client/src/components/ui/sonner.tsx:8:4
[2026-04-18T15:17:22.261Z] 1  |  import { jsxDEV } from "react/jsx-dev-runtime";
[2026-04-18T15:17:22.262Z] |                          ^
[2026-04-18T15:17:22.262Z] 2  |  var _s = $RefreshSig$();
[2026-04-18T15:17:22.262Z] 3  |  import { useTheme } from "next-themes";
[2026-04-18T15:17:22.272Z] 11:17:22 AM [vite] (client) Pre-transform error: Failed to resolve import "react/jsx-dev-runtime" from "client/src/pages/admin/AdminAIUsage.tsx". Does the file exist?
[2026-04-18T15:17:22.272Z] Plugin: vite:import-analysis
[2026-04-18T15:17:22.273Z] File: /home/ubuntu/viaoceanica-ai/client/src/pages/admin/AdminAIUsage.tsx:120:10
[2026-04-18T15:17:22.273Z] 1  |  import { jsxDEV } from "react/jsx-dev-runtime";
[2026-04-18T15:17:22.274Z] |                          ^
[2026-04-18T15:17:22.274Z] 2  |  var _s = $RefreshSig$();
[2026-04-18T15:17:22.274Z] 3  |  import { Card, CardContent, CardDescription, CardHeader, CardTitle } from "@/components/ui/card";
[2026-04-18T15:17:22.275Z] 11:17:22 AM [vite] (client) Pre-transform error: Failed to resolve import "react/jsx-dev-runtime" from "client/src/pages/admin/AdminTokens.tsx". Does the file exist?
[2026-04-18T15:17:22.275Z] Plugin: vite:import-analysis
[2026-04-18T15:17:22.275Z] File: /home/ubuntu/viaoceanica-ai/client/src/pages/admin/AdminTokens.tsx:19:8
[2026-04-18T15:17:22.275Z] 1  |  import { jsxDEV } from "react/jsx-dev-runtime";
[2026-04-18T15:17:22.276Z] |                          ^
[2026-04-18T15:17:22.276Z] 2  |  var _s = $RefreshSig$();
[2026-04-18T15:17:22.276Z] 3  |  import { Card, CardContent, CardDescription, CardHeader, CardTitle } from "@/components/ui/card";
[2026-04-18T15:17:22.277Z] 11:17:22 AM [vite] (client) Pre-transform error: Failed to resolve import "react/jsx-dev-runtime" from "client/src/components/ui/tooltip.tsx". Does the file exist?
[2026-04-18T15:17:22.277Z] Plugin: vite:import-analysis
[2026-04-18T15:17:22.277Z] File: /home/ubuntu/viaoceanica-ai/client/src/components/ui/tooltip.tsx:11:4
[2026-04-18T15:17:22.278Z] 1  |  import { jsxDEV } from "react/jsx-dev-runtime";
[2026-04-18T15:17:22.278Z] |                          ^
[2026-04-18T15:17:22.278Z] 2  |  import * as TooltipPrimitive from "@radix-ui/react-tooltip";
[2026-04-18T15:17:22.279Z] 3  |  import { cn } from "@/lib/utils";
[2026-04-18T15:17:22.279Z] 11:17:22 AM [vite] (client) Pre-transform error: Failed to resolve import "react/jsx-dev-runtime" from "client/src/pages/NotFound.tsx". Does the file exist?
[2026-04-18T15:17:22.279Z] Plugin: vite:import-analysis
[2026-04-18T15:17:22.279Z] File: /home/ubuntu/viaoceanica-ai/client/src/pages/NotFound.tsx:19:14
[2026-04-18T15:17:22.280Z] 1  |  import { jsxDEV } from "react/jsx-dev-runtime";
[2026-04-18T15:17:22.280Z] |                          ^
[2026-04-18T15:17:22.280Z] 2  |  var _s = $RefreshSig$();
[2026-04-18T15:17:22.280Z] 3  |  import { Button } from "@/components/ui/button";
[2026-04-18T15:17:22.384Z] 11:17:22 AM [vite] (client) Pre-transform error: Failed to resolve import "clsx" from "client/src/lib/utils.ts". Does the file exist?
[2026-04-18T15:17:22.385Z] Plugin: vite:import-analysis
[2026-04-18T15:17:22.385Z] File: /home/ubuntu/viaoceanica-ai/client/src/lib/utils.ts:1:38
[2026-04-18T15:17:22.385Z] 1  |  import { clsx } from "clsx";
[2026-04-18T15:17:22.386Z] |                        ^
[2026-04-18T15:17:22.386Z] 2  |  import { twMerge } from "tailwind-merge";
[2026-04-18T15:17:22.386Z] 3  |  export function cn(...inputs) {
[2026-04-18T15:17:22.386Z] 11:17:22 AM [vite] (client) Pre-transform error: Failed to resolve import "react" from "client/src/_core/hooks/useAuth.ts". Does the file exist?
[2026-04-18T15:17:22.386Z] Plugin: vite:import-analysis
[2026-04-18T15:17:22.387Z] File: /home/ubuntu/viaoceanica-ai/client/src/_core/hooks/useAuth.ts:1:58
[2026-04-18T15:17:22.387Z] 1  |  import { useCallback, useEffect, useMemo, useState } from "react";
[2026-04-18T15:17:22.387Z] |                                                             ^
[2026-04-18T15:17:22.387Z] 2  |  export function useAuth() {
[2026-04-18T15:17:22.387Z] 3  |    const [user, setUser] = useState(null);
[2026-04-18T15:17:22.388Z] 11:17:22 AM [vite] (client) Pre-transform error: Failed to resolve import "react" from "client/src/_core/hooks/useAuth.ts". Does the file exist?
[2026-04-18T15:17:22.388Z] Plugin: vite:import-analysis
[2026-04-18T15:17:22.388Z] File: /home/ubuntu/viaoceanica-ai/client/src/_core/hooks/useAuth.ts:1:58
[2026-04-18T15:17:22.388Z] 1  |  import { useCallback, useEffect, useMemo, useState } from "react";
[2026-04-18T15:17:22.388Z] |                                                             ^
[2026-04-18T15:17:22.389Z] 2  |  export function useAuth() {
[2026-04-18T15:17:22.389Z] 3  |    const [user, setUser] = useState(null);
[2026-04-18T15:17:22.389Z] 11:17:22 AM [vite] (client) Pre-transform error: Failed to resolve import "react" from "client/src/_core/hooks/useAuth.ts". Does the file exist?
[2026-04-18T15:17:22.389Z] Plugin: vite:import-analysis
[2026-04-18T15:17:22.389Z] File: /home/ubuntu/viaoceanica-ai/client/src/_core/hooks/useAuth.ts:1:58
[2026-04-18T15:17:22.389Z] 1  |  import { useCallback, useEffect, useMemo, useState } from "react";
[2026-04-18T15:17:22.390Z] |                                                             ^
[2026-04-18T15:17:22.390Z] 2  |  export function useAuth() {
[2026-04-18T15:17:22.390Z] 3  |    const [user, setUser] = useState(null);
[2026-04-18T15:17:22.390Z] 11:17:22 AM [vite] (client) Pre-transform error: Failed to resolve import "react" from "client/src/_core/hooks/useAuth.ts". Does the file exist?
[2026-04-18T15:17:22.390Z] Plugin: vite:import-analysis
[2026-04-18T15:17:22.391Z] File: /home/ubuntu/viaoceanica-ai/client/src/_core/hooks/useAuth.ts:1:58
[2026-04-18T15:17:22.391Z] 1  |  import { useCallback, useEffect, useMemo, useState } from "react";
[2026-04-18T15:17:22.391Z] |                                                             ^
[2026-04-18T15:17:22.391Z] 2  |  export function useAuth() {
[2026-04-18T15:17:22.391Z] 3  |    const [user, setUser] = useState(null);
[2026-04-18T15:17:22.392Z] 11:17:22 AM [vite] (client) Pre-transform error: Failed to resolve import "react" from "client/src/_core/hooks/useAuth.ts". Does the file exist?
[2026-04-18T15:17:22.392Z] Plugin: vite:import-analysis
[2026-04-18T15:17:22.392Z] File: /home/ubuntu/viaoceanica-ai/client/src/_core/hooks/useAuth.ts:1:58
[2026-04-18T15:17:22.392Z] 1  |  import { useCallback, useEffect, useMemo, useState } from "react";
[2026-04-18T15:17:22.393Z] |                                                             ^
[2026-04-18T15:17:22.393Z] 2  |  export function useAuth() {
[2026-04-18T15:17:22.393Z] 3  |    const [user, setUser] = useState(null);
[2026-04-18T15:17:22.394Z] 11:17:22 AM [vite] (client) Pre-transform error: Failed to resolve import "react/jsx-dev-runtime" from "client/src/components/ui/button.tsx". Does the file exist?
[2026-04-18T15:17:22.394Z] Plugin: vite:import-analysis
[2026-04-18T15:17:22.395Z] File: /home/ubuntu/viaoceanica-ai/client/src/components/ui/button.tsx:52:4
[2026-04-18T15:17:22.395Z] 1  |  import { jsxDEV } from "react/jsx-dev-runtime";
[2026-04-18T15:17:22.395Z] |                          ^
[2026-04-18T15:17:22.396Z] 2  |  import { Slot } from "@radix-ui/react-slot";
[2026-04-18T15:17:22.396Z] 3  |  import { cva } from "class-variance-authority";
[2026-04-18T15:17:22.396Z] 11:17:22 AM [vite] (client) Pre-transform error: Failed to resolve import "react/jsx-dev-runtime" from "client/src/components/ui/button.tsx". Does the file exist?
[2026-04-18T15:17:22.397Z] Plugin: vite:import-analysis
[2026-04-18T15:17:22.397Z] File: /home/ubuntu/viaoceanica-ai/client/src/components/ui/button.tsx:52:4
[2026-04-18T15:17:22.397Z] 1  |  import { jsxDEV } from "react/jsx-dev-runtime";
[2026-04-18T15:17:22.398Z] |                          ^
[2026-04-18T15:17:22.398Z] 2  |  import { Slot } from "@radix-ui/react-slot";
[2026-04-18T15:17:22.398Z] 3  |  import { cva } from "class-variance-authority";
[2026-04-18T15:17:22.399Z] 11:17:22 AM [vite] (client) Pre-transform error: Failed to resolve import "react/jsx-dev-runtime" from "client/src/components/ui/button.tsx". Does the file exist?
[2026-04-18T15:17:22.399Z] Plugin: vite:import-analysis
[2026-04-18T15:17:22.399Z] File: /home/ubuntu/viaoceanica-ai/client/src/components/ui/button.tsx:52:4
[2026-04-18T15:17:22.399Z] 1  |  import { jsxDEV } from "react/jsx-dev-runtime";
[2026-04-18T15:17:22.399Z] |                          ^
[2026-04-18T15:17:22.400Z] 2  |  import { Slot } from "@radix-ui/react-slot";
[2026-04-18T15:17:22.400Z] 3  |  import { cva } from "class-variance-authority";
[2026-04-18T15:17:22.400Z] 11:17:22 AM [vite] (client) Pre-transform error: Failed to resolve import "react/jsx-dev-runtime" from "client/src/components/ui/button.tsx". Does the file exist?
[2026-04-18T15:17:22.401Z] Plugin: vite:import-analysis
[2026-04-18T15:17:22.401Z] File: /home/ubuntu/viaoceanica-ai/client/src/components/ui/button.tsx:52:4
[2026-04-18T15:17:22.402Z] 1  |  import { jsxDEV } from "react/jsx-dev-runtime";
[2026-04-18T15:17:22.402Z] |                          ^
[2026-04-18T15:17:22.402Z] 2  |  import { Slot } from "@radix-ui/react-slot";
[2026-04-18T15:17:22.402Z] 3  |  import { cva } from "class-variance-authority";
[2026-04-18T15:17:22.402Z] 11:17:22 AM [vite] (client) Pre-transform error: Failed to resolve import "react/jsx-dev-runtime" from "client/src/components/ui/button.tsx". Does the file exist?
[2026-04-18T15:17:22.403Z] Plugin: vite:import-analysis
[2026-04-18T15:17:22.403Z] File: /home/ubuntu/viaoceanica-ai/client/src/components/ui/button.tsx:52:4
[2026-04-18T15:17:22.403Z] 1  |  import { jsxDEV } from "react/jsx-dev-runtime";
[2026-04-18T15:17:22.403Z] |                          ^
[2026-04-18T15:17:22.404Z] 2  |  import { Slot } from "@radix-ui/react-slot";
[2026-04-18T15:17:22.404Z] 3  |  import { cva } from "class-variance-authority";
[2026-04-18T15:17:22.404Z] 11:17:22 AM [vite] (client) Pre-transform error: Failed to resolve import "react/jsx-dev-runtime" from "client/src/components/ui/button.tsx". Does the file exist?
[2026-04-18T15:17:22.404Z] Plugin: vite:import-analysis
[2026-04-18T15:17:22.405Z] File: /home/ubuntu/viaoceanica-ai/client/src/components/ui/button.tsx:52:4
[2026-04-18T15:17:22.405Z] 1  |  import { jsxDEV } from "react/jsx-dev-runtime";
[2026-04-18T15:17:22.405Z] |                          ^
[2026-04-18T15:17:22.405Z] 2  |  import { Slot } from "@radix-ui/react-slot";
[2026-04-18T15:17:22.405Z] 3  |  import { cva } from "class-variance-authority";
[2026-04-18T15:17:22.406Z] 11:17:22 AM [vite] (client) Pre-transform error: Failed to resolve import "react/jsx-dev-runtime" from "client/src/components/ui/button.tsx". Does the file exist?
[2026-04-18T15:17:22.407Z] Plugin: vite:import-analysis
[2026-04-18T15:17:22.407Z] File: /home/ubuntu/viaoceanica-ai/client/src/components/ui/button.tsx:52:4
[2026-04-18T15:17:22.408Z] 1  |  import { jsxDEV } from "react/jsx-dev-runtime";
[2026-04-18T15:17:22.408Z] |                          ^
[2026-04-18T15:17:22.409Z] 2  |  import { Slot } from "@radix-ui/react-slot";
[2026-04-18T15:17:22.409Z] 3  |  import { cva } from "class-variance-authority";
[2026-04-18T15:17:22.409Z] 11:17:22 AM [vite] (client) Pre-transform error: Failed to resolve import "react/jsx-dev-runtime" from "client/src/components/ui/button.tsx". Does the file exist?
[2026-04-18T15:17:22.410Z] Plugin: vite:import-analysis
[2026-04-18T15:17:22.410Z] File: /home/ubuntu/viaoceanica-ai/client/src/components/ui/button.tsx:52:4
[2026-04-18T15:17:22.411Z] 1  |  import { jsxDEV } from "react/jsx-dev-runtime";
[2026-04-18T15:17:22.411Z] |                          ^
[2026-04-18T15:17:22.411Z] 2  |  import { Slot } from "@radix-ui/react-slot";
[2026-04-18T15:17:22.412Z] 3  |  import { cva } from "class-variance-authority";
[2026-04-18T15:17:22.412Z] 11:17:22 AM [vite] (client) Pre-transform error: Failed to resolve import "react/jsx-dev-runtime" from "client/src/components/ui/button.tsx". Does the file exist?
[2026-04-18T15:17:22.412Z] Plugin: vite:import-analysis
[2026-04-18T15:17:22.413Z] File: /home/ubuntu/viaoceanica-ai/client/src/components/ui/button.tsx:52:4
[2026-04-18T15:17:22.413Z] 1  |  import { jsxDEV } from "react/jsx-dev-runtime";
[2026-04-18T15:17:22.413Z] |                          ^
[2026-04-18T15:17:22.414Z] 2  |  import { Slot } from "@radix-ui/react-slot";
[2026-04-18T15:17:22.414Z] 3  |  import { cva } from "class-variance-authority";
[2026-04-18T15:17:22.415Z] 11:17:22 AM [vite] (client) Pre-transform error: Failed to resolve import "react/jsx-dev-runtime" from "client/src/components/ui/button.tsx". Does the file exist?
[2026-04-18T15:17:22.415Z] Plugin: vite:import-analysis
[2026-04-18T15:17:22.415Z] File: /home/ubuntu/viaoceanica-ai/client/src/components/ui/button.tsx:52:4
[2026-04-18T15:17:22.415Z] 1  |  import { jsxDEV } from "react/jsx-dev-runtime";
[2026-04-18T15:17:22.415Z] |                          ^
[2026-04-18T15:17:22.416Z] 2  |  import { Slot } from "@radix-ui/react-slot";
[2026-04-18T15:17:22.416Z] 3  |  import { cva } from "class-variance-authority";
[2026-04-18T15:17:22.416Z] 11:17:22 AM [vite] (client) Pre-transform error: Failed to resolve import "react/jsx-dev-runtime" from "client/src/components/ui/button.tsx". Does the file exist?
[2026-04-18T15:17:22.416Z] Plugin: vite:import-analysis
[2026-04-18T15:17:22.416Z] File: /home/ubuntu/viaoceanica-ai/client/src/components/ui/button.tsx:52:4
[2026-04-18T15:17:22.417Z] 1  |  import { jsxDEV } from "react/jsx-dev-runtime";
[2026-04-18T15:17:22.417Z] |                          ^
[2026-04-18T15:17:22.417Z] 2  |  import { Slot } from "@radix-ui/react-slot";
[2026-04-18T15:17:22.417Z] 3  |  import { cva } from "class-variance-authority";
[2026-04-18T15:17:22.417Z] 11:17:22 AM [vite] (client) Pre-transform error: Failed to resolve import "react/jsx-dev-runtime" from "client/src/components/ui/button.tsx". Does the file exist?
[2026-04-18T15:17:22.417Z] Plugin: vite:import-analysis
[2026-04-18T15:17:22.418Z] File: /home/ubuntu/viaoceanica-ai/client/src/components/ui/button.tsx:52:4
[2026-04-18T15:17:22.418Z] 1  |  import { jsxDEV } from "react/jsx-dev-runtime";
[2026-04-18T15:17:22.418Z] |                          ^
[2026-04-18T15:17:22.418Z] 2  |  import { Slot } from "@radix-ui/react-slot";
[2026-04-18T15:17:22.418Z] 3  |  import { cva } from "class-variance-authority";
[2026-04-18T15:17:22.418Z] 11:17:22 AM [vite] (client) Pre-transform error: Failed to resolve import "react/jsx-dev-runtime" from "client/src/components/ui/button.tsx". Does the file exist?
[2026-04-18T15:17:22.419Z] Plugin: vite:import-analysis
[2026-04-18T15:17:22.419Z] File: /home/ubuntu/viaoceanica-ai/client/src/components/ui/button.tsx:52:4
[2026-04-18T15:17:22.419Z] 1  |  import { jsxDEV } from "react/jsx-dev-runtime";
[2026-04-18T15:17:22.419Z] |                          ^
[2026-04-18T15:17:22.420Z] 2  |  import { Slot } from "@radix-ui/react-slot";
[2026-04-18T15:17:22.420Z] 3  |  import { cva } from "class-variance-authority";
[2026-04-18T15:17:22.420Z] 11:17:22 AM [vite] (client) Pre-transform error: Failed to resolve import "react/jsx-dev-runtime" from "client/src/components/ui/button.tsx". Does the file exist?
[2026-04-18T15:17:22.427Z] Plugin: vite:import-analysis
[2026-04-18T15:17:22.428Z] File: /home/ubuntu/viaoceanica-ai/client/src/components/ui/button.tsx:52:4
[2026-04-18T15:17:22.428Z] 1  |  import { jsxDEV } from "react/jsx-dev-runtime";
[2026-04-18T15:17:22.428Z] |                          ^
[2026-04-18T15:17:22.446Z] 2  |  import { Slot } from "@radix-ui/react-slot";
[2026-04-18T15:17:22.446Z] 3  |  import { cva } from "class-variance-authority";
[2026-04-18T15:17:22.448Z] 11:17:22 AM [vite] (client) Pre-transform error: Failed to resolve import "react/jsx-dev-runtime" from "client/src/components/ui/button.tsx". Does the file exist?
[2026-04-18T15:17:22.448Z] Plugin: vite:import-analysis
[2026-04-18T15:17:22.449Z] File: /home/ubuntu/viaoceanica-ai/client/src/components/ui/button.tsx:52:4
[2026-04-18T15:17:22.449Z] 1  |  import { jsxDEV } from "react/jsx-dev-runtime";
[2026-04-18T15:17:22.449Z] |                          ^
[2026-04-18T15:17:22.449Z] 2  |  import { Slot } from "@radix-ui/react-slot";
[2026-04-18T15:17:22.450Z] 3  |  import { cva } from "class-variance-authority";
[2026-04-18T15:17:22.450Z] 11:17:22 AM [vite] (client) Pre-transform error: Failed to resolve import "react/jsx-dev-runtime" from "client/src/components/ui/button.tsx". Does the file exist?
[2026-04-18T15:17:22.450Z] Plugin: vite:import-analysis
[2026-04-18T15:17:22.450Z] File: /home/ubuntu/viaoceanica-ai/client/src/components/ui/button.tsx:52:4
[2026-04-18T15:17:22.450Z] 1  |  import { jsxDEV } from "react/jsx-dev-runtime";
[2026-04-18T15:17:22.451Z] |                          ^
[2026-04-18T15:17:22.451Z] 2  |  import { Slot } from "@radix-ui/react-slot";
[2026-04-18T15:17:22.452Z] 3  |  import { cva } from "class-variance-authority";
[2026-04-18T15:17:22.452Z] 11:17:22 AM [vite] (client) Pre-transform error: Failed to resolve import "react/jsx-dev-runtime" from "client/src/components/ui/button.tsx". Does the file exist?
[2026-04-18T15:17:22.453Z] Plugin: vite:import-analysis
[2026-04-18T15:17:22.454Z] File: /home/ubuntu/viaoceanica-ai/client/src/components/ui/button.tsx:52:4
[2026-04-18T15:17:22.454Z] 1  |  import { jsxDEV } from "react/jsx-dev-runtime";
[2026-04-18T15:17:22.455Z] |                          ^
[2026-04-18T15:17:22.455Z] 2  |  import { Slot } from "@radix-ui/react-slot";
[2026-04-18T15:17:22.455Z] 3  |  import { cva } from "class-variance-authority";
[2026-04-18T15:17:22.456Z] 11:17:22 AM [vite] (client) Pre-transform error: Failed to resolve import "react/jsx-dev-runtime" from "client/src/components/ui/button.tsx". Does the file exist?
[2026-04-18T15:17:22.456Z] Plugin: vite:import-analysis
[2026-04-18T15:17:22.456Z] File: /home/ubuntu/viaoceanica-ai/client/src/components/ui/button.tsx:52:4
[2026-04-18T15:17:22.457Z] 1  |  import { jsxDEV } from "react/jsx-dev-runtime";
[2026-04-18T15:17:22.457Z] |                          ^
[2026-04-18T15:17:22.457Z] 2  |  import { Slot } from "@radix-ui/react-slot";
[2026-04-18T15:17:22.458Z] 3  |  import { cva } from "class-variance-authority";
[2026-04-18T15:17:22.458Z] 11:17:22 AM [vite] (client) Pre-transform error: Failed to resolve import "react/jsx-dev-runtime" from "client/src/components/ui/button.tsx". Does the file exist?
[2026-04-18T15:17:22.458Z] Plugin: vite:import-analysis
[2026-04-18T15:17:22.458Z] File: /home/ubuntu/viaoceanica-ai/client/src/components/ui/button.tsx:52:4
[2026-04-18T15:17:22.459Z] 1  |  import { jsxDEV } from "react/jsx-dev-runtime";
[2026-04-18T15:17:22.459Z] |                          ^
[2026-04-18T15:17:22.459Z] 2  |  import { Slot } from "@radix-ui/react-slot";
[2026-04-18T15:17:22.460Z] 3  |  import { cva } from "class-variance-authority";
[2026-04-18T15:17:22.460Z] 11:17:22 AM [vite] (client) Pre-transform error: Failed to resolve import "react/jsx-dev-runtime" from "client/src/components/ui/avatar.tsx". Does the file exist?
[2026-04-18T15:17:22.460Z] Plugin: vite:import-analysis
[2026-04-18T15:17:22.460Z] File: /home/ubuntu/viaoceanica-ai/client/src/components/ui/avatar.tsx:11:4
[2026-04-18T15:17:22.461Z] 1  |  import { jsxDEV } from "react/jsx-dev-runtime";
[2026-04-18T15:17:22.461Z] |                          ^
[2026-04-18T15:17:22.461Z] 2  |  import * as AvatarPrimitive from "@radix-ui/react-avatar";
[2026-04-18T15:17:22.462Z] 3  |  import { cn } from "@/lib/utils";
[2026-04-18T15:17:22.462Z] 11:17:22 AM [vite] (client) Pre-transform error: Failed to resolve import "clsx" from "client/src/lib/utils.ts". Does the file exist?
[2026-04-18T15:17:22.462Z] Plugin: vite:import-analysis
[2026-04-18T15:17:22.462Z] File: /home/ubuntu/viaoceanica-ai/client/src/lib/utils.ts:1:38
[2026-04-18T15:17:22.462Z] 1  |  import { clsx } from "clsx";
[2026-04-18T15:17:22.463Z] |                        ^
[2026-04-18T15:17:22.463Z] 2  |  import { twMerge } from "tailwind-merge";
[2026-04-18T15:17:22.463Z] 3  |  export function cn(...inputs) {
[2026-04-18T15:17:22.464Z] 11:17:22 AM [vite] (client) Pre-transform error: Failed to resolve import "react/jsx-dev-runtime" from "client/src/components/DashboardLayoutSkeleton.tsx". Does the file exist?
[2026-04-18T15:17:22.464Z] Plugin: vite:import-analysis
[2026-04-18T15:17:22.464Z] File: /home/ubuntu/viaoceanica-ai/client/src/components/DashboardLayoutSkeleton.tsx:10:10
[2026-04-18T15:17:22.464Z] 1  |  import { jsxDEV } from "react/jsx-dev-runtime";
[2026-04-18T15:17:22.464Z] |                          ^
[2026-04-18T15:17:22.465Z] 2  |  import { Skeleton } from "./ui/skeleton";
[2026-04-18T15:17:22.465Z] 3  |  export function DashboardLayoutSkeleton() {
[2026-04-18T15:17:22.465Z] 11:17:22 AM [vite] (client) Pre-transform error: Failed to resolve import "react" from "client/src/_core/hooks/useAuth.ts". Does the file exist?
[2026-04-18T15:17:22.465Z] Plugin: vite:import-analysis
[2026-04-18T15:17:22.465Z] File: /home/ubuntu/viaoceanica-ai/client/src/_core/hooks/useAuth.ts:1:58
[2026-04-18T15:17:22.466Z] 1  |  import { useCallback, useEffect, useMemo, useState } from "react";
[2026-04-18T15:17:22.466Z] |                                                             ^
[2026-04-18T15:17:22.466Z] 2  |  export function useAuth() {
[2026-04-18T15:17:22.466Z] 3  |    const [user, setUser] = useState(null);
[2026-04-18T15:17:22.467Z] 11:17:22 AM [vite] (client) Pre-transform error: Failed to resolve import "react/jsx-dev-runtime" from "client/src/components/ui/button.tsx". Does the file exist?
[2026-04-18T15:17:22.467Z] Plugin: vite:import-analysis
[2026-04-18T15:17:22.467Z] File: /home/ubuntu/viaoceanica-ai/client/src/components/ui/button.tsx:52:4
[2026-04-18T15:17:22.468Z] 1  |  import { jsxDEV } from "react/jsx-dev-runtime";
[2026-04-18T15:17:22.468Z] |                          ^
[2026-04-18T15:17:22.468Z] 2  |  import { Slot } from "@radix-ui/react-slot";
[2026-04-18T15:17:22.468Z] 3  |  import { cva } from "class-variance-authority";
[2026-04-18T15:17:22.469Z] 11:17:22 AM [vite] (client) Pre-transform error: Failed to resolve import "react/jsx-dev-runtime" from "client/src/components/ui/avatar.tsx". Does the file exist?
[2026-04-18T15:17:22.469Z] Plugin: vite:import-analysis
[2026-04-18T15:17:22.469Z] File: /home/ubuntu/viaoceanica-ai/client/src/components/ui/avatar.tsx:11:4
[2026-04-18T15:17:22.470Z] 1  |  import { jsxDEV } from "react/jsx-dev-runtime";
[2026-04-18T15:17:22.470Z] |                          ^
[2026-04-18T15:17:22.470Z] 2  |  import * as AvatarPrimitive from "@radix-ui/react-avatar";
[2026-04-18T15:17:22.470Z] 3  |  import { cn } from "@/lib/utils";
[2026-04-18T15:17:22.471Z] 11:17:22 AM [vite] (client) Pre-transform error: Failed to resolve import "react/jsx-dev-runtime" from "client/src/components/ui/dropdown-menu.tsx". Does the file exist?
[2026-04-18T15:17:22.471Z] Plugin: vite:import-analysis
[2026-04-18T15:17:22.471Z] File: /home/ubuntu/viaoceanica-ai/client/src/components/ui/dropdown-menu.tsx:10:9
[2026-04-18T15:17:22.471Z] 1  |  import { jsxDEV } from "react/jsx-dev-runtime";
[2026-04-18T15:17:22.472Z] |                          ^
[2026-04-18T15:17:22.472Z] 2  |  import * as DropdownMenuPrimitive from "@radix-ui/react-dropdown-menu";
[2026-04-18T15:17:22.472Z] 3  |  import { CheckIcon, ChevronRightIcon, CircleIcon } from "lucide-react";
[2026-04-18T15:17:22.473Z] 11:17:22 AM [vite] (client) Pre-transform error: Failed to resolve import "react/jsx-dev-runtime" from "client/src/components/ui/dropdown-menu.tsx". Does the file exist?
[2026-04-18T15:17:22.473Z] Plugin: vite:import-analysis
[2026-04-18T15:17:22.474Z] File: /home/ubuntu/viaoceanica-ai/client/src/components/ui/dropdown-menu.tsx:10:9
[2026-04-18T15:17:22.474Z] 1  |  import { jsxDEV } from "react/jsx-dev-runtime";
[2026-04-18T15:17:22.474Z] |                          ^
[2026-04-18T15:17:22.475Z] 2  |  import * as DropdownMenuPrimitive from "@radix-ui/react-dropdown-menu";
[2026-04-18T15:17:22.475Z] 3  |  import { CheckIcon, ChevronRightIcon, CircleIcon } from "lucide-react";
[2026-04-18T15:17:22.475Z] 11:17:22 AM [vite] (client) Pre-transform error: Failed to resolve import "react/jsx-dev-runtime" from "client/src/components/ui/collapsible.tsx". Does the file exist?
[2026-04-18T15:17:22.476Z] Plugin: vite:import-analysis
[2026-04-18T15:17:22.476Z] File: /home/ubuntu/viaoceanica-ai/client/src/components/ui/collapsible.tsx:6:9
[2026-04-18T15:17:22.476Z] 1  |  import { jsxDEV } from "react/jsx-dev-runtime";
[2026-04-18T15:17:22.477Z] |                          ^
[2026-04-18T15:17:22.477Z] 2  |  import * as CollapsiblePrimitive from "@radix-ui/react-collapsible";
[2026-04-18T15:17:22.477Z] 3  |  function Collapsible({
[2026-04-18T15:17:22.478Z] 11:17:22 AM [vite] (client) Pre-transform error: Failed to resolve import "react" from "client/src/hooks/useApi.ts". Does the file exist?
[2026-04-18T15:17:22.478Z] Plugin: vite:import-analysis
[2026-04-18T15:17:22.478Z] File: /home/ubuntu/viaoceanica-ai/client/src/hooks/useApi.ts:12:57
[2026-04-18T15:17:22.478Z] 1  |  import { useState, useEffect, useCallback, useRef } from "react";
[2026-04-18T15:17:22.479Z] |                                                            ^
[2026-04-18T15:17:22.479Z] 2  |  async function apiFetch(path, init) {
[2026-04-18T15:17:22.479Z] 3  |    const res = await fetch(path, {
[2026-04-18T15:17:22.480Z] 11:17:22 AM [vite] (client) Pre-transform error: Failed to resolve import "react" from "client/src/hooks/useApi.ts". Does the file exist?
[2026-04-18T15:17:22.480Z] Plugin: vite:import-analysis
[2026-04-18T15:17:22.480Z] File: /home/ubuntu/viaoceanica-ai/client/src/hooks/useApi.ts:12:57
[2026-04-18T15:17:22.480Z] 1  |  import { useState, useEffect, useCallback, useRef } from "react";
[2026-04-18T15:17:22.480Z] |                                                            ^
[2026-04-18T15:17:22.481Z] 2  |  async function apiFetch(path, init) {
[2026-04-18T15:17:22.481Z] 3  |    const res = await fetch(path, {
[2026-04-18T15:17:22.481Z] 11:17:22 AM [vite] (client) Pre-transform error: Failed to resolve import "react" from "client/src/hooks/useApi.ts". Does the file exist?
[2026-04-18T15:17:22.482Z] Plugin: vite:import-analysis
[2026-04-18T15:17:22.482Z] File: /home/ubuntu/viaoceanica-ai/client/src/hooks/useApi.ts:12:57
[2026-04-18T15:17:22.482Z] 1  |  import { useState, useEffect, useCallback, useRef } from "react";
[2026-04-18T15:17:22.483Z] |                                                            ^
[2026-04-18T15:17:22.483Z] 2  |  async function apiFetch(path, init) {
[2026-04-18T15:17:22.483Z] 3  |    const res = await fetch(path, {
[2026-04-18T15:17:22.484Z] 11:17:22 AM [vite] (client) Pre-transform error: Failed to resolve import "react" from "client/src/hooks/useApi.ts". Does the file exist?
[2026-04-18T15:17:22.484Z] Plugin: vite:import-analysis
[2026-04-18T15:17:22.485Z] File: /home/ubuntu/viaoceanica-ai/client/src/hooks/useApi.ts:12:57
[2026-04-18T15:17:22.485Z] 1  |  import { useState, useEffect, useCallback, useRef } from "react";
[2026-04-18T15:17:22.485Z] |                                                            ^
[2026-04-18T15:17:22.486Z] 2  |  async function apiFetch(path, init) {
[2026-04-18T15:17:22.486Z] 3  |    const res = await fetch(path, {
[2026-04-18T15:17:22.486Z] 11:17:22 AM [vite] (client) Pre-transform error: Failed to resolve import "react" from "client/src/hooks/useApi.ts". Does the file exist?
[2026-04-18T15:17:22.487Z] Plugin: vite:import-analysis
[2026-04-18T15:17:22.487Z] File: /home/ubuntu/viaoceanica-ai/client/src/hooks/useApi.ts:12:57
[2026-04-18T15:17:22.487Z] 1  |  import { useState, useEffect, useCallback, useRef } from "react";
[2026-04-18T15:17:22.488Z] |                                                            ^
[2026-04-18T15:17:22.488Z] 2  |  async function apiFetch(path, init) {
[2026-04-18T15:17:22.488Z] 3  |    const res = await fetch(path, {
[2026-04-18T15:17:22.489Z] 11:17:22 AM [vite] (client) Pre-transform error: Failed to resolve import "react" from "client/src/hooks/useApi.ts". Does the file exist?
[2026-04-18T15:17:22.489Z] Plugin: vite:import-analysis
[2026-04-18T15:17:22.490Z] File: /home/ubuntu/viaoceanica-ai/client/src/hooks/useApi.ts:12:57
[2026-04-18T15:17:22.490Z] 1  |  import { useState, useEffect, useCallback, useRef } from "react";
[2026-04-18T15:17:22.490Z] |                                                            ^
[2026-04-18T15:17:22.490Z] 2  |  async function apiFetch(path, init) {
[2026-04-18T15:17:22.491Z] 3  |    const res = await fetch(path, {
[2026-04-18T15:17:22.491Z] 11:17:22 AM [vite] (client) Pre-transform error: Failed to resolve import "react" from "client/src/hooks/useApi.ts". Does the file exist?
[2026-04-18T15:17:22.491Z] Plugin: vite:import-analysis
[2026-04-18T15:17:22.492Z] File: /home/ubuntu/viaoceanica-ai/client/src/hooks/useApi.ts:12:57
[2026-04-18T15:17:22.492Z] 1  |  import { useState, useEffect, useCallback, useRef } from "react";
[2026-04-18T15:17:22.492Z] |                                                            ^
[2026-04-18T15:17:22.493Z] 2  |  async function apiFetch(path, init) {
[2026-04-18T15:17:22.493Z] 3  |    const res = await fetch(path, {
[2026-04-18T15:17:22.493Z] 11:17:22 AM [vite] (client) Pre-transform error: Failed to resolve import "react" from "client/src/hooks/useApi.ts". Does the file exist?
[2026-04-18T15:17:22.494Z] Plugin: vite:import-analysis
[2026-04-18T15:17:22.494Z] File: /home/ubuntu/viaoceanica-ai/client/src/hooks/useApi.ts:12:57
[2026-04-18T15:17:22.495Z] 1  |  import { useState, useEffect, useCallback, useRef } from "react";
[2026-04-18T15:17:22.495Z] |                                                            ^
[2026-04-18T15:17:22.495Z] 2  |  async function apiFetch(path, init) {
[2026-04-18T15:17:22.496Z] 3  |    const res = await fetch(path, {
[2026-04-18T15:17:22.496Z] 11:17:22 AM [vite] (client) Pre-transform error: Failed to resolve import "react" from "client/src/hooks/useApi.ts". Does the file exist?
[2026-04-18T15:17:22.496Z] Plugin: vite:import-analysis
[2026-04-18T15:17:22.496Z] File: /home/ubuntu/viaoceanica-ai/client/src/hooks/useApi.ts:12:57
[2026-04-18T15:17:22.496Z] 1  |  import { useState, useEffect, useCallback, useRef } from "react";
[2026-04-18T15:17:22.497Z] |                                                            ^
[2026-04-18T15:17:22.497Z] 2  |  async function apiFetch(path, init) {
[2026-04-18T15:17:22.497Z] 3  |    const res = await fetch(path, {
[2026-04-18T15:17:22.497Z] 11:17:22 AM [vite] (client) Pre-transform error: Failed to resolve import "react" from "client/src/hooks/useApi.ts". Does the file exist?
[2026-04-18T15:17:22.498Z] Plugin: vite:import-analysis
[2026-04-18T15:17:22.498Z] File: /home/ubuntu/viaoceanica-ai/client/src/hooks/useApi.ts:12:57
[2026-04-18T15:17:22.498Z] 1  |  import { useState, useEffect, useCallback, useRef } from "react";
[2026-04-18T15:17:22.498Z] |                                                            ^
[2026-04-18T15:17:22.498Z] 2  |  async function apiFetch(path, init) {
[2026-04-18T15:17:22.499Z] 3  |    const res = await fetch(path, {
[2026-04-18T15:17:22.499Z] 11:17:22 AM [vite] (client) Pre-transform error: Failed to resolve import "react/jsx-dev-runtime" from "client/src/components/ui/input.tsx". Does the file exist?
[2026-04-18T15:17:22.499Z] Plugin: vite:import-analysis
[2026-04-18T15:17:22.499Z] File: /home/ubuntu/viaoceanica-ai/client/src/components/ui/input.tsx:53:4
[2026-04-18T15:17:22.499Z] 1  |  import { jsxDEV } from "react/jsx-dev-runtime";
[2026-04-18T15:17:22.500Z] |                          ^
[2026-04-18T15:17:22.500Z] 2  |  var _s = $RefreshSig$();
[2026-04-18T15:17:22.500Z] 3  |  import { useDialogComposition } from "@/components/ui/dialog";
[2026-04-18T15:17:22.500Z] 11:17:22 AM [vite] (client) Pre-transform error: Failed to resolve import "react/jsx-dev-runtime" from "client/src/components/ui/input.tsx". Does the file exist?
[2026-04-18T15:17:22.500Z] Plugin: vite:import-analysis
[2026-04-18T15:17:22.501Z] File: /home/ubuntu/viaoceanica-ai/client/src/components/ui/input.tsx:53:4
[2026-04-18T15:17:22.501Z] 1  |  import { jsxDEV } from "react/jsx-dev-runtime";
[2026-04-18T15:17:22.501Z] |                          ^
[2026-04-18T15:17:22.501Z] 2  |  var _s = $RefreshSig$();
[2026-04-18T15:17:22.502Z] 3  |  import { useDialogComposition } from "@/components/ui/dialog";
[2026-04-18T15:17:22.502Z] 11:17:22 AM [vite] (client) Pre-transform error: Failed to resolve import "react/jsx-dev-runtime" from "client/src/components/ui/input.tsx". Does the file exist?
[2026-04-18T15:17:22.502Z] Plugin: vite:import-analysis
[2026-04-18T15:17:22.502Z] File: /home/ubuntu/viaoceanica-ai/client/src/components/ui/input.tsx:53:4
[2026-04-18T15:17:22.502Z] 1  |  import { jsxDEV } from "react/jsx-dev-runtime";
[2026-04-18T15:17:22.503Z] |                          ^
[2026-04-18T15:17:22.503Z] 2  |  var _s = $RefreshSig$();
[2026-04-18T15:17:22.503Z] 3  |  import { useDialogComposition } from "@/components/ui/dialog";
[2026-04-18T15:17:22.503Z] 11:17:22 AM [vite] (client) Pre-transform error: Failed to resolve import "react/jsx-dev-runtime" from "client/src/components/ui/input.tsx". Does the file exist?
[2026-04-18T15:17:22.503Z] Plugin: vite:import-analysis
[2026-04-18T15:17:22.504Z] File: /home/ubuntu/viaoceanica-ai/client/src/components/ui/input.tsx:53:4
[2026-04-18T15:17:22.504Z] 1  |  import { jsxDEV } from "react/jsx-dev-runtime";
[2026-04-18T15:17:22.504Z] |                          ^
[2026-04-18T15:17:22.504Z] 2  |  var _s = $RefreshSig$();
[2026-04-18T15:17:22.504Z] 3  |  import { useDialogComposition } from "@/components/ui/dialog";
[2026-04-18T15:17:22.504Z] 11:17:22 AM [vite] (client) Pre-transform error: Failed to resolve import "react/jsx-dev-runtime" from "client/src/components/ui/input.tsx". Does the file exist?
[2026-04-18T15:17:22.505Z] Plugin: vite:import-analysis
[2026-04-18T15:17:22.505Z] File: /home/ubuntu/viaoceanica-ai/client/src/components/ui/input.tsx:53:4
[2026-04-18T15:17:22.505Z] 1  |  import { jsxDEV } from "react/jsx-dev-runtime";
[2026-04-18T15:17:22.505Z] |                          ^
[2026-04-18T15:17:22.506Z] 2  |  var _s = $RefreshSig$();
[2026-04-18T15:17:22.506Z] 3  |  import { useDialogComposition } from "@/components/ui/dialog";
[2026-04-18T15:17:22.506Z] 11:17:22 AM [vite] (client) Pre-transform error: Failed to resolve import "react/jsx-dev-runtime" from "client/src/components/ui/input.tsx". Does the file exist?
[2026-04-18T15:17:22.506Z] Plugin: vite:import-analysis
[2026-04-18T15:17:22.506Z] File: /home/ubuntu/viaoceanica-ai/client/src/components/ui/input.tsx:53:4
[2026-04-18T15:17:22.507Z] 1  |  import { jsxDEV } from "react/jsx-dev-runtime";
[2026-04-18T15:17:22.507Z] |                          ^
[2026-04-18T15:17:22.507Z] 2  |  var _s = $RefreshSig$();
[2026-04-18T15:17:22.507Z] 3  |  import { useDialogComposition } from "@/components/ui/dialog";
[2026-04-18T15:17:22.507Z] 11:17:22 AM [vite] (client) Pre-transform error: Failed to resolve import "react/jsx-dev-runtime" from "client/src/components/ui/input.tsx". Does the file exist?
[2026-04-18T15:17:22.508Z] Plugin: vite:import-analysis
[2026-04-18T15:17:22.508Z] File: /home/ubuntu/viaoceanica-ai/client/src/components/ui/input.tsx:53:4
[2026-04-18T15:17:22.508Z] 1  |  import { jsxDEV } from "react/jsx-dev-runtime";
[2026-04-18T15:17:22.508Z] |                          ^
[2026-04-18T15:17:22.508Z] 2  |  var _s = $RefreshSig$();
[2026-04-18T15:17:22.508Z] 3  |  import { useDialogComposition } from "@/components/ui/dialog";
[2026-04-18T15:17:22.509Z] 11:17:22 AM [vite] (client) Pre-transform error: Failed to resolve import "react/jsx-dev-runtime" from "client/src/components/ui/input.tsx". Does the file exist?
[2026-04-18T15:17:22.509Z] Plugin: vite:import-analysis
[2026-04-18T15:17:22.509Z] File: /home/ubuntu/viaoceanica-ai/client/src/components/ui/input.tsx:53:4
[2026-04-18T15:17:22.509Z] 1  |  import { jsxDEV } from "react/jsx-dev-runtime";
[2026-04-18T15:17:22.510Z] |                          ^
[2026-04-18T15:17:22.510Z] 2  |  var _s = $RefreshSig$();
[2026-04-18T15:17:22.510Z] 3  |  import { useDialogComposition } from "@/components/ui/dialog";
[2026-04-18T15:17:22.510Z] 11:17:22 AM [vite] (client) Pre-transform error: Failed to resolve import "react/jsx-dev-runtime" from "client/src/components/ui/input.tsx". Does the file exist?
[2026-04-18T15:17:22.510Z] Plugin: vite:import-analysis
[2026-04-18T15:17:22.511Z] File: /home/ubuntu/viaoceanica-ai/client/src/components/ui/input.tsx:53:4
[2026-04-18T15:17:22.511Z] 1  |  import { jsxDEV } from "react/jsx-dev-runtime";
[2026-04-18T15:17:22.511Z] |                          ^
[2026-04-18T15:17:22.511Z] 2  |  var _s = $RefreshSig$();
[2026-04-18T15:17:22.511Z] 3  |  import { useDialogComposition } from "@/components/ui/dialog";
[2026-04-18T15:17:22.512Z] 11:17:22 AM [vite] (client) Pre-transform error: Failed to resolve import "react/jsx-dev-runtime" from "client/src/components/ui/input.tsx". Does the file exist?
[2026-04-18T15:17:22.512Z] Plugin: vite:import-analysis
[2026-04-18T15:17:22.512Z] File: /home/ubuntu/viaoceanica-ai/client/src/components/ui/input.tsx:53:4
[2026-04-18T15:17:22.512Z] 1  |  import { jsxDEV } from "react/jsx-dev-runtime";
[2026-04-18T15:17:22.512Z] |                          ^
[2026-04-18T15:17:22.513Z] 2  |  var _s = $RefreshSig$();
[2026-04-18T15:17:22.513Z] 3  |  import { useDialogComposition } from "@/components/ui/dialog";
[2026-04-18T15:17:22.513Z] 11:17:22 AM [vite] (client) Pre-transform error: Failed to resolve import "react/jsx-dev-runtime" from "client/src/components/ui/input.tsx". Does the file exist?
[2026-04-18T15:17:22.513Z] Plugin: vite:import-analysis
[2026-04-18T15:17:22.513Z] File: /home/ubuntu/viaoceanica-ai/client/src/components/ui/input.tsx:53:4
[2026-04-18T15:17:22.514Z] 1  |  import { jsxDEV } from "react/jsx-dev-runtime";
[2026-04-18T15:17:22.514Z] |                          ^
[2026-04-18T15:17:22.514Z] 2  |  var _s = $RefreshSig$();
[2026-04-18T15:17:22.514Z] 3  |  import { useDialogComposition } from "@/components/ui/dialog";
[2026-04-18T15:17:22.514Z] 11:17:22 AM [vite] (client) Pre-transform error: Failed to resolve import "react/jsx-dev-runtime" from "client/src/components/ui/input.tsx". Does the file exist?
[2026-04-18T15:17:22.514Z] Plugin: vite:import-analysis
[2026-04-18T15:17:22.515Z] File: /home/ubuntu/viaoceanica-ai/client/src/components/ui/input.tsx:53:4
[2026-04-18T15:17:22.515Z] 1  |  import { jsxDEV } from "react/jsx-dev-runtime";
[2026-04-18T15:17:22.515Z] |                          ^
[2026-04-18T15:17:22.515Z] 2  |  var _s = $RefreshSig$();
[2026-04-18T15:17:22.515Z] 3  |  import { useDialogComposition } from "@/components/ui/dialog";
[2026-04-18T15:17:22.516Z] 11:17:22 AM [vite] (client) Pre-transform error: Failed to resolve import "react/jsx-dev-runtime" from "client/src/components/ui/input.tsx". Does the file exist?
[2026-04-18T15:17:22.516Z] Plugin: vite:import-analysis
[2026-04-18T15:17:22.516Z] File: /home/ubuntu/viaoceanica-ai/client/src/components/ui/input.tsx:53:4
[2026-04-18T15:17:22.516Z] 1  |  import { jsxDEV } from "react/jsx-dev-runtime";
[2026-04-18T15:17:22.516Z] |                          ^
[2026-04-18T15:17:22.516Z] 2  |  var _s = $RefreshSig$();
[2026-04-18T15:17:22.517Z] 3  |  import { useDialogComposition } from "@/components/ui/dialog";
[2026-04-18T15:17:22.517Z] 11:17:22 AM [vite] (client) Pre-transform error: Failed to resolve import "react/jsx-dev-runtime" from "client/src/components/ui/label.tsx". Does the file exist?
[2026-04-18T15:17:22.517Z] Plugin: vite:import-analysis
[2026-04-18T15:17:22.517Z] File: /home/ubuntu/viaoceanica-ai/client/src/components/ui/label.tsx:11:4
[2026-04-18T15:17:22.517Z] 1  |  import { jsxDEV } from "react/jsx-dev-runtime";
[2026-04-18T15:17:22.518Z] |                          ^
[2026-04-18T15:17:22.518Z] 2  |  import * as LabelPrimitive from "@radix-ui/react-label";
[2026-04-18T15:17:22.518Z] 3  |  import { cn } from "@/lib/utils";
[2026-04-18T15:17:22.518Z] 11:17:22 AM [vite] (client) Pre-transform error: Failed to resolve import "react/jsx-dev-runtime" from "client/src/components/ui/label.tsx". Does the file exist?
[2026-04-18T15:17:22.518Z] Plugin: vite:import-analysis
[2026-04-18T15:17:22.519Z] File: /home/ubuntu/viaoceanica-ai/client/src/components/ui/label.tsx:11:4
[2026-04-18T15:17:22.519Z] 1  |  import { jsxDEV } from "react/jsx-dev-runtime";
[2026-04-18T15:17:22.519Z] |                          ^
[2026-04-18T15:17:22.519Z] 2  |  import * as LabelPrimitive from "@radix-ui/react-label";
[2026-04-18T15:17:22.519Z] 3  |  import { cn } from "@/lib/utils";
[2026-04-18T15:17:22.520Z] 11:17:22 AM [vite] (client) Pre-transform error: Failed to resolve import "react/jsx-dev-runtime" from "client/src/components/ui/label.tsx". Does the file exist?
[2026-04-18T15:17:22.520Z] Plugin: vite:import-analysis
[2026-04-18T15:17:22.520Z] File: /home/ubuntu/viaoceanica-ai/client/src/components/ui/label.tsx:11:4
[2026-04-18T15:17:22.520Z] 1  |  import { jsxDEV } from "react/jsx-dev-runtime";
[2026-04-18T15:17:22.520Z] |                          ^
[2026-04-18T15:17:22.521Z] 2  |  import * as LabelPrimitive from "@radix-ui/react-label";
[2026-04-18T15:17:22.521Z] 3  |  import { cn } from "@/lib/utils";
[2026-04-18T15:17:22.521Z] 11:17:22 AM [vite] (client) Pre-transform error: Failed to resolve import "react/jsx-dev-runtime" from "client/src/components/ui/label.tsx". Does the file exist?
[2026-04-18T15:17:22.521Z] Plugin: vite:import-analysis
[2026-04-18T15:17:22.521Z] File: /home/ubuntu/viaoceanica-ai/client/src/components/ui/label.tsx:11:4
[2026-04-18T15:17:22.522Z] 1  |  import { jsxDEV } from "react/jsx-dev-runtime";
[2026-04-18T15:17:22.522Z] |                          ^
[2026-04-18T15:17:22.522Z] 2  |  import * as LabelPrimitive from "@radix-ui/react-label";
[2026-04-18T15:17:22.522Z] 3  |  import { cn } from "@/lib/utils";
[2026-04-18T15:17:22.522Z] 11:17:22 AM [vite] (client) Pre-transform error: Failed to resolve import "react/jsx-dev-runtime" from "client/src/components/ui/label.tsx". Does the file exist?
[2026-04-18T15:17:22.522Z] Plugin: vite:import-analysis
[2026-04-18T15:17:22.523Z] File: /home/ubuntu/viaoceanica-ai/client/src/components/ui/label.tsx:11:4
[2026-04-18T15:17:22.523Z] 1  |  import { jsxDEV } from "react/jsx-dev-runtime";
[2026-04-18T15:17:22.523Z] |                          ^
[2026-04-18T15:17:22.523Z] 2  |  import * as LabelPrimitive from "@radix-ui/react-label";
[2026-04-18T15:17:22.524Z] 3  |  import { cn } from "@/lib/utils";
[2026-04-18T15:17:22.524Z] 11:17:22 AM [vite] (client) Pre-transform error: Failed to resolve import "react/jsx-dev-runtime" from "client/src/components/ui/label.tsx". Does the file exist?
[2026-04-18T15:17:22.524Z] Plugin: vite:import-analysis
[2026-04-18T15:17:22.524Z] File: /home/ubuntu/viaoceanica-ai/client/src/components/ui/label.tsx:11:4
[2026-04-18T15:17:22.525Z] 1  |  import { jsxDEV } from "react/jsx-dev-runtime";
[2026-04-18T15:17:22.525Z] |                          ^
[2026-04-18T15:17:22.525Z] 2  |  import * as LabelPrimitive from "@radix-ui/react-label";
[2026-04-18T15:17:22.525Z] 3  |  import { cn } from "@/lib/utils";
[2026-04-18T15:17:22.525Z] 11:17:22 AM [vite] (client) Pre-transform error: Failed to resolve import "react/jsx-dev-runtime" from "client/src/components/ui/label.tsx". Does the file exist?
[2026-04-18T15:17:22.526Z] Plugin: vite:import-analysis
[2026-04-18T15:17:22.526Z] File: /home/ubuntu/viaoceanica-ai/client/src/components/ui/label.tsx:11:4
[2026-04-18T15:17:22.526Z] 1  |  import { jsxDEV } from "react/jsx-dev-runtime";
[2026-04-18T15:17:22.526Z] |                          ^
[2026-04-18T15:17:22.526Z] 2  |  import * as LabelPrimitive from "@radix-ui/react-label";
[2026-04-18T15:17:22.527Z] 3  |  import { cn } from "@/lib/utils";
[2026-04-18T15:17:22.527Z] 11:17:22 AM [vite] (client) Pre-transform error: Failed to resolve import "react/jsx-dev-runtime" from "client/src/components/ui/label.tsx". Does the file exist?
[2026-04-18T15:17:22.527Z] Plugin: vite:import-analysis
[2026-04-18T15:17:22.527Z] File: /home/ubuntu/viaoceanica-ai/client/src/components/ui/label.tsx:11:4
[2026-04-18T15:17:22.527Z] 1  |  import { jsxDEV } from "react/jsx-dev-runtime";
[2026-04-18T15:17:22.528Z] |                          ^
[2026-04-18T15:17:22.528Z] 2  |  import * as LabelPrimitive from "@radix-ui/react-label";
[2026-04-18T15:17:22.528Z] 3  |  import { cn } from "@/lib/utils";
[2026-04-18T15:17:22.529Z] 11:17:22 AM [vite] (client) Pre-transform error: Failed to resolve import "react/jsx-dev-runtime" from "client/src/components/ui/label.tsx". Does the file exist?
[2026-04-18T15:17:22.529Z] Plugin: vite:import-analysis
[2026-04-18T15:17:22.529Z] File: /home/ubuntu/viaoceanica-ai/client/src/components/ui/label.tsx:11:4
[2026-04-18T15:17:22.529Z] 1  |  import { jsxDEV } from "react/jsx-dev-runtime";
[2026-04-18T15:17:22.529Z] |                          ^
[2026-04-18T15:17:22.529Z] 2  |  import * as LabelPrimitive from "@radix-ui/react-label";
[2026-04-18T15:17:22.530Z] 3  |  import { cn } from "@/lib/utils";
[2026-04-18T15:17:22.530Z] 11:17:22 AM [vite] (client) Pre-transform error: Failed to resolve import "react/jsx-dev-runtime" from "client/src/components/ui/label.tsx". Does the file exist?
[2026-04-18T15:17:22.530Z] Plugin: vite:import-analysis
[2026-04-18T15:17:22.530Z] File: /home/ubuntu/viaoceanica-ai/client/src/components/ui/label.tsx:11:4
[2026-04-18T15:17:22.530Z] 1  |  import { jsxDEV } from "react/jsx-dev-runtime";
[2026-04-18T15:17:22.530Z] |                          ^
[2026-04-18T15:17:22.531Z] 2  |  import * as LabelPrimitive from "@radix-ui/react-label";
[2026-04-18T15:17:22.531Z] 3  |  import { cn } from "@/lib/utils";
[2026-04-18T15:17:22.531Z] 11:17:22 AM [vite] (client) Pre-transform error: Failed to resolve import "react/jsx-dev-runtime" from "client/src/components/ui/label.tsx". Does the file exist?
[2026-04-18T15:17:22.531Z] Plugin: vite:import-analysis
[2026-04-18T15:17:22.531Z] File: /home/ubuntu/viaoceanica-ai/client/src/components/ui/label.tsx:11:4
[2026-04-18T15:17:22.532Z] 1  |  import { jsxDEV } from "react/jsx-dev-runtime";
[2026-04-18T15:17:22.532Z] |                          ^
[2026-04-18T15:17:22.532Z] 2  |  import * as LabelPrimitive from "@radix-ui/react-label";
[2026-04-18T15:17:22.532Z] 3  |  import { cn } from "@/lib/utils";
[2026-04-18T15:17:22.532Z] 11:17:22 AM [vite] (client) Pre-transform error: Failed to resolve import "react/jsx-dev-runtime" from "client/src/components/ui/label.tsx". Does the file exist?
[2026-04-18T15:17:22.533Z] Plugin: vite:import-analysis
[2026-04-18T15:17:22.533Z] File: /home/ubuntu/viaoceanica-ai/client/src/components/ui/label.tsx:11:4
[2026-04-18T15:17:22.533Z] 1  |  import { jsxDEV } from "react/jsx-dev-runtime";
[2026-04-18T15:17:22.533Z] |                          ^
[2026-04-18T15:17:22.533Z] 2  |  import * as LabelPrimitive from "@radix-ui/react-label";
[2026-04-18T15:17:22.534Z] 3  |  import { cn } from "@/lib/utils";
[2026-04-18T15:17:22.534Z] 11:17:22 AM [vite] (client) Pre-transform error: Failed to resolve import "react/jsx-dev-runtime" from "client/src/components/ui/skeleton.tsx". Does the file exist?
[2026-04-18T15:17:22.534Z] Plugin: vite:import-analysis
[2026-04-18T15:17:22.534Z] File: /home/ubuntu/viaoceanica-ai/client/src/components/ui/skeleton.tsx:5:4
[2026-04-18T15:17:22.534Z] 1  |  import { jsxDEV } from "react/jsx-dev-runtime";
[2026-04-18T15:17:22.535Z] |                          ^
[2026-04-18T15:17:22.535Z] 2  |  import { cn } from "@/lib/utils";
[2026-04-18T15:17:22.535Z] 3  |  function Skeleton({ className, ...props }) {
[2026-04-18T15:17:22.535Z] 11:17:22 AM [vite] (client) Pre-transform error: Failed to resolve import "react/jsx-dev-runtime" from "client/src/components/ui/skeleton.tsx". Does the file exist?
[2026-04-18T15:17:22.535Z] Plugin: vite:import-analysis
[2026-04-18T15:17:22.536Z] File: /home/ubuntu/viaoceanica-ai/client/src/components/ui/skeleton.tsx:5:4
[2026-04-18T15:17:22.536Z] 1  |  import { jsxDEV } from "react/jsx-dev-runtime";
[2026-04-18T15:17:22.536Z] |                          ^
[2026-04-18T15:17:22.536Z] 2  |  import { cn } from "@/lib/utils";
[2026-04-18T15:17:22.536Z] 3  |  function Skeleton({ className, ...props }) {
[2026-04-18T15:17:22.537Z] 11:17:22 AM [vite] (client) Pre-transform error: Failed to resolve import "react/jsx-dev-runtime" from "client/src/components/ui/skeleton.tsx". Does the file exist?
[2026-04-18T15:17:22.537Z] Plugin: vite:import-analysis
[2026-04-18T15:17:22.537Z] File: /home/ubuntu/viaoceanica-ai/client/src/components/ui/skeleton.tsx:5:4
[2026-04-18T15:17:22.537Z] 1  |  import { jsxDEV } from "react/jsx-dev-runtime";
[2026-04-18T15:17:22.537Z] |                          ^
[2026-04-18T15:17:22.537Z] 2  |  import { cn } from "@/lib/utils";
[2026-04-18T15:17:22.538Z] 3  |  function Skeleton({ className, ...props }) {
[2026-04-18T15:17:22.538Z] 11:17:22 AM [vite] (client) Pre-transform error: Failed to resolve import "react/jsx-dev-runtime" from "client/src/components/ui/skeleton.tsx". Does the file exist?
[2026-04-18T15:17:22.538Z] Plugin: vite:import-analysis
[2026-04-18T15:17:22.538Z] File: /home/ubuntu/viaoceanica-ai/client/src/components/ui/skeleton.tsx:5:4
[2026-04-18T15:17:22.538Z] 1  |  import { jsxDEV } from "react/jsx-dev-runtime";
[2026-04-18T15:17:22.538Z] |                          ^
[2026-04-18T15:17:22.539Z] 2  |  import { cn } from "@/lib/utils";
[2026-04-18T15:17:22.539Z] 3  |  function Skeleton({ className, ...props }) {
[2026-04-18T15:17:22.539Z] 11:17:22 AM [vite] (client) Pre-transform error: Failed to resolve import "react/jsx-dev-runtime" from "client/src/components/ui/skeleton.tsx". Does the file exist?
[2026-04-18T15:17:22.539Z] Plugin: vite:import-analysis
[2026-04-18T15:17:22.539Z] File: /home/ubuntu/viaoceanica-ai/client/src/components/ui/skeleton.tsx:5:4
[2026-04-18T15:17:22.540Z] 1  |  import { jsxDEV } from "react/jsx-dev-runtime";
[2026-04-18T15:17:22.540Z] |                          ^
[2026-04-18T15:17:22.540Z] 2  |  import { cn } from "@/lib/utils";
[2026-04-18T15:17:22.540Z] 3  |  function Skeleton({ className, ...props }) {
[2026-04-18T15:17:22.540Z] 11:17:22 AM [vite] (client) Pre-transform error: Failed to resolve import "react/jsx-dev-runtime" from "client/src/components/ui/skeleton.tsx". Does the file exist?
[2026-04-18T15:17:22.541Z] Plugin: vite:import-analysis
[2026-04-18T15:17:22.541Z] File: /home/ubuntu/viaoceanica-ai/client/src/components/ui/skeleton.tsx:5:4
[2026-04-18T15:17:22.541Z] 1  |  import { jsxDEV } from "react/jsx-dev-runtime";
[2026-04-18T15:17:22.541Z] |                          ^
[2026-04-18T15:17:22.541Z] 2  |  import { cn } from "@/lib/utils";
[2026-04-18T15:17:22.541Z] 3  |  function Skeleton({ className, ...props }) {
[2026-04-18T15:17:22.542Z] 11:17:22 AM [vite] (client) Pre-transform error: Failed to resolve import "react/jsx-dev-runtime" from "client/src/components/ui/skeleton.tsx". Does the file exist?
[2026-04-18T15:17:22.542Z] Plugin: vite:import-analysis
[2026-04-18T15:17:22.542Z] File: /home/ubuntu/viaoceanica-ai/client/src/components/ui/skeleton.tsx:5:4
[2026-04-18T15:17:22.542Z] 1  |  import { jsxDEV } from "react/jsx-dev-runtime";
[2026-04-18T15:17:22.543Z] |                          ^
[2026-04-18T15:17:22.543Z] 2  |  import { cn } from "@/lib/utils";
[2026-04-18T15:17:22.543Z] 3  |  function Skeleton({ className, ...props }) {
[2026-04-18T15:17:22.543Z] 11:17:22 AM [vite] (client) Pre-transform error: Failed to resolve import "react/jsx-dev-runtime" from "client/src/components/ui/skeleton.tsx". Does the file exist?
[2026-04-18T15:17:22.543Z] Plugin: vite:import-analysis
[2026-04-18T15:17:22.544Z] File: /home/ubuntu/viaoceanica-ai/client/src/components/ui/skeleton.tsx:5:4
[2026-04-18T15:17:22.544Z] 1  |  import { jsxDEV } from "react/jsx-dev-runtime";
[2026-04-18T15:17:22.544Z] |                          ^
[2026-04-18T15:17:22.544Z] 2  |  import { cn } from "@/lib/utils";
[2026-04-18T15:17:22.544Z] 3  |  function Skeleton({ className, ...props }) {
[2026-04-18T15:17:22.544Z] 11:17:22 AM [vite] (client) Pre-transform error: Failed to resolve import "react/jsx-dev-runtime" from "client/src/components/ui/skeleton.tsx". Does the file exist?
[2026-04-18T15:17:22.545Z] Plugin: vite:import-analysis
[2026-04-18T15:17:22.545Z] File: /home/ubuntu/viaoceanica-ai/client/src/components/ui/skeleton.tsx:5:4
[2026-04-18T15:17:22.545Z] 1  |  import { jsxDEV } from "react/jsx-dev-runtime";
[2026-04-18T15:17:22.545Z] |                          ^
[2026-04-18T15:17:22.545Z] 2  |  import { cn } from "@/lib/utils";
[2026-04-18T15:17:22.546Z] 3  |  function Skeleton({ className, ...props }) {
[2026-04-18T15:17:22.546Z] 11:17:22 AM [vite] (client) Pre-transform error: Failed to resolve import "react/jsx-dev-runtime" from "client/src/components/ui/skeleton.tsx". Does the file exist?
[2026-04-18T15:17:22.546Z] Plugin: vite:import-analysis
[2026-04-18T15:17:22.546Z] File: /home/ubuntu/viaoceanica-ai/client/src/components/ui/skeleton.tsx:5:4
[2026-04-18T15:17:22.546Z] 1  |  import { jsxDEV } from "react/jsx-dev-runtime";
[2026-04-18T15:17:22.546Z] |                          ^
[2026-04-18T15:17:22.547Z] 2  |  import { cn } from "@/lib/utils";
[2026-04-18T15:17:22.547Z] 3  |  function Skeleton({ className, ...props }) {
[2026-04-18T15:17:22.547Z] 11:17:22 AM [vite] (client) Pre-transform error: Failed to resolve import "react/jsx-dev-runtime" from "client/src/components/ui/skeleton.tsx". Does the file exist?
[2026-04-18T15:17:22.547Z] Plugin: vite:import-analysis
[2026-04-18T15:17:22.547Z] File: /home/ubuntu/viaoceanica-ai/client/src/components/ui/skeleton.tsx:5:4
[2026-04-18T15:17:22.548Z] 1  |  import { jsxDEV } from "react/jsx-dev-runtime";
[2026-04-18T15:17:22.548Z] |                          ^
[2026-04-18T15:17:22.548Z] 2  |  import { cn } from "@/lib/utils";
[2026-04-18T15:17:22.548Z] 3  |  function Skeleton({ className, ...props }) {
[2026-04-18T15:17:22.548Z] 11:17:22 AM [vite] (client) Pre-transform error: Failed to resolve import "react/jsx-dev-runtime" from "client/src/components/ui/skeleton.tsx". Does the file exist?
[2026-04-18T15:17:22.549Z] Plugin: vite:import-analysis
[2026-04-18T15:17:22.549Z] File: /home/ubuntu/viaoceanica-ai/client/src/components/ui/skeleton.tsx:5:4
[2026-04-18T15:17:22.549Z] 1  |  import { jsxDEV } from "react/jsx-dev-runtime";
[2026-04-18T15:17:22.549Z] |                          ^
[2026-04-18T15:17:22.549Z] 2  |  import { cn } from "@/lib/utils";
[2026-04-18T15:17:22.550Z] 3  |  function Skeleton({ className, ...props }) {
[2026-04-18T15:17:22.550Z] 11:17:22 AM [vite] (client) Pre-transform error: Failed to resolve import "react/jsx-dev-runtime" from "client/src/components/ui/skeleton.tsx". Does the file exist?
[2026-04-18T15:17:22.550Z] Plugin: vite:import-analysis
[2026-04-18T15:17:22.550Z] File: /home/ubuntu/viaoceanica-ai/client/src/components/ui/skeleton.tsx:5:4
[2026-04-18T15:17:22.550Z] 1  |  import { jsxDEV } from "react/jsx-dev-runtime";
[2026-04-18T15:17:22.551Z] |                          ^
[2026-04-18T15:17:22.551Z] 2  |  import { cn } from "@/lib/utils";
[2026-04-18T15:17:22.551Z] 3  |  function Skeleton({ className, ...props }) {
[2026-04-18T15:17:22.551Z] 11:17:22 AM [vite] (client) Pre-transform error: Failed to resolve import "react/jsx-dev-runtime" from "client/src/components/ui/skeleton.tsx". Does the file exist?
[2026-04-18T15:17:22.551Z] Plugin: vite:import-analysis
[2026-04-18T15:17:22.552Z] File: /home/ubuntu/viaoceanica-ai/client/src/components/ui/skeleton.tsx:5:4
[2026-04-18T15:17:22.552Z] 1  |  import { jsxDEV } from "react/jsx-dev-runtime";
[2026-04-18T15:17:22.553Z] |                          ^
[2026-04-18T15:17:22.553Z] 2  |  import { cn } from "@/lib/utils";
[2026-04-18T15:17:22.554Z] 3  |  function Skeleton({ className, ...props }) {
[2026-04-18T15:17:22.554Z] 11:17:22 AM [vite] (client) Pre-transform error: Failed to resolve import "react/jsx-dev-runtime" from "client/src/components/ui/sidebar.tsx". Does the file exist?
[2026-04-18T15:17:22.554Z] Plugin: vite:import-analysis
[2026-04-18T15:17:22.555Z] File: /home/ubuntu/viaoceanica-ai/client/src/components/ui/sidebar.tsx:131:8
[2026-04-18T15:17:22.556Z] 1  |  "use client";
[2026-04-18T15:17:22.556Z] 2  |  import { jsxDEV } from "react/jsx-dev-runtime";
[2026-04-18T15:17:22.556Z] |                          ^
[2026-04-18T15:17:22.556Z] 3  |  var _s = $RefreshSig$(), _s2 = $RefreshSig$(), _s3 = $RefreshSig$(), _s4 = $RefreshSig$(), _s5 = $RefreshSig$(), _s6 ...
[2026-04-18T15:17:22.557Z] 4  |  import { Button } from "@/components/ui/button";
[2026-04-18T15:17:22.557Z] 11:17:22 AM [vite] (client) Pre-transform error: Failed to resolve import "react" from "client/src/hooks/useMobile.tsx". Does the file exist?
[2026-04-18T15:17:22.557Z] Plugin: vite:import-analysis
[2026-04-18T15:17:22.557Z] File: /home/ubuntu/viaoceanica-ai/client/src/hooks/useMobile.tsx:1:23
[2026-04-18T15:17:22.557Z] 1  |  var _s = $RefreshSig$();
[2026-04-18T15:17:22.558Z] 2  |  import * as React from "react";
[2026-04-18T15:17:22.558Z] |                          ^
[2026-04-18T15:17:22.558Z] 3  |  const MOBILE_BREAKPOINT = 768;
[2026-04-18T15:17:22.558Z] 4  |  export function useIsMobile() {
[2026-04-18T15:17:22.558Z] 11:17:22 AM [vite] (client) Pre-transform error: Failed to resolve import "react" from "client/src/hooks/useApi.ts". Does the file exist?
[2026-04-18T15:17:22.558Z] Plugin: vite:import-analysis
[2026-04-18T15:17:22.559Z] File: /home/ubuntu/viaoceanica-ai/client/src/hooks/useApi.ts:12:57
[2026-04-18T15:17:22.559Z] 1  |  import { useState, useEffect, useCallback, useRef } from "react";
[2026-04-18T15:17:22.559Z] |                                                            ^
[2026-04-18T15:17:22.559Z] 2  |  async function apiFetch(path, init) {
[2026-04-18T15:17:22.559Z] 3  |    const res = await fetch(path, {
[2026-04-18T15:17:22.560Z] 11:17:22 AM [vite] (client) Pre-transform error: Failed to resolve import "react/jsx-dev-runtime" from "client/src/components/ui/input.tsx". Does the file exist?
[2026-04-18T15:17:22.560Z] Plugin: vite:import-analysis
[2026-04-18T15:17:22.560Z] File: /home/ubuntu/viaoceanica-ai/client/src/components/ui/input.tsx:53:4
[2026-04-18T15:17:22.560Z] 1  |  import { jsxDEV } from "react/jsx-dev-runtime";
[2026-04-18T15:17:22.560Z] |                          ^
[2026-04-18T15:17:22.561Z] 2  |  var _s = $RefreshSig$();
[2026-04-18T15:17:22.561Z] 3  |  import { useDialogComposition } from "@/components/ui/dialog";
[2026-04-18T15:17:22.561Z] 11:17:22 AM [vite] (client) Pre-transform error: Failed to resolve import "react/jsx-dev-runtime" from "client/src/components/ui/label.tsx". Does the file exist?
[2026-04-18T15:17:22.561Z] Plugin: vite:import-analysis
[2026-04-18T15:17:22.561Z] File: /home/ubuntu/viaoceanica-ai/client/src/components/ui/label.tsx:11:4
[2026-04-18T15:17:22.562Z] 1  |  import { jsxDEV } from "react/jsx-dev-runtime";
[2026-04-18T15:17:22.562Z] |                          ^
[2026-04-18T15:17:22.562Z] 2  |  import * as LabelPrimitive from "@radix-ui/react-label";
[2026-04-18T15:17:22.562Z] 3  |  import { cn } from "@/lib/utils";
[2026-04-18T15:17:22.562Z] 11:17:22 AM [vite] (client) Pre-transform error: Failed to resolve import "react/jsx-dev-runtime" from "client/src/components/ui/skeleton.tsx". Does the file exist?
[2026-04-18T15:17:22.563Z] Plugin: vite:import-analysis
[2026-04-18T15:17:22.563Z] File: /home/ubuntu/viaoceanica-ai/client/src/components/ui/skeleton.tsx:5:4
[2026-04-18T15:17:22.563Z] 1  |  import { jsxDEV } from "react/jsx-dev-runtime";
[2026-04-18T15:17:22.563Z] |                          ^
[2026-04-18T15:17:22.563Z] 2  |  import { cn } from "@/lib/utils";
[2026-04-18T15:17:22.564Z] 3  |  function Skeleton({ className, ...props }) {
[2026-04-18T15:17:22.564Z] 11:17:22 AM [vite] (client) Pre-transform error: Failed to resolve import "react/jsx-dev-runtime" from "client/src/components/ui/card.tsx". Does the file exist?
[2026-04-18T15:17:22.564Z] Plugin: vite:import-analysis
[2026-04-18T15:17:22.564Z] File: /home/ubuntu/viaoceanica-ai/client/src/components/ui/card.tsx:7:4
[2026-04-18T15:17:22.564Z] 1  |  import { jsxDEV } from "react/jsx-dev-runtime";
[2026-04-18T15:17:22.565Z] |                          ^
[2026-04-18T15:17:22.565Z] 2  |  import { cn } from "@/lib/utils";
[2026-04-18T15:17:22.565Z] 3  |  function Card({ className, ...props }) {
[2026-04-18T15:17:22.565Z] 11:17:22 AM [vite] (client) Pre-transform error: Failed to resolve import "react/jsx-dev-runtime" from "client/src/components/ui/card.tsx". Does the file exist?
[2026-04-18T15:17:22.566Z] Plugin: vite:import-analysis
[2026-04-18T15:17:22.566Z] File: /home/ubuntu/viaoceanica-ai/client/src/components/ui/card.tsx:7:4
[2026-04-18T15:17:22.566Z] 1  |  import { jsxDEV } from "react/jsx-dev-runtime";
[2026-04-18T15:17:22.566Z] |                          ^
[2026-04-18T15:17:22.567Z] 2  |  import { cn } from "@/lib/utils";
[2026-04-18T15:17:22.567Z] 3  |  function Card({ className, ...props }) {
[2026-04-18T15:17:22.567Z] 11:17:22 AM [vite] (client) Pre-transform error: Failed to resolve import "react/jsx-dev-runtime" from "client/src/components/ui/card.tsx". Does the file exist?
[2026-04-18T15:17:22.567Z] Plugin: vite:import-analysis
[2026-04-18T15:17:22.567Z] File: /home/ubuntu/viaoceanica-ai/client/src/components/ui/card.tsx:7:4
[2026-04-18T15:17:22.567Z] 1  |  import { jsxDEV } from "react/jsx-dev-runtime";
[2026-04-18T15:17:22.568Z] |                          ^
[2026-04-18T15:17:22.593Z] 2  |  import { cn } from "@/lib/utils";
[2026-04-18T15:17:22.596Z] 3  |  function Card({ className, ...props }) {
[2026-04-18T15:17:22.596Z] 11:17:22 AM [vite] (client) Pre-transform error: Failed to resolve import "react/jsx-dev-runtime" from "client/src/components/ui/card.tsx". Does the file exist?
[2026-04-18T15:17:22.597Z] Plugin: vite:import-analysis
[2026-04-18T15:17:22.597Z] File: /home/ubuntu/viaoceanica-ai/client/src/components/ui/card.tsx:7:4
[2026-04-18T15:17:22.597Z] 1  |  import { jsxDEV } from "react/jsx-dev-runtime";
[2026-04-18T15:17:22.597Z] |                          ^
[2026-04-18T15:17:22.598Z] 2  |  import { cn } from "@/lib/utils";
[2026-04-18T15:17:22.598Z] 3  |  function Card({ className, ...props }) {
[2026-04-18T15:17:22.598Z] 11:17:22 AM [vite] (client) Pre-transform error: Failed to resolve import "react/jsx-dev-runtime" from "client/src/components/ui/card.tsx". Does the file exist?
[2026-04-18T15:17:22.598Z] Plugin: vite:import-analysis
[2026-04-18T15:17:22.599Z] File: /home/ubuntu/viaoceanica-ai/client/src/components/ui/card.tsx:7:4
[2026-04-18T15:17:22.599Z] 1  |  import { jsxDEV } from "react/jsx-dev-runtime";
[2026-04-18T15:17:22.599Z] |                          ^
[2026-04-18T15:17:22.599Z] 2  |  import { cn } from "@/lib/utils";
[2026-04-18T15:17:22.600Z] 3  |  function Card({ className, ...props }) {
[2026-04-18T15:17:22.600Z] 11:17:22 AM [vite] (client) Pre-transform error: Failed to resolve import "react/jsx-dev-runtime" from "client/src/components/ui/card.tsx". Does the file exist?
[2026-04-18T15:17:22.600Z] Plugin: vite:import-analysis
[2026-04-18T15:17:22.600Z] File: /home/ubuntu/viaoceanica-ai/client/src/components/ui/card.tsx:7:4
[2026-04-18T15:17:22.600Z] 1  |  import { jsxDEV } from "react/jsx-dev-runtime";
[2026-04-18T15:17:22.601Z] |                          ^
[2026-04-18T15:17:22.601Z] 2  |  import { cn } from "@/lib/utils";
[2026-04-18T15:17:22.601Z] 3  |  function Card({ className, ...props }) {
[2026-04-18T15:17:22.601Z] 11:17:22 AM [vite] (client) Pre-transform error: Failed to resolve import "react/jsx-dev-runtime" from "client/src/components/ui/card.tsx". Does the file exist?
[2026-04-18T15:17:22.601Z] Plugin: vite:import-analysis
[2026-04-18T15:17:22.602Z] File: /home/ubuntu/viaoceanica-ai/client/src/components/ui/card.tsx:7:4
[2026-04-18T15:17:22.602Z] 1  |  import { jsxDEV } from "react/jsx-dev-runtime";
[2026-04-18T15:17:22.602Z] |                          ^
[2026-04-18T15:17:22.602Z] 2  |  import { cn } from "@/lib/utils";
[2026-04-18T15:17:22.602Z] 3  |  function Card({ className, ...props }) {
[2026-04-18T15:17:22.603Z] 11:17:22 AM [vite] (client) Pre-transform error: Failed to resolve import "react/jsx-dev-runtime" from "client/src/components/ui/card.tsx". Does the file exist?
[2026-04-18T15:17:22.603Z] Plugin: vite:import-analysis
[2026-04-18T15:17:22.603Z] File: /home/ubuntu/viaoceanica-ai/client/src/components/ui/card.tsx:7:4
[2026-04-18T15:17:22.603Z] 1  |  import { jsxDEV } from "react/jsx-dev-runtime";
[2026-04-18T15:17:22.603Z] |                          ^
[2026-04-18T15:17:22.604Z] 2  |  import { cn } from "@/lib/utils";
[2026-04-18T15:17:22.604Z] 3  |  function Card({ className, ...props }) {
[2026-04-18T15:17:22.604Z] 11:17:22 AM [vite] (client) Pre-transform error: Failed to resolve import "react/jsx-dev-runtime" from "client/src/components/ui/card.tsx". Does the file exist?
[2026-04-18T15:17:22.605Z] Plugin: vite:import-analysis
[2026-04-18T15:17:22.605Z] File: /home/ubuntu/viaoceanica-ai/client/src/components/ui/card.tsx:7:4
[2026-04-18T15:17:22.605Z] 1  |  import { jsxDEV } from "react/jsx-dev-runtime";
[2026-04-18T15:17:22.605Z] |                          ^
[2026-04-18T15:17:22.605Z] 2  |  import { cn } from "@/lib/utils";
[2026-04-18T15:17:22.605Z] 3  |  function Card({ className, ...props }) {
[2026-04-18T15:17:22.606Z] 11:17:22 AM [vite] (client) Pre-transform error: Failed to resolve import "react/jsx-dev-runtime" from "client/src/components/ui/card.tsx". Does the file exist?
[2026-04-18T15:17:22.606Z] Plugin: vite:import-analysis
[2026-04-18T15:17:22.606Z] File: /home/ubuntu/viaoceanica-ai/client/src/components/ui/card.tsx:7:4
[2026-04-18T15:17:22.607Z] 1  |  import { jsxDEV } from "react/jsx-dev-runtime";
[2026-04-18T15:17:22.607Z] |                          ^
[2026-04-18T15:17:22.607Z] 2  |  import { cn } from "@/lib/utils";
[2026-04-18T15:17:22.607Z] 3  |  function Card({ className, ...props }) {
[2026-04-18T15:17:22.607Z] 11:17:22 AM [vite] (client) Pre-transform error: Failed to resolve import "react/jsx-dev-runtime" from "client/src/components/ui/card.tsx". Does the file exist?
[2026-04-18T15:17:22.608Z] Plugin: vite:import-analysis
[2026-04-18T15:17:22.608Z] File: /home/ubuntu/viaoceanica-ai/client/src/components/ui/card.tsx:7:4
[2026-04-18T15:17:22.608Z] 1  |  import { jsxDEV } from "react/jsx-dev-runtime";
[2026-04-18T15:17:22.608Z] |                          ^
[2026-04-18T15:17:22.608Z] 2  |  import { cn } from "@/lib/utils";
[2026-04-18T15:17:22.609Z] 3  |  function Card({ className, ...props }) {
[2026-04-18T15:17:22.609Z] 11:17:22 AM [vite] (client) Pre-transform error: Failed to resolve import "react/jsx-dev-runtime" from "client/src/components/ui/card.tsx". Does the file exist?
[2026-04-18T15:17:22.609Z] Plugin: vite:import-analysis
[2026-04-18T15:17:22.609Z] File: /home/ubuntu/viaoceanica-ai/client/src/components/ui/card.tsx:7:4
[2026-04-18T15:17:22.609Z] 1  |  import { jsxDEV } from "react/jsx-dev-runtime";
[2026-04-18T15:17:22.610Z] |                          ^
[2026-04-18T15:17:22.610Z] 2  |  import { cn } from "@/lib/utils";
[2026-04-18T15:17:22.610Z] 3  |  function Card({ className, ...props }) {
[2026-04-18T15:17:22.610Z] 11:17:22 AM [vite] (client) Pre-transform error: Failed to resolve import "react/jsx-dev-runtime" from "client/src/components/ui/card.tsx". Does the file exist?
[2026-04-18T15:17:22.610Z] Plugin: vite:import-analysis
[2026-04-18T15:17:22.611Z] File: /home/ubuntu/viaoceanica-ai/client/src/components/ui/card.tsx:7:4
[2026-04-18T15:17:22.611Z] 1  |  import { jsxDEV } from "react/jsx-dev-runtime";
[2026-04-18T15:17:22.611Z] |                          ^
[2026-04-18T15:17:22.611Z] 2  |  import { cn } from "@/lib/utils";
[2026-04-18T15:17:22.611Z] 3  |  function Card({ className, ...props }) {
[2026-04-18T15:17:22.612Z] 11:17:22 AM [vite] (client) Pre-transform error: Failed to resolve import "react/jsx-dev-runtime" from "client/src/components/ui/card.tsx". Does the file exist?
[2026-04-18T15:17:22.612Z] Plugin: vite:import-analysis
[2026-04-18T15:17:22.612Z] File: /home/ubuntu/viaoceanica-ai/client/src/components/ui/card.tsx:7:4
[2026-04-18T15:17:22.612Z] 1  |  import { jsxDEV } from "react/jsx-dev-runtime";
[2026-04-18T15:17:22.612Z] |                          ^
[2026-04-18T15:17:22.612Z] 2  |  import { cn } from "@/lib/utils";
[2026-04-18T15:17:22.613Z] 3  |  function Card({ className, ...props }) {
[2026-04-18T15:17:22.613Z] 11:17:22 AM [vite] (client) Pre-transform error: Failed to resolve import "react/jsx-dev-runtime" from "client/src/components/ui/card.tsx". Does the file exist?
[2026-04-18T15:17:22.613Z] Plugin: vite:import-analysis
[2026-04-18T15:17:22.613Z] File: /home/ubuntu/viaoceanica-ai/client/src/components/ui/card.tsx:7:4
[2026-04-18T15:17:22.613Z] 1  |  import { jsxDEV } from "react/jsx-dev-runtime";
[2026-04-18T15:17:22.613Z] |                          ^
[2026-04-18T15:17:22.614Z] 2  |  import { cn } from "@/lib/utils";
[2026-04-18T15:17:22.614Z] 3  |  function Card({ className, ...props }) {
[2026-04-18T15:17:22.614Z] 11:17:22 AM [vite] (client) Pre-transform error: Failed to resolve import "react/jsx-dev-runtime" from "client/src/components/ui/card.tsx". Does the file exist?
[2026-04-18T15:17:22.614Z] Plugin: vite:import-analysis
[2026-04-18T15:17:22.614Z] File: /home/ubuntu/viaoceanica-ai/client/src/components/ui/card.tsx:7:4
[2026-04-18T15:17:22.614Z] 1  |  import { jsxDEV } from "react/jsx-dev-runtime";
[2026-04-18T15:17:22.615Z] |                          ^
[2026-04-18T15:17:22.615Z] 2  |  import { cn } from "@/lib/utils";
[2026-04-18T15:17:22.615Z] 3  |  function Card({ className, ...props }) {
[2026-04-18T15:17:22.615Z] 11:17:22 AM [vite] (client) Pre-transform error: Failed to resolve import "react/jsx-dev-runtime" from "client/src/components/ui/card.tsx". Does the file exist?
[2026-04-18T15:17:22.615Z] Plugin: vite:import-analysis
[2026-04-18T15:17:22.616Z] File: /home/ubuntu/viaoceanica-ai/client/src/components/ui/card.tsx:7:4
[2026-04-18T15:17:22.616Z] 1  |  import { jsxDEV } from "react/jsx-dev-runtime";
[2026-04-18T15:17:22.616Z] |                          ^
[2026-04-18T15:17:22.617Z] 2  |  import { cn } from "@/lib/utils";
[2026-04-18T15:17:22.617Z] 3  |  function Card({ className, ...props }) {
[2026-04-18T15:17:22.617Z] 11:17:22 AM [vite] (client) Pre-transform error: Failed to resolve import "react/jsx-dev-runtime" from "client/src/components/ui/card.tsx". Does the file exist?
[2026-04-18T15:17:22.617Z] Plugin: vite:import-analysis
[2026-04-18T15:17:22.618Z] File: /home/ubuntu/viaoceanica-ai/client/src/components/ui/card.tsx:7:4
[2026-04-18T15:17:22.618Z] 1  |  import { jsxDEV } from "react/jsx-dev-runtime";
[2026-04-18T15:17:22.618Z] |                          ^
[2026-04-18T15:17:22.618Z] 2  |  import { cn } from "@/lib/utils";
[2026-04-18T15:17:22.619Z] 3  |  function Card({ className, ...props }) {
[2026-04-18T15:17:22.619Z] 11:17:22 AM [vite] (client) Pre-transform error: Failed to resolve import "react/jsx-dev-runtime" from "client/src/components/ui/card.tsx". Does the file exist?
[2026-04-18T15:17:22.619Z] Plugin: vite:import-analysis
[2026-04-18T15:17:22.620Z] File: /home/ubuntu/viaoceanica-ai/client/src/components/ui/card.tsx:7:4
[2026-04-18T15:17:22.620Z] 1  |  import { jsxDEV } from "react/jsx-dev-runtime";
[2026-04-18T15:17:22.620Z] |                          ^
[2026-04-18T15:17:22.620Z] 2  |  import { cn } from "@/lib/utils";
[2026-04-18T15:17:22.620Z] 3  |  function Card({ className, ...props }) {
[2026-04-18T15:17:22.621Z] 11:17:22 AM [vite] (client) Pre-transform error: Failed to resolve import "react/jsx-dev-runtime" from "client/src/components/ui/card.tsx". Does the file exist?
[2026-04-18T15:17:22.621Z] Plugin: vite:import-analysis
[2026-04-18T15:17:22.621Z] File: /home/ubuntu/viaoceanica-ai/client/src/components/ui/card.tsx:7:4
[2026-04-18T15:17:22.621Z] 1  |  import { jsxDEV } from "react/jsx-dev-runtime";
[2026-04-18T15:17:22.621Z] |                          ^
[2026-04-18T15:17:22.622Z] 2  |  import { cn } from "@/lib/utils";
[2026-04-18T15:17:22.622Z] 3  |  function Card({ className, ...props }) {
[2026-04-18T15:17:22.622Z] 11:17:22 AM [vite] (client) Pre-transform error: Failed to resolve import "react/jsx-dev-runtime" from "client/src/components/ui/card.tsx". Does the file exist?
[2026-04-18T15:17:22.622Z] Plugin: vite:import-analysis
[2026-04-18T15:17:22.622Z] File: /home/ubuntu/viaoceanica-ai/client/src/components/ui/card.tsx:7:4
[2026-04-18T15:17:22.623Z] 1  |  import { jsxDEV } from "react/jsx-dev-runtime";
[2026-04-18T15:17:22.623Z] |                          ^
[2026-04-18T15:17:22.623Z] 2  |  import { cn } from "@/lib/utils";
[2026-04-18T15:17:22.623Z] 3  |  function Card({ className, ...props }) {
[2026-04-18T15:17:22.623Z] 11:17:22 AM [vite] (client) Pre-transform error: Failed to resolve import "react/jsx-dev-runtime" from "client/src/components/ui/card.tsx". Does the file exist?
[2026-04-18T15:17:22.624Z] Plugin: vite:import-analysis
[2026-04-18T15:17:22.624Z] File: /home/ubuntu/viaoceanica-ai/client/src/components/ui/card.tsx:7:4
[2026-04-18T15:17:22.624Z] 1  |  import { jsxDEV } from "react/jsx-dev-runtime";
[2026-04-18T15:17:22.624Z] |                          ^
[2026-04-18T15:17:22.625Z] 2  |  import { cn } from "@/lib/utils";
[2026-04-18T15:17:22.625Z] 3  |  function Card({ className, ...props }) {
[2026-04-18T15:17:22.625Z] 11:17:22 AM [vite] (client) Pre-transform error: Failed to resolve import "react/jsx-dev-runtime" from "client/src/components/ui/badge.tsx". Does the file exist?
[2026-04-18T15:17:22.625Z] Plugin: vite:import-analysis
[2026-04-18T15:17:22.625Z] File: /home/ubuntu/viaoceanica-ai/client/src/components/ui/badge.tsx:38:4
[2026-04-18T15:17:22.626Z] 1  |  import { jsxDEV } from "react/jsx-dev-runtime";
[2026-04-18T15:17:22.626Z] |                          ^
[2026-04-18T15:17:22.626Z] 2  |  import { Slot } from "@radix-ui/react-slot";
[2026-04-18T15:17:22.626Z] 3  |  import { cva } from "class-variance-authority";
[2026-04-18T15:17:22.626Z] 11:17:22 AM [vite] (client) Pre-transform error: Failed to resolve import "react/jsx-dev-runtime" from "client/src/components/ui/badge.tsx". Does the file exist?
[2026-04-18T15:17:22.627Z] Plugin: vite:import-analysis
[2026-04-18T15:17:22.627Z] File: /home/ubuntu/viaoceanica-ai/client/src/components/ui/badge.tsx:38:4
[2026-04-18T15:17:22.627Z] 1  |  import { jsxDEV } from "react/jsx-dev-runtime";
[2026-04-18T15:17:22.628Z] |                          ^
[2026-04-18T15:17:22.628Z] 2  |  import { Slot } from "@radix-ui/react-slot";
[2026-04-18T15:17:22.629Z] 3  |  import { cva } from "class-variance-authority";
[2026-04-18T15:17:22.629Z] 11:17:22 AM [vite] (client) Pre-transform error: Failed to resolve import "react/jsx-dev-runtime" from "client/src/components/ui/badge.tsx". Does the file exist?
[2026-04-18T15:17:22.630Z] Plugin: vite:import-analysis
[2026-04-18T15:17:22.630Z] File: /home/ubuntu/viaoceanica-ai/client/src/components/ui/badge.tsx:38:4
[2026-04-18T15:17:22.630Z] 1  |  import { jsxDEV } from "react/jsx-dev-runtime";
[2026-04-18T15:17:22.630Z] |                          ^
[2026-04-18T15:17:22.630Z] 2  |  import { Slot } from "@radix-ui/react-slot";
[2026-04-18T15:17:22.631Z] 3  |  import { cva } from "class-variance-authority";
[2026-04-18T15:17:22.631Z] 11:17:22 AM [vite] (client) Pre-transform error: Failed to resolve import "react/jsx-dev-runtime" from "client/src/components/ui/badge.tsx". Does the file exist?
[2026-04-18T15:17:22.631Z] Plugin: vite:import-analysis
[2026-04-18T15:17:22.631Z] File: /home/ubuntu/viaoceanica-ai/client/src/components/ui/badge.tsx:38:4
[2026-04-18T15:17:22.631Z] 1  |  import { jsxDEV } from "react/jsx-dev-runtime";
[2026-04-18T15:17:22.632Z] |                          ^
[2026-04-18T15:17:22.632Z] 2  |  import { Slot } from "@radix-ui/react-slot";
[2026-04-18T15:17:22.632Z] 3  |  import { cva } from "class-variance-authority";
[2026-04-18T15:17:22.632Z] 11:17:22 AM [vite] (client) Pre-transform error: Failed to resolve import "react/jsx-dev-runtime" from "client/src/components/ui/badge.tsx". Does the file exist?
[2026-04-18T15:17:22.632Z] Plugin: vite:import-analysis
[2026-04-18T15:17:22.633Z] File: /home/ubuntu/viaoceanica-ai/client/src/components/ui/badge.tsx:38:4
[2026-04-18T15:17:22.633Z] 1  |  import { jsxDEV } from "react/jsx-dev-runtime";
[2026-04-18T15:17:22.633Z] |                          ^
[2026-04-18T15:17:22.633Z] 2  |  import { Slot } from "@radix-ui/react-slot";
[2026-04-18T15:17:22.634Z] 3  |  import { cva } from "class-variance-authority";
[2026-04-18T15:17:22.634Z] 11:17:22 AM [vite] (client) Pre-transform error: Failed to resolve import "react/jsx-dev-runtime" from "client/src/components/ui/badge.tsx". Does the file exist?
[2026-04-18T15:17:22.634Z] Plugin: vite:import-analysis
[2026-04-18T15:17:22.634Z] File: /home/ubuntu/viaoceanica-ai/client/src/components/ui/badge.tsx:38:4
[2026-04-18T15:17:22.635Z] 1  |  import { jsxDEV } from "react/jsx-dev-runtime";
[2026-04-18T15:17:22.635Z] |                          ^
[2026-04-18T15:17:22.635Z] 2  |  import { Slot } from "@radix-ui/react-slot";
[2026-04-18T15:17:22.636Z] 3  |  import { cva } from "class-variance-authority";
[2026-04-18T15:17:22.636Z] 11:17:22 AM [vite] (client) Pre-transform error: Failed to resolve import "react/jsx-dev-runtime" from "client/src/components/ui/badge.tsx". Does the file exist?
[2026-04-18T15:17:22.636Z] Plugin: vite:import-analysis
[2026-04-18T15:17:22.636Z] File: /home/ubuntu/viaoceanica-ai/client/src/components/ui/badge.tsx:38:4
[2026-04-18T15:17:22.636Z] 1  |  import { jsxDEV } from "react/jsx-dev-runtime";
[2026-04-18T15:17:22.637Z] |                          ^
[2026-04-18T15:17:22.637Z] 2  |  import { Slot } from "@radix-ui/react-slot";
[2026-04-18T15:17:22.637Z] 3  |  import { cva } from "class-variance-authority";
[2026-04-18T15:17:22.637Z] 11:17:22 AM [vite] (client) Pre-transform error: Failed to resolve import "react/jsx-dev-runtime" from "client/src/components/ui/badge.tsx". Does the file exist?
[2026-04-18T15:17:22.637Z] Plugin: vite:import-analysis
[2026-04-18T15:17:22.638Z] File: /home/ubuntu/viaoceanica-ai/client/src/components/ui/badge.tsx:38:4
[2026-04-18T15:17:22.638Z] 1  |  import { jsxDEV } from "react/jsx-dev-runtime";
[2026-04-18T15:17:22.638Z] |                          ^
[2026-04-18T15:17:22.638Z] 2  |  import { Slot } from "@radix-ui/react-slot";
[2026-04-18T15:17:22.638Z] 3  |  import { cva } from "class-variance-authority";
[2026-04-18T15:17:22.639Z] 11:17:22 AM [vite] (client) Pre-transform error: Failed to resolve import "react/jsx-dev-runtime" from "client/src/components/ui/badge.tsx". Does the file exist?
[2026-04-18T15:17:22.639Z] Plugin: vite:import-analysis
[2026-04-18T15:17:22.639Z] File: /home/ubuntu/viaoceanica-ai/client/src/components/ui/badge.tsx:38:4
[2026-04-18T15:17:22.639Z] 1  |  import { jsxDEV } from "react/jsx-dev-runtime";
[2026-04-18T15:17:22.640Z] |                          ^
[2026-04-18T15:17:22.640Z] 2  |  import { Slot } from "@radix-ui/react-slot";
[2026-04-18T15:17:22.640Z] 3  |  import { cva } from "class-variance-authority";
[2026-04-18T15:17:22.640Z] 11:17:22 AM [vite] (client) Pre-transform error: Failed to resolve import "react/jsx-dev-runtime" from "client/src/components/ui/badge.tsx". Does the file exist?
[2026-04-18T15:17:22.640Z] Plugin: vite:import-analysis
[2026-04-18T15:17:22.641Z] File: /home/ubuntu/viaoceanica-ai/client/src/components/ui/badge.tsx:38:4
[2026-04-18T15:17:22.641Z] 1  |  import { jsxDEV } from "react/jsx-dev-runtime";
[2026-04-18T15:17:22.641Z] |                          ^
[2026-04-18T15:17:22.641Z] 2  |  import { Slot } from "@radix-ui/react-slot";
[2026-04-18T15:17:22.641Z] 3  |  import { cva } from "class-variance-authority";
[2026-04-18T15:17:22.641Z] 11:17:22 AM [vite] (client) Pre-transform error: Failed to resolve import "react/jsx-dev-runtime" from "client/src/components/ui/badge.tsx". Does the file exist?
[2026-04-18T15:17:22.642Z] Plugin: vite:import-analysis
[2026-04-18T15:17:22.642Z] File: /home/ubuntu/viaoceanica-ai/client/src/components/ui/badge.tsx:38:4
[2026-04-18T15:17:22.642Z] 1  |  import { jsxDEV } from "react/jsx-dev-runtime";
[2026-04-18T15:17:22.642Z] |                          ^
[2026-04-18T15:17:22.642Z] 2  |  import { Slot } from "@radix-ui/react-slot";
[2026-04-18T15:17:22.642Z] 3  |  import { cva } from "class-variance-authority";
[2026-04-18T15:17:22.642Z] 11:17:22 AM [vite] (client) Pre-transform error: Failed to resolve import "react/jsx-dev-runtime" from "client/src/components/ui/badge.tsx". Does the file exist?
[2026-04-18T15:17:22.643Z] Plugin: vite:import-analysis
[2026-04-18T15:17:22.643Z] File: /home/ubuntu/viaoceanica-ai/client/src/components/ui/badge.tsx:38:4
[2026-04-18T15:17:22.643Z] 1  |  import { jsxDEV } from "react/jsx-dev-runtime";
[2026-04-18T15:17:22.643Z] |                          ^
[2026-04-18T15:17:22.643Z] 2  |  import { Slot } from "@radix-ui/react-slot";
[2026-04-18T15:17:22.644Z] 3  |  import { cva } from "class-variance-authority";
[2026-04-18T15:17:22.644Z] 11:17:22 AM [vite] (client) Pre-transform error: Failed to resolve import "react/jsx-dev-runtime" from "client/src/components/ui/badge.tsx". Does the file exist?
[2026-04-18T15:17:22.644Z] Plugin: vite:import-analysis
[2026-04-18T15:17:22.644Z] File: /home/ubuntu/viaoceanica-ai/client/src/components/ui/badge.tsx:38:4
[2026-04-18T15:17:22.644Z] 1  |  import { jsxDEV } from "react/jsx-dev-runtime";
[2026-04-18T15:17:22.644Z] |                          ^
[2026-04-18T15:17:22.645Z] 2  |  import { Slot } from "@radix-ui/react-slot";
[2026-04-18T15:17:22.645Z] 3  |  import { cva } from "class-variance-authority";
[2026-04-18T15:17:22.645Z] 11:17:22 AM [vite] (client) Pre-transform error: Failed to resolve import "react/jsx-dev-runtime" from "client/src/components/ui/dialog.tsx". Does the file exist?
[2026-04-18T15:17:22.645Z] Plugin: vite:import-analysis
[2026-04-18T15:17:22.645Z] File: /home/ubuntu/viaoceanica-ai/client/src/components/ui/dialog.tsx:51:6
[2026-04-18T15:17:22.646Z] 1  |  import { jsxDEV } from "react/jsx-dev-runtime";
[2026-04-18T15:17:22.646Z] |                          ^
[2026-04-18T15:17:22.646Z] 2  |  var _s = $RefreshSig$(), _s2 = $RefreshSig$(), _s3 = $RefreshSig$();
[2026-04-18T15:17:22.646Z] 3  |  import { cn } from "@/lib/utils";
[2026-04-18T15:17:22.646Z] 11:17:22 AM [vite] (client) Pre-transform error: Failed to resolve import "react/jsx-dev-runtime" from "client/src/components/ui/dialog.tsx". Does the file exist?
[2026-04-18T15:17:22.647Z] Plugin: vite:import-analysis
[2026-04-18T15:17:22.647Z] File: /home/ubuntu/viaoceanica-ai/client/src/components/ui/dialog.tsx:51:6
[2026-04-18T15:17:22.647Z] 1  |  import { jsxDEV } from "react/jsx-dev-runtime";
[2026-04-18T15:17:22.647Z] |                          ^
[2026-04-18T15:17:22.647Z] 2  |  var _s = $RefreshSig$(), _s2 = $RefreshSig$(), _s3 = $RefreshSig$();
[2026-04-18T15:17:22.648Z] 3  |  import { cn } from "@/lib/utils";
[2026-04-18T15:17:22.648Z] 11:17:22 AM [vite] (client) Pre-transform error: Failed to resolve import "react/jsx-dev-runtime" from "client/src/components/ui/dialog.tsx". Does the file exist?
[2026-04-18T15:17:22.648Z] Plugin: vite:import-analysis
[2026-04-18T15:17:22.648Z] File: /home/ubuntu/viaoceanica-ai/client/src/components/ui/dialog.tsx:51:6
[2026-04-18T15:17:22.648Z] 1  |  import { jsxDEV } from "react/jsx-dev-runtime";
[2026-04-18T15:17:22.649Z] |                          ^
[2026-04-18T15:17:22.649Z] 2  |  var _s = $RefreshSig$(), _s2 = $RefreshSig$(), _s3 = $RefreshSig$();
[2026-04-18T15:17:22.649Z] 3  |  import { cn } from "@/lib/utils";
[2026-04-18T15:17:22.649Z] 11:17:22 AM [vite] (client) Pre-transform error: Failed to resolve import "react/jsx-dev-runtime" from "client/src/components/ui/dialog.tsx". Does the file exist?
[2026-04-18T15:17:22.649Z] Plugin: vite:import-analysis
[2026-04-18T15:17:22.649Z] File: /home/ubuntu/viaoceanica-ai/client/src/components/ui/dialog.tsx:51:6
[2026-04-18T15:17:22.650Z] 1  |  import { jsxDEV } from "react/jsx-dev-runtime";
[2026-04-18T15:17:22.650Z] |                          ^
[2026-04-18T15:17:22.650Z] 2  |  var _s = $RefreshSig$(), _s2 = $RefreshSig$(), _s3 = $RefreshSig$();
[2026-04-18T15:17:22.650Z] 3  |  import { cn } from "@/lib/utils";
[2026-04-18T15:17:22.650Z] 11:17:22 AM [vite] (client) Pre-transform error: Failed to resolve import "react/jsx-dev-runtime" from "client/src/components/ui/dialog.tsx". Does the file exist?
[2026-04-18T15:17:22.651Z] Plugin: vite:import-analysis
[2026-04-18T15:17:22.651Z] File: /home/ubuntu/viaoceanica-ai/client/src/components/ui/dialog.tsx:51:6
[2026-04-18T15:17:22.651Z] 1  |  import { jsxDEV } from "react/jsx-dev-runtime";
[2026-04-18T15:17:22.651Z] |                          ^
[2026-04-18T15:17:22.651Z] 2  |  var _s = $RefreshSig$(), _s2 = $RefreshSig$(), _s3 = $RefreshSig$();
[2026-04-18T15:17:22.652Z] 3  |  import { cn } from "@/lib/utils";
[2026-04-18T15:17:22.652Z] 11:17:22 AM [vite] (client) Pre-transform error: Failed to resolve import "react/jsx-dev-runtime" from "client/src/components/ui/card.tsx". Does the file exist?
[2026-04-18T15:17:22.652Z] Plugin: vite:import-analysis
[2026-04-18T15:17:22.652Z] File: /home/ubuntu/viaoceanica-ai/client/src/components/ui/card.tsx:7:4
[2026-04-18T15:17:22.652Z] 1  |  import { jsxDEV } from "react/jsx-dev-runtime";
[2026-04-18T15:17:22.653Z] |                          ^
[2026-04-18T15:17:22.653Z] 2  |  import { cn } from "@/lib/utils";
[2026-04-18T15:17:22.653Z] 3  |  function Card({ className, ...props }) {
[2026-04-18T15:17:22.653Z] 11:17:22 AM [vite] (client) Pre-transform error: Failed to resolve import "react/jsx-dev-runtime" from "client/src/components/ui/badge.tsx". Does the file exist?
[2026-04-18T15:17:22.654Z] Plugin: vite:import-analysis
[2026-04-18T15:17:22.654Z] File: /home/ubuntu/viaoceanica-ai/client/src/components/ui/badge.tsx:38:4
[2026-04-18T15:17:22.654Z] 1  |  import { jsxDEV } from "react/jsx-dev-runtime";
[2026-04-18T15:17:22.654Z] |                          ^
[2026-04-18T15:17:22.655Z] 2  |  import { Slot } from "@radix-ui/react-slot";
[2026-04-18T15:17:22.655Z] 3  |  import { cva } from "class-variance-authority";
[2026-04-18T15:17:22.655Z] 11:17:22 AM [vite] (client) Pre-transform error: Failed to resolve import "react/jsx-dev-runtime" from "client/src/components/ui/dialog.tsx". Does the file exist?
[2026-04-18T15:17:22.656Z] Plugin: vite:import-analysis
[2026-04-18T15:17:22.656Z] File: /home/ubuntu/viaoceanica-ai/client/src/components/ui/dialog.tsx:51:6
[2026-04-18T15:17:22.656Z] 1  |  import { jsxDEV } from "react/jsx-dev-runtime";
[2026-04-18T15:17:22.658Z] |                          ^
[2026-04-18T15:17:22.658Z] 2  |  var _s = $RefreshSig$(), _s2 = $RefreshSig$(), _s3 = $RefreshSig$();
[2026-04-18T15:17:22.658Z] 3  |  import { cn } from "@/lib/utils";
[2026-04-18T15:17:22.658Z] 11:17:22 AM [vite] (client) Pre-transform error: Failed to resolve import "react/jsx-dev-runtime" from "client/src/components/ui/alert-dialog.tsx". Does the file exist?
[2026-04-18T15:17:22.658Z] Plugin: vite:import-analysis
[2026-04-18T15:17:22.659Z] File: /home/ubuntu/viaoceanica-ai/client/src/components/ui/alert-dialog.tsx:10:9
[2026-04-18T15:17:22.659Z] 1  |  import { jsxDEV } from "react/jsx-dev-runtime";
[2026-04-18T15:17:22.659Z] |                          ^
[2026-04-18T15:17:22.659Z] 2  |  import * as AlertDialogPrimitive from "@radix-ui/react-alert-dialog";
[2026-04-18T15:17:22.659Z] 3  |  import { cn } from "@/lib/utils";
[2026-04-18T15:17:22.660Z] 11:17:22 AM [vite] (client) Pre-transform error: Failed to resolve import "react/jsx-dev-runtime" from "client/src/components/ui/table.tsx". Does the file exist?
[2026-04-18T15:17:22.660Z] Plugin: vite:import-analysis
[2026-04-18T15:17:22.660Z] File: /home/ubuntu/viaoceanica-ai/client/src/components/ui/table.tsx:11:6
[2026-04-18T15:17:22.660Z] 1  |  import { jsxDEV } from "react/jsx-dev-runtime";
[2026-04-18T15:17:22.660Z] |                          ^
[2026-04-18T15:17:22.661Z] 2  |  import { cn } from "@/lib/utils";
[2026-04-18T15:17:22.661Z] 3  |  function Table({ className, ...props }) {
[2026-04-18T15:17:22.661Z] 11:17:22 AM [vite] (client) Pre-transform error: Failed to resolve import "react/jsx-dev-runtime" from "client/src/components/ui/table.tsx". Does the file exist?
[2026-04-18T15:17:22.661Z] Plugin: vite:import-analysis
[2026-04-18T15:17:22.661Z] File: /home/ubuntu/viaoceanica-ai/client/src/components/ui/table.tsx:11:6
[2026-04-18T15:17:22.661Z] 1  |  import { jsxDEV } from "react/jsx-dev-runtime";
[2026-04-18T15:17:22.662Z] |                          ^
[2026-04-18T15:17:22.662Z] 2  |  import { cn } from "@/lib/utils";
[2026-04-18T15:17:22.662Z] 3  |  function Table({ className, ...props }) {
[2026-04-18T15:17:22.662Z] 11:17:22 AM [vite] (client) Pre-transform error: Failed to resolve import "react/jsx-dev-runtime" from "client/src/components/ui/table.tsx". Does the file exist?
[2026-04-18T15:17:22.662Z] Plugin: vite:import-analysis
[2026-04-18T15:17:22.663Z] File: /home/ubuntu/viaoceanica-ai/client/src/components/ui/table.tsx:11:6
[2026-04-18T15:17:22.663Z] 1  |  import { jsxDEV } from "react/jsx-dev-runtime";
[2026-04-18T15:17:22.663Z] |                          ^
[2026-04-18T15:17:22.663Z] 2  |  import { cn } from "@/lib/utils";
[2026-04-18T15:17:22.663Z] 3  |  function Table({ className, ...props }) {
[2026-04-18T15:17:22.664Z] 11:17:22 AM [vite] (client) Pre-transform error: Failed to resolve import "react/jsx-dev-runtime" from "client/src/components/ui/table.tsx". Does the file exist?
[2026-04-18T15:17:22.664Z] Plugin: vite:import-analysis
[2026-04-18T15:17:22.664Z] File: /home/ubuntu/viaoceanica-ai/client/src/components/ui/table.tsx:11:6
[2026-04-18T15:17:22.664Z] 1  |  import { jsxDEV } from "react/jsx-dev-runtime";
[2026-04-18T15:17:22.664Z] |                          ^
[2026-04-18T15:17:22.665Z] 2  |  import { cn } from "@/lib/utils";
[2026-04-18T15:17:22.665Z] 3  |  function Table({ className, ...props }) {
[2026-04-18T15:17:22.665Z] 11:17:22 AM [vite] (client) Pre-transform error: Failed to resolve import "react/jsx-dev-runtime" from "client/src/components/ui/table.tsx". Does the file exist?
[2026-04-18T15:17:22.665Z] Plugin: vite:import-analysis
[2026-04-18T15:17:22.665Z] File: /home/ubuntu/viaoceanica-ai/client/src/components/ui/table.tsx:11:6
[2026-04-18T15:17:22.665Z] 1  |  import { jsxDEV } from "react/jsx-dev-runtime";
[2026-04-18T15:17:22.666Z] |                          ^
[2026-04-18T15:17:22.666Z] 2  |  import { cn } from "@/lib/utils";
[2026-04-18T15:17:22.666Z] 3  |  function Table({ className, ...props }) {
[2026-04-18T15:17:22.666Z] 11:17:22 AM [vite] (client) Pre-transform error: Failed to resolve import "react/jsx-dev-runtime" from "client/src/components/ui/switch.tsx". Does the file exist?
[2026-04-18T15:17:22.666Z] Plugin: vite:import-analysis
[2026-04-18T15:17:22.667Z] File: /home/ubuntu/viaoceanica-ai/client/src/components/ui/switch.tsx:19:6
[2026-04-18T15:17:22.667Z] 1  |  import { jsxDEV } from "react/jsx-dev-runtime";
[2026-04-18T15:17:22.667Z] |                          ^
[2026-04-18T15:17:22.667Z] 2  |  import * as SwitchPrimitive from "@radix-ui/react-switch";
[2026-04-18T15:17:22.667Z] 3  |  import { cn } from "@/lib/utils";
[2026-04-18T15:17:22.668Z] 11:17:22 AM [vite] (client) Pre-transform error: Failed to resolve import "react/jsx-dev-runtime" from "client/src/components/ui/switch.tsx". Does the file exist?
[2026-04-18T15:17:22.668Z] Plugin: vite:import-analysis
[2026-04-18T15:17:22.668Z] File: /home/ubuntu/viaoceanica-ai/client/src/components/ui/switch.tsx:19:6
[2026-04-18T15:17:22.668Z] 1  |  import { jsxDEV } from "react/jsx-dev-runtime";
[2026-04-18T15:17:22.668Z] |                          ^
[2026-04-18T15:17:22.668Z] 2  |  import * as SwitchPrimitive from "@radix-ui/react-switch";
[2026-04-18T15:17:22.669Z] 3  |  import { cn } from "@/lib/utils";
[2026-04-18T15:17:22.669Z] 11:17:22 AM [vite] (client) Pre-transform error: Failed to resolve import "react/jsx-dev-runtime" from "client/src/components/ui/separator.tsx". Does the file exist?
[2026-04-18T15:17:22.669Z] Plugin: vite:import-analysis
[2026-04-18T15:17:22.669Z] File: /home/ubuntu/viaoceanica-ai/client/src/components/ui/separator.tsx:13:4
[2026-04-18T15:17:22.669Z] 1  |  import { jsxDEV } from "react/jsx-dev-runtime";
[2026-04-18T15:17:22.669Z] |                          ^
[2026-04-18T15:17:22.670Z] 2  |  import * as SeparatorPrimitive from "@radix-ui/react-separator";
[2026-04-18T15:17:22.670Z] 3  |  import { cn } from "@/lib/utils";
[2026-04-18T15:17:22.670Z] 11:17:22 AM [vite] (client) Pre-transform error: Failed to resolve import "react/jsx-dev-runtime" from "client/src/components/ui/separator.tsx". Does the file exist?
[2026-04-18T15:17:22.670Z] Plugin: vite:import-analysis
[2026-04-18T15:17:22.670Z] File: /home/ubuntu/viaoceanica-ai/client/src/components/ui/separator.tsx:13:4
[2026-04-18T15:17:22.670Z] 1  |  import { jsxDEV } from "react/jsx-dev-runtime";
[2026-04-18T15:17:22.671Z] |                          ^
[2026-04-18T15:17:22.671Z] 2  |  import * as SeparatorPrimitive from "@radix-ui/react-separator";
[2026-04-18T15:17:22.671Z] 3  |  import { cn } from "@/lib/utils";
[2026-04-18T15:17:22.671Z] 11:17:22 AM [vite] (client) Pre-transform error: Failed to resolve import "react/jsx-dev-runtime" from "client/src/components/ui/separator.tsx". Does the file exist?
[2026-04-18T15:17:22.671Z] Plugin: vite:import-analysis
[2026-04-18T15:17:22.672Z] File: /home/ubuntu/viaoceanica-ai/client/src/components/ui/separator.tsx:13:4
[2026-04-18T15:17:22.672Z] 1  |  import { jsxDEV } from "react/jsx-dev-runtime";
[2026-04-18T15:17:22.672Z] |                          ^
[2026-04-18T15:17:22.672Z] 2  |  import * as SeparatorPrimitive from "@radix-ui/react-separator";
[2026-04-18T15:17:22.672Z] 3  |  import { cn } from "@/lib/utils";
[2026-04-18T15:17:22.673Z] 11:17:22 AM [vite] (client) Pre-transform error: Failed to resolve import "@trpc/react-query" from "client/src/lib/trpc.ts". Does the file exist?
[2026-04-18T15:17:22.673Z] Plugin: vite:import-analysis
[2026-04-18T15:17:22.673Z] File: /home/ubuntu/viaoceanica-ai/client/src/lib/trpc.ts:1:32
[2026-04-18T15:17:22.674Z] 1  |  import { createTRPCReact } from "@trpc/react-query";
[2026-04-18T15:17:22.674Z] |                                   ^
[2026-04-18T15:17:22.675Z] 2  |  export const trpc = createTRPCReact();
[2026-04-18T15:17:22.675Z] 3  |
[2026-04-18T15:17:22.675Z] 11:17:22 AM [vite] (client) Pre-transform error: Failed to resolve import "@trpc/react-query" from "client/src/lib/trpc.ts". Does the file exist?
[2026-04-18T15:17:22.675Z] Plugin: vite:import-analysis
[2026-04-18T15:17:22.676Z] File: /home/ubuntu/viaoceanica-ai/client/src/lib/trpc.ts:1:32
[2026-04-18T15:17:22.676Z] 1  |  import { createTRPCReact } from "@trpc/react-query";
[2026-04-18T15:17:22.676Z] |                                   ^
[2026-04-18T15:17:22.677Z] 2  |  export const trpc = createTRPCReact();
[2026-04-18T15:17:22.677Z] 3  |
[2026-04-18T15:17:22.677Z] 11:17:22 AM [vite] (client) Pre-transform error: Failed to resolve import "@trpc/react-query" from "client/src/lib/trpc.ts". Does the file exist?
[2026-04-18T15:17:22.678Z] Plugin: vite:import-analysis
[2026-04-18T15:17:22.678Z] File: /home/ubuntu/viaoceanica-ai/client/src/lib/trpc.ts:1:32
[2026-04-18T15:17:22.678Z] 1  |  import { createTRPCReact } from "@trpc/react-query";
[2026-04-18T15:17:22.678Z] |                                   ^
[2026-04-18T15:17:22.679Z] 2  |  export const trpc = createTRPCReact();
[2026-04-18T15:17:22.679Z] 3  |
[2026-04-18T15:17:22.679Z] 11:17:22 AM [vite] (client) Pre-transform error: Failed to resolve import "@trpc/react-query" from "client/src/lib/trpc.ts". Does the file exist?
[2026-04-18T15:17:22.679Z] Plugin: vite:import-analysis
[2026-04-18T15:17:22.680Z] File: /home/ubuntu/viaoceanica-ai/client/src/lib/trpc.ts:1:32
[2026-04-18T15:17:22.680Z] 1  |  import { createTRPCReact } from "@trpc/react-query";
[2026-04-18T15:17:22.680Z] |                                   ^
[2026-04-18T15:17:22.680Z] 2  |  export const trpc = createTRPCReact();
[2026-04-18T15:17:22.680Z] 3  |
[2026-04-18T15:17:22.680Z] 11:17:22 AM [vite] (client) Pre-transform error: Failed to resolve import "@trpc/react-query" from "client/src/lib/trpc.ts". Does the file exist?
[2026-04-18T15:17:22.681Z] Plugin: vite:import-analysis
[2026-04-18T15:17:22.681Z] File: /home/ubuntu/viaoceanica-ai/client/src/lib/trpc.ts:1:32
[2026-04-18T15:17:22.681Z] 1  |  import { createTRPCReact } from "@trpc/react-query";
[2026-04-18T15:17:22.681Z] |                                   ^
[2026-04-18T15:17:22.681Z] 2  |  export const trpc = createTRPCReact();
[2026-04-18T15:17:22.682Z] 3  |
[2026-04-18T15:17:22.682Z] 11:17:22 AM [vite] (client) Pre-transform error: Failed to resolve import "@trpc/react-query" from "client/src/lib/trpc.ts". Does the file exist?
[2026-04-18T15:17:22.682Z] Plugin: vite:import-analysis
[2026-04-18T15:17:22.682Z] File: /home/ubuntu/viaoceanica-ai/client/src/lib/trpc.ts:1:32
[2026-04-18T15:17:22.682Z] 1  |  import { createTRPCReact } from "@trpc/react-query";
[2026-04-18T15:17:22.683Z] |                                   ^
[2026-04-18T15:17:22.683Z] 2  |  export const trpc = createTRPCReact();
[2026-04-18T15:17:22.683Z] 3  |
[2026-04-18T15:17:22.683Z] 11:17:22 AM [vite] (client) Pre-transform error: Failed to resolve import "react/jsx-dev-runtime" from "client/src/components/ui/select.tsx". Does the file exist?
[2026-04-18T15:17:22.684Z] Plugin: vite:import-analysis
[2026-04-18T15:17:22.684Z] File: /home/ubuntu/viaoceanica-ai/client/src/components/ui/select.tsx:10:9
[2026-04-18T15:17:22.684Z] 1  |  import { jsxDEV } from "react/jsx-dev-runtime";
[2026-04-18T15:17:22.684Z] |                          ^
[2026-04-18T15:17:22.684Z] 2  |  import * as SelectPrimitive from "@radix-ui/react-select";
[2026-04-18T15:17:22.685Z] 3  |  import { CheckIcon, ChevronDownIcon, ChevronUpIcon } from "lucide-react";
[2026-04-18T15:17:22.685Z] 11:17:22 AM [vite] (client) Pre-transform error: Failed to resolve import "react/jsx-dev-runtime" from "client/src/components/ui/select.tsx". Does the file exist?
[2026-04-18T15:17:22.685Z] Plugin: vite:import-analysis
[2026-04-18T15:17:22.685Z] File: /home/ubuntu/viaoceanica-ai/client/src/components/ui/select.tsx:10:9
[2026-04-18T15:17:22.685Z] 1  |  import { jsxDEV } from "react/jsx-dev-runtime";
[2026-04-18T15:17:22.685Z] |                          ^
[2026-04-18T15:17:22.686Z] 2  |  import * as SelectPrimitive from "@radix-ui/react-select";
[2026-04-18T15:17:22.686Z] 3  |  import { CheckIcon, ChevronDownIcon, ChevronUpIcon } from "lucide-react";
[2026-04-18T15:17:22.686Z] 11:17:22 AM [vite] (client) Pre-transform error: Failed to resolve import "react/jsx-dev-runtime" from "client/src/components/ui/select.tsx". Does the file exist?
[2026-04-18T15:17:22.686Z] Plugin: vite:import-analysis
[2026-04-18T15:17:22.686Z] File: /home/ubuntu/viaoceanica-ai/client/src/components/ui/select.tsx:10:9
[2026-04-18T15:17:22.687Z] 1  |  import { jsxDEV } from "react/jsx-dev-runtime";
[2026-04-18T15:17:22.687Z] |                          ^
[2026-04-18T15:17:22.687Z] 2  |  import * as SelectPrimitive from "@radix-ui/react-select";
[2026-04-18T15:17:22.687Z] 3  |  import { CheckIcon, ChevronDownIcon, ChevronUpIcon } from "lucide-react";
[2026-04-18T15:17:22.687Z] 11:17:22 AM [vite] (client) Pre-transform error: Failed to resolve import "react/jsx-dev-runtime" from "client/src/components/ui/table.tsx". Does the file exist?
[2026-04-18T15:17:22.687Z] Plugin: vite:import-analysis
[2026-04-18T15:17:22.688Z] File: /home/ubuntu/viaoceanica-ai/client/src/components/ui/table.tsx:11:6
[2026-04-18T15:17:22.688Z] 1  |  import { jsxDEV } from "react/jsx-dev-runtime";
[2026-04-18T15:17:22.688Z] |                          ^
[2026-04-18T15:17:22.688Z] 2  |  import { cn } from "@/lib/utils";
[2026-04-18T15:17:22.688Z] 3  |  function Table({ className, ...props }) {
[2026-04-18T15:17:22.689Z] 11:17:22 AM [vite] (client) Pre-transform error: Failed to resolve import "react/jsx-dev-runtime" from "client/src/components/ui/switch.tsx". Does the file exist?
[2026-04-18T15:17:22.689Z] Plugin: vite:import-analysis
[2026-04-18T15:17:22.689Z] File: /home/ubuntu/viaoceanica-ai/client/src/components/ui/switch.tsx:19:6
[2026-04-18T15:17:22.689Z] 1  |  import { jsxDEV } from "react/jsx-dev-runtime";
[2026-04-18T15:17:22.689Z] |                          ^
[2026-04-18T15:17:22.690Z] 2  |  import * as SwitchPrimitive from "@radix-ui/react-switch";
[2026-04-18T15:17:22.690Z] 3  |  import { cn } from "@/lib/utils";
[2026-04-18T15:17:22.690Z] 11:17:22 AM [vite] (client) Pre-transform error: Failed to resolve import "react/jsx-dev-runtime" from "client/src/components/ui/checkbox.tsx". Does the file exist?
[2026-04-18T15:17:22.690Z] Plugin: vite:import-analysis
[2026-04-18T15:17:22.690Z] File: /home/ubuntu/viaoceanica-ai/client/src/components/ui/checkbox.tsx:24:8
[2026-04-18T15:17:22.690Z] 1  |  import { jsxDEV } from "react/jsx-dev-runtime";
[2026-04-18T15:17:22.691Z] |                          ^
[2026-04-18T15:17:22.691Z] 2  |  import * as CheckboxPrimitive from "@radix-ui/react-checkbox";
[2026-04-18T15:17:22.691Z] 3  |  import { CheckIcon } from "lucide-react";
[2026-04-18T15:17:22.691Z] 11:17:22 AM [vite] (client) Pre-transform error: Failed to resolve import "react/jsx-dev-runtime" from "client/src/components/ui/separator.tsx". Does the file exist?
[2026-04-18T15:17:22.691Z] Plugin: vite:import-analysis
[2026-04-18T15:17:22.692Z] File: /home/ubuntu/viaoceanica-ai/client/src/components/ui/separator.tsx:13:4
[2026-04-18T15:17:22.692Z] 1  |  import { jsxDEV } from "react/jsx-dev-runtime";
[2026-04-18T15:17:22.692Z] |                          ^
[2026-04-18T15:17:22.692Z] 2  |  import * as SeparatorPrimitive from "@radix-ui/react-separator";
[2026-04-18T15:17:22.692Z] 3  |  import { cn } from "@/lib/utils";
[2026-04-18T15:17:22.693Z] 11:17:22 AM [vite] (client) Pre-transform error: Failed to resolve import "@trpc/react-query" from "client/src/lib/trpc.ts". Does the file exist?
[2026-04-18T15:17:22.693Z] Plugin: vite:import-analysis
[2026-04-18T15:17:22.693Z] File: /home/ubuntu/viaoceanica-ai/client/src/lib/trpc.ts:1:32
[2026-04-18T15:17:22.693Z] 1  |  import { createTRPCReact } from "@trpc/react-query";
[2026-04-18T15:17:22.693Z] |                                   ^
[2026-04-18T15:17:22.694Z] 2  |  export const trpc = createTRPCReact();
[2026-04-18T15:17:22.694Z] 3  |
[2026-04-18T15:17:22.694Z] 11:17:22 AM [vite] (client) Pre-transform error: Failed to resolve import "react/jsx-dev-runtime" from "client/src/components/ui/select.tsx". Does the file exist?
[2026-04-18T15:17:22.694Z] Plugin: vite:import-analysis
[2026-04-18T15:17:22.694Z] File: /home/ubuntu/viaoceanica-ai/client/src/components/ui/select.tsx:10:9
[2026-04-18T15:17:22.694Z] 1  |  import { jsxDEV } from "react/jsx-dev-runtime";
[2026-04-18T15:17:22.695Z] |                          ^
[2026-04-18T15:17:22.695Z] 2  |  import * as SelectPrimitive from "@radix-ui/react-select";
[2026-04-18T15:17:22.695Z] 3  |  import { CheckIcon, ChevronDownIcon, ChevronUpIcon } from "lucide-react";
[2026-04-18T15:17:22.695Z] 11:17:22 AM [vite] (client) Pre-transform error: Failed to resolve import "react/jsx-dev-runtime" from "client/src/components/ui/tabs.tsx". Does the file exist?
[2026-04-18T15:17:22.695Z] Plugin: vite:import-analysis
[2026-04-18T15:17:22.696Z] File: /home/ubuntu/viaoceanica-ai/client/src/components/ui/tabs.tsx:11:4
[2026-04-18T15:17:22.696Z] 1  |  import { jsxDEV } from "react/jsx-dev-runtime";
[2026-04-18T15:17:22.696Z] |                          ^
[2026-04-18T15:17:22.696Z] 2  |  import * as TabsPrimitive from "@radix-ui/react-tabs";
[2026-04-18T15:17:22.696Z] 3  |  import { cn } from "@/lib/utils";
[2026-04-18T15:17:22.697Z] 11:17:22 AM [vite] (client) Pre-transform error: Failed to resolve import "react/jsx-dev-runtime" from "client/src/components/ui/textarea.tsx". Does the file exist?
[2026-04-18T15:17:22.697Z] Plugin: vite:import-analysis
[2026-04-18T15:17:22.697Z] File: /home/ubuntu/viaoceanica-ai/client/src/components/ui/textarea.tsx:53:4
[2026-04-18T15:17:22.697Z] 1  |  import { jsxDEV } from "react/jsx-dev-runtime";
[2026-04-18T15:17:22.697Z] |                          ^
[2026-04-18T15:17:22.698Z] 2  |  var _s = $RefreshSig$();
[2026-04-18T15:17:22.698Z] 3  |  import { useDialogComposition } from "@/components/ui/dialog";
[2026-04-18T15:17:22.698Z] 11:17:22 AM [vite] (client) Pre-transform error: Failed to resolve import "react/jsx-dev-runtime" from "client/src/components/ui/tabs.tsx". Does the file exist?
[2026-04-18T15:17:22.698Z] Plugin: vite:import-analysis
[2026-04-18T15:17:22.698Z] File: /home/ubuntu/viaoceanica-ai/client/src/components/ui/tabs.tsx:11:4
[2026-04-18T15:17:22.698Z] 1  |  import { jsxDEV } from "react/jsx-dev-runtime";
[2026-04-18T15:17:22.699Z] |                          ^
[2026-04-18T15:17:22.699Z] 2  |  import * as TabsPrimitive from "@radix-ui/react-tabs";
[2026-04-18T15:17:22.699Z] 3  |  import { cn } from "@/lib/utils";
[2026-04-18T15:17:22.699Z] 11:17:22 AM [vite] (client) Pre-transform error: Failed to resolve import "react/jsx-dev-runtime" from "client/src/components/ui/textarea.tsx". Does the file exist?
[2026-04-18T15:17:22.699Z] Plugin: vite:import-analysis
[2026-04-18T15:17:22.699Z] File: /home/ubuntu/viaoceanica-ai/client/src/components/ui/textarea.tsx:53:4
[2026-04-18T15:17:22.700Z] 1  |  import { jsxDEV } from "react/jsx-dev-runtime";
[2026-04-18T15:17:22.700Z] |                          ^
[2026-04-18T15:17:22.700Z] 2  |  var _s = $RefreshSig$();
[2026-04-18T15:17:22.700Z] 3  |  import { useDialogComposition } from "@/components/ui/dialog";
[2026-04-18T15:17:22.700Z] 11:17:22 AM [vite] (client) Pre-transform error: Failed to resolve import "react/jsx-dev-runtime" from "client/src/components/ui/chart.tsx". Does the file exist?
[2026-04-18T15:17:22.700Z] Plugin: vite:import-analysis
[2026-04-18T15:17:22.701Z] File: /home/ubuntu/viaoceanica-ai/client/src/components/ui/chart.tsx:61:8
[2026-04-18T15:17:22.701Z] 1  |  import { Fragment, jsxDEV } from "react/jsx-dev-runtime";
[2026-04-18T15:17:22.701Z] |                                    ^
[2026-04-18T15:17:22.701Z] 2  |  var _s = $RefreshSig$(), _s2 = $RefreshSig$(), _s3 = $RefreshSig$(), _s4 = $RefreshSig$();
[2026-04-18T15:17:22.701Z] 3  |  import * as React from "react";
[2026-04-18T15:17:22.702Z] 11:17:22 AM [vite] (client) Pre-transform error: Failed to resolve import "clsx" from "client/src/lib/utils.ts". Does the file exist?
[2026-04-18T15:17:22.702Z] Plugin: vite:import-analysis
[2026-04-18T15:17:22.702Z] File: /home/ubuntu/viaoceanica-ai/client/src/lib/utils.ts:1:38
[2026-04-18T15:17:22.702Z] 1  |  import { clsx } from "clsx";
[2026-04-18T15:17:22.702Z] |                        ^
[2026-04-18T15:17:22.702Z] 2  |  import { twMerge } from "tailwind-merge";
[2026-04-18T15:17:22.703Z] 3  |  export function cn(...inputs) {
[2026-04-18T15:17:22.703Z] 11:17:22 AM [vite] (client) Pre-transform error: Failed to resolve import "clsx" from "client/src/lib/utils.ts". Does the file exist?
[2026-04-18T15:17:22.703Z] Plugin: vite:import-analysis
[2026-04-18T15:17:22.703Z] File: /home/ubuntu/viaoceanica-ai/client/src/lib/utils.ts:1:38
[2026-04-18T15:17:22.704Z] 1  |  import { clsx } from "clsx";
[2026-04-18T15:17:22.704Z] |                        ^
[2026-04-18T15:17:22.715Z] 2  |  import { twMerge } from "tailwind-merge";
[2026-04-18T15:17:22.716Z] 3  |  export function cn(...inputs) {
[2026-04-18T15:17:22.716Z] 11:17:22 AM [vite] (client) Pre-transform error: Failed to resolve import "clsx" from "client/src/lib/utils.ts". Does the file exist?
[2026-04-18T15:17:22.716Z] Plugin: vite:import-analysis
[2026-04-18T15:17:22.722Z] File: /home/ubuntu/viaoceanica-ai/client/src/lib/utils.ts:1:38
[2026-04-18T15:17:22.723Z] 1  |  import { clsx } from "clsx";
[2026-04-18T15:17:22.736Z] |                        ^
[2026-04-18T15:17:22.739Z] 2  |  import { twMerge } from "tailwind-merge";
[2026-04-18T15:17:22.740Z] 3  |  export function cn(...inputs) {
[2026-04-18T15:17:22.741Z] 11:17:22 AM [vite] (client) Pre-transform error: Failed to resolve import "clsx" from "client/src/lib/utils.ts". Does the file exist?
[2026-04-18T15:17:22.741Z] Plugin: vite:import-analysis
[2026-04-18T15:17:22.742Z] File: /home/ubuntu/viaoceanica-ai/client/src/lib/utils.ts:1:38
[2026-04-18T15:17:22.742Z] 1  |  import { clsx } from "clsx";
[2026-04-18T15:17:22.743Z] |                        ^
[2026-04-18T15:17:22.743Z] 2  |  import { twMerge } from "tailwind-merge";
[2026-04-18T15:17:22.743Z] 3  |  export function cn(...inputs) {
[2026-04-18T15:17:22.744Z] 11:17:22 AM [vite] (client) Pre-transform error: Failed to resolve import "clsx" from "client/src/lib/utils.ts". Does the file exist?
[2026-04-18T15:17:22.744Z] Plugin: vite:import-analysis
[2026-04-18T15:17:22.744Z] File: /home/ubuntu/viaoceanica-ai/client/src/lib/utils.ts:1:38
[2026-04-18T15:17:22.745Z] 1  |  import { clsx } from "clsx";
[2026-04-18T15:17:22.745Z] |                        ^
[2026-04-18T15:17:22.745Z] 2  |  import { twMerge } from "tailwind-merge";
[2026-04-18T15:17:22.746Z] 3  |  export function cn(...inputs) {
[2026-04-18T15:17:22.746Z] 11:17:22 AM [vite] (client) Pre-transform error: Failed to resolve import "clsx" from "client/src/lib/utils.ts". Does the file exist?
[2026-04-18T15:17:22.746Z] Plugin: vite:import-analysis
[2026-04-18T15:17:22.746Z] File: /home/ubuntu/viaoceanica-ai/client/src/lib/utils.ts:1:38
[2026-04-18T15:17:22.746Z] 1  |  import { clsx } from "clsx";
[2026-04-18T15:17:22.747Z] |                        ^
[2026-04-18T15:17:22.747Z] 2  |  import { twMerge } from "tailwind-merge";
[2026-04-18T15:17:22.747Z] 3  |  export function cn(...inputs) {
[2026-04-18T15:17:22.747Z] 11:17:22 AM [vite] (client) Pre-transform error: Failed to resolve import "clsx" from "client/src/lib/utils.ts". Does the file exist?
[2026-04-18T15:17:22.747Z] Plugin: vite:import-analysis
[2026-04-18T15:17:22.748Z] File: /home/ubuntu/viaoceanica-ai/client/src/lib/utils.ts:1:38
[2026-04-18T15:17:22.748Z] 1  |  import { clsx } from "clsx";
[2026-04-18T15:17:22.748Z] |                        ^
[2026-04-18T15:17:22.748Z] 2  |  import { twMerge } from "tailwind-merge";
[2026-04-18T15:17:22.749Z] 3  |  export function cn(...inputs) {
[2026-04-18T15:17:22.749Z] 11:17:22 AM [vite] (client) Pre-transform error: Failed to resolve import "clsx" from "client/src/lib/utils.ts". Does the file exist?
[2026-04-18T15:17:22.749Z] Plugin: vite:import-analysis
[2026-04-18T15:17:22.749Z] File: /home/ubuntu/viaoceanica-ai/client/src/lib/utils.ts:1:38
[2026-04-18T15:17:22.750Z] 1  |  import { clsx } from "clsx";
[2026-04-18T15:17:22.750Z] |                        ^
[2026-04-18T15:17:22.750Z] 2  |  import { twMerge } from "tailwind-merge";
[2026-04-18T15:17:22.751Z] 3  |  export function cn(...inputs) {
[2026-04-18T15:17:22.751Z] 11:17:22 AM [vite] (client) Pre-transform error: Failed to resolve import "clsx" from "client/src/lib/utils.ts". Does the file exist?
[2026-04-18T15:17:22.751Z] Plugin: vite:import-analysis
[2026-04-18T15:17:22.751Z] File: /home/ubuntu/viaoceanica-ai/client/src/lib/utils.ts:1:38
[2026-04-18T15:17:22.752Z] 1  |  import { clsx } from "clsx";
[2026-04-18T15:17:22.752Z] |                        ^
[2026-04-18T15:17:22.753Z] 2  |  import { twMerge } from "tailwind-merge";
[2026-04-18T15:17:22.753Z] 3  |  export function cn(...inputs) {
[2026-04-18T15:17:22.754Z] 11:17:22 AM [vite] (client) Pre-transform error: Failed to resolve import "clsx" from "client/src/lib/utils.ts". Does the file exist?
[2026-04-18T15:17:22.754Z] Plugin: vite:import-analysis
[2026-04-18T15:17:22.754Z] File: /home/ubuntu/viaoceanica-ai/client/src/lib/utils.ts:1:38
[2026-04-18T15:17:22.754Z] 1  |  import { clsx } from "clsx";
[2026-04-18T15:17:22.754Z] |                        ^
[2026-04-18T15:17:22.755Z] 2  |  import { twMerge } from "tailwind-merge";
[2026-04-18T15:17:22.755Z] 3  |  export function cn(...inputs) {
[2026-04-18T15:17:22.755Z] 11:17:22 AM [vite] (client) Pre-transform error: Failed to resolve import "clsx" from "client/src/lib/utils.ts". Does the file exist?
[2026-04-18T15:17:22.755Z] Plugin: vite:import-analysis
[2026-04-18T15:17:22.756Z] File: /home/ubuntu/viaoceanica-ai/client/src/lib/utils.ts:1:38
[2026-04-18T15:17:22.756Z] 1  |  import { clsx } from "clsx";
[2026-04-18T15:17:22.756Z] |                        ^
[2026-04-18T15:17:22.756Z] 2  |  import { twMerge } from "tailwind-merge";
[2026-04-18T15:17:22.757Z] 3  |  export function cn(...inputs) {
[2026-04-18T15:17:22.757Z] 11:17:22 AM [vite] (client) Pre-transform error: Failed to resolve import "clsx" from "client/src/lib/utils.ts". Does the file exist?
[2026-04-18T15:17:22.757Z] Plugin: vite:import-analysis
[2026-04-18T15:17:22.757Z] File: /home/ubuntu/viaoceanica-ai/client/src/lib/utils.ts:1:38
[2026-04-18T15:17:22.757Z] 1  |  import { clsx } from "clsx";
[2026-04-18T15:17:22.758Z] |                        ^
[2026-04-18T15:17:22.758Z] 2  |  import { twMerge } from "tailwind-merge";
[2026-04-18T15:17:22.758Z] 3  |  export function cn(...inputs) {
[2026-04-18T15:17:22.758Z] 11:17:22 AM [vite] (client) Pre-transform error: Failed to resolve import "clsx" from "client/src/lib/utils.ts". Does the file exist?
[2026-04-18T15:17:22.759Z] Plugin: vite:import-analysis
[2026-04-18T15:17:22.759Z] File: /home/ubuntu/viaoceanica-ai/client/src/lib/utils.ts:1:38
[2026-04-18T15:17:22.759Z] 1  |  import { clsx } from "clsx";
[2026-04-18T15:17:22.760Z] |                        ^
[2026-04-18T15:17:22.761Z] 2  |  import { twMerge } from "tailwind-merge";
[2026-04-18T15:17:22.761Z] 3  |  export function cn(...inputs) {
[2026-04-18T15:17:22.761Z] 11:17:22 AM [vite] (client) Pre-transform error: Failed to resolve import "clsx" from "client/src/lib/utils.ts". Does the file exist?
[2026-04-18T15:17:22.761Z] Plugin: vite:import-analysis
[2026-04-18T15:17:22.762Z] File: /home/ubuntu/viaoceanica-ai/client/src/lib/utils.ts:1:38
[2026-04-18T15:17:22.762Z] 1  |  import { clsx } from "clsx";
[2026-04-18T15:17:22.762Z] |                        ^
[2026-04-18T15:17:22.762Z] 2  |  import { twMerge } from "tailwind-merge";
[2026-04-18T15:17:22.763Z] 3  |  export function cn(...inputs) {
[2026-04-18T15:17:22.763Z] 11:17:22 AM [vite] (client) Pre-transform error: Failed to resolve import "clsx" from "client/src/lib/utils.ts". Does the file exist?
[2026-04-18T15:17:22.763Z] Plugin: vite:import-analysis
[2026-04-18T15:17:22.763Z] File: /home/ubuntu/viaoceanica-ai/client/src/lib/utils.ts:1:38
[2026-04-18T15:17:22.763Z] 1  |  import { clsx } from "clsx";
[2026-04-18T15:17:22.764Z] |                        ^
[2026-04-18T15:17:22.764Z] 2  |  import { twMerge } from "tailwind-merge";
[2026-04-18T15:17:22.764Z] 3  |  export function cn(...inputs) {
[2026-04-18T15:17:22.764Z] 11:17:22 AM [vite] (client) Pre-transform error: Failed to resolve import "clsx" from "client/src/lib/utils.ts". Does the file exist?
[2026-04-18T15:17:22.765Z] Plugin: vite:import-analysis
[2026-04-18T15:17:22.765Z] File: /home/ubuntu/viaoceanica-ai/client/src/lib/utils.ts:1:38
[2026-04-18T15:17:22.765Z] 1  |  import { clsx } from "clsx";
[2026-04-18T15:17:22.765Z] |                        ^
[2026-04-18T15:17:22.765Z] 2  |  import { twMerge } from "tailwind-merge";
[2026-04-18T15:17:22.766Z] 3  |  export function cn(...inputs) {
[2026-04-18T15:17:22.766Z] 11:17:22 AM [vite] (client) Pre-transform error: Failed to resolve import "clsx" from "client/src/lib/utils.ts". Does the file exist?
[2026-04-18T15:17:22.766Z] Plugin: vite:import-analysis
[2026-04-18T15:17:22.766Z] File: /home/ubuntu/viaoceanica-ai/client/src/lib/utils.ts:1:38
[2026-04-18T15:17:22.767Z] 1  |  import { clsx } from "clsx";
[2026-04-18T15:17:22.767Z] |                        ^
[2026-04-18T15:17:22.767Z] 2  |  import { twMerge } from "tailwind-merge";
[2026-04-18T15:17:22.767Z] 3  |  export function cn(...inputs) {
[2026-04-18T15:17:22.767Z] 11:17:22 AM [vite] (client) Pre-transform error: Failed to resolve import "clsx" from "client/src/lib/utils.ts". Does the file exist?
[2026-04-18T15:17:22.768Z] Plugin: vite:import-analysis
[2026-04-18T15:17:22.768Z] File: /home/ubuntu/viaoceanica-ai/client/src/lib/utils.ts:1:38
[2026-04-18T15:17:22.768Z] 1  |  import { clsx } from "clsx";
[2026-04-18T15:17:22.768Z] |                        ^
[2026-04-18T15:17:22.769Z] 2  |  import { twMerge } from "tailwind-merge";
[2026-04-18T15:17:22.769Z] 3  |  export function cn(...inputs) {
[2026-04-18T15:17:22.769Z] 11:17:22 AM [vite] (client) Pre-transform error: Failed to resolve import "react/jsx-dev-runtime" from "client/src/components/ui/button.tsx". Does the file exist?
[2026-04-18T15:17:22.769Z] Plugin: vite:import-analysis
[2026-04-18T15:17:22.769Z] File: /home/ubuntu/viaoceanica-ai/client/src/components/ui/button.tsx:52:4
[2026-04-18T15:17:22.770Z] 1  |  import { jsxDEV } from "react/jsx-dev-runtime";
[2026-04-18T15:17:22.770Z] |                          ^
[2026-04-18T15:17:22.770Z] 2  |  import { Slot } from "@radix-ui/react-slot";
[2026-04-18T15:17:22.770Z] 3  |  import { cva } from "class-variance-authority";
[2026-04-18T15:17:22.770Z] 11:17:22 AM [vite] (client) Pre-transform error: Failed to resolve import "clsx" from "client/src/lib/utils.ts". Does the file exist?
[2026-04-18T15:17:22.771Z] Plugin: vite:import-analysis
[2026-04-18T15:17:22.771Z] File: /home/ubuntu/viaoceanica-ai/client/src/lib/utils.ts:1:38
[2026-04-18T15:17:22.771Z] 1  |  import { clsx } from "clsx";
[2026-04-18T15:17:22.771Z] |                        ^
[2026-04-18T15:17:22.771Z] 2  |  import { twMerge } from "tailwind-merge";
[2026-04-18T15:17:22.772Z] 3  |  export function cn(...inputs) {
[2026-04-18T15:17:22.772Z] 11:17:22 AM [vite] (client) Pre-transform error: Failed to resolve import "react/jsx-dev-runtime" from "client/src/components/ui/button.tsx". Does the file exist?
[2026-04-18T15:17:22.772Z] Plugin: vite:import-analysis
[2026-04-18T15:17:22.772Z] File: /home/ubuntu/viaoceanica-ai/client/src/components/ui/button.tsx:52:4
[2026-04-18T15:17:22.773Z] 1  |  import { jsxDEV } from "react/jsx-dev-runtime";
[2026-04-18T15:17:22.773Z] |                          ^
[2026-04-18T15:17:22.773Z] 2  |  import { Slot } from "@radix-ui/react-slot";
[2026-04-18T15:17:22.774Z] 3  |  import { cva } from "class-variance-authority";
[2026-04-18T15:17:22.775Z] 11:17:22 AM [vite] (client) Pre-transform error: Failed to resolve import "react/jsx-dev-runtime" from "client/src/components/ui/input.tsx". Does the file exist?
[2026-04-18T15:17:22.775Z] Plugin: vite:import-analysis
[2026-04-18T15:17:22.775Z] File: /home/ubuntu/viaoceanica-ai/client/src/components/ui/input.tsx:53:4
[2026-04-18T15:17:22.775Z] 1  |  import { jsxDEV } from "react/jsx-dev-runtime";
[2026-04-18T15:17:22.776Z] |                          ^
[2026-04-18T15:17:22.776Z] 2  |  var _s = $RefreshSig$();
[2026-04-18T15:17:22.776Z] 3  |  import { useDialogComposition } from "@/components/ui/dialog";
[2026-04-18T15:17:22.777Z] 11:17:22 AM [vite] (client) Pre-transform error: Failed to resolve import "react/jsx-dev-runtime" from "client/src/components/ui/sheet.tsx". Does the file exist?
[2026-04-18T15:17:22.777Z] Plugin: vite:import-analysis
[2026-04-18T15:17:22.777Z] File: /home/ubuntu/viaoceanica-ai/client/src/components/ui/sheet.tsx:10:9
[2026-04-18T15:17:22.778Z] 1  |  "use client";
[2026-04-18T15:17:22.778Z] 2  |  import { jsxDEV } from "react/jsx-dev-runtime";
[2026-04-18T15:17:22.778Z] |                          ^
[2026-04-18T15:17:22.779Z] 3  |  import * as SheetPrimitive from "@radix-ui/react-dialog";
[2026-04-18T15:17:22.779Z] 4  |  import { XIcon } from "lucide-react";
[2026-04-18T15:17:22.779Z] 11:17:22 AM [vite] (client) Pre-transform error: Failed to resolve import "react/jsx-dev-runtime" from "client/src/components/ui/skeleton.tsx". Does the file exist?
[2026-04-18T15:17:22.780Z] Plugin: vite:import-analysis
[2026-04-18T15:17:22.780Z] File: /home/ubuntu/viaoceanica-ai/client/src/components/ui/skeleton.tsx:5:4
[2026-04-18T15:17:22.780Z] 1  |  import { jsxDEV } from "react/jsx-dev-runtime";
[2026-04-18T15:17:22.780Z] |                          ^
[2026-04-18T15:17:22.781Z] 2  |  import { cn } from "@/lib/utils";
[2026-04-18T15:17:22.781Z] 3  |  function Skeleton({ className, ...props }) {
[2026-04-18T15:17:22.781Z] 11:17:22 AM [vite] (client) Pre-transform error: Failed to resolve import "react/jsx-dev-runtime" from "client/src/components/ui/tooltip.tsx". Does the file exist?
[2026-04-18T15:17:22.782Z] Plugin: vite:import-analysis
[2026-04-18T15:17:22.782Z] File: /home/ubuntu/viaoceanica-ai/client/src/components/ui/tooltip.tsx:11:4
[2026-04-18T15:17:22.782Z] 1  |  import { jsxDEV } from "react/jsx-dev-runtime";
[2026-04-18T15:17:22.782Z] |                          ^
[2026-04-18T15:17:22.782Z] 2  |  import * as TooltipPrimitive from "@radix-ui/react-tooltip";
[2026-04-18T15:17:22.783Z] 3  |  import { cn } from "@/lib/utils";
[2026-04-18T15:17:22.783Z] 11:17:22 AM [vite] (client) Pre-transform error: Failed to resolve import "react" from "client/src/hooks/useMobile.tsx". Does the file exist?
[2026-04-18T15:17:22.783Z] Plugin: vite:import-analysis
[2026-04-18T15:17:22.783Z] File: /home/ubuntu/viaoceanica-ai/client/src/hooks/useMobile.tsx:1:23
[2026-04-18T15:17:22.783Z] 1  |  var _s = $RefreshSig$();
[2026-04-18T15:17:22.784Z] 2  |  import * as React from "react";
[2026-04-18T15:17:22.784Z] |                          ^
[2026-04-18T15:17:22.784Z] 3  |  const MOBILE_BREAKPOINT = 768;
[2026-04-18T15:17:22.784Z] 4  |  export function useIsMobile() {
[2026-04-18T15:17:22.784Z] 11:17:22 AM [vite] (client) Pre-transform error: Failed to resolve import "react" from "client/src/hooks/useComposition.ts". Does the file exist?
[2026-04-18T15:17:22.785Z] Plugin: vite:import-analysis
[2026-04-18T15:17:22.785Z] File: /home/ubuntu/viaoceanica-ai/client/src/hooks/useComposition.ts:1:23
[2026-04-18T15:17:22.785Z] 1  |  import { useRef } from "react";
[2026-04-18T15:17:22.785Z] |                          ^
[2026-04-18T15:17:22.785Z] 2  |  import { usePersistFn } from "./usePersistFn";
[2026-04-18T15:17:22.786Z] 3  |  export function useComposition(options = {}) {
[2026-04-18T15:17:22.786Z] 11:17:22 AM [vite] (client) Pre-transform error: Failed to resolve import "react" from "client/src/hooks/useComposition.ts". Does the file exist?
[2026-04-18T15:17:22.786Z] Plugin: vite:import-analysis
[2026-04-18T15:17:22.786Z] File: /home/ubuntu/viaoceanica-ai/client/src/hooks/useComposition.ts:1:23
[2026-04-18T15:17:22.786Z] 1  |  import { useRef } from "react";
[2026-04-18T15:17:22.787Z] |                          ^
[2026-04-18T15:17:22.787Z] 2  |  import { usePersistFn } from "./usePersistFn";
[2026-04-18T15:17:22.787Z] 3  |  export function useComposition(options = {}) {
[2026-04-18T15:17:22.787Z] 11:17:22 AM [vite] (client) Pre-transform error: Failed to resolve import "react" from "client/src/hooks/useComposition.ts". Does the file exist?
[2026-04-18T15:17:22.787Z] Plugin: vite:import-analysis
[2026-04-18T15:17:22.788Z] File: /home/ubuntu/viaoceanica-ai/client/src/hooks/useComposition.ts:1:23
[2026-04-18T15:17:22.788Z] 1  |  import { useRef } from "react";
[2026-04-18T15:17:22.788Z] |                          ^
[2026-04-18T15:17:22.788Z] 2  |  import { usePersistFn } from "./usePersistFn";
[2026-04-18T15:17:22.788Z] 3  |  export function useComposition(options = {}) {
[2026-04-18T15:17:22.788Z] 11:17:22 AM [vite] (client) Pre-transform error: Failed to resolve import "clsx" from "client/src/lib/utils.ts". Does the file exist?
[2026-04-18T15:17:22.789Z] Plugin: vite:import-analysis
[2026-04-18T15:17:22.789Z] File: /home/ubuntu/viaoceanica-ai/client/src/lib/utils.ts:1:38
[2026-04-18T15:17:22.790Z] 1  |  import { clsx } from "clsx";
[2026-04-18T15:17:22.790Z] |                        ^
[2026-04-18T15:17:22.790Z] 2  |  import { twMerge } from "tailwind-merge";
[2026-04-18T15:17:22.790Z] 3  |  export function cn(...inputs) {
[2026-04-18T15:17:22.790Z] 11:17:22 AM [vite] (client) Pre-transform error: Failed to resolve import "clsx" from "client/src/lib/utils.ts". Does the file exist?
[2026-04-18T15:17:22.791Z] Plugin: vite:import-analysis
[2026-04-18T15:17:22.791Z] File: /home/ubuntu/viaoceanica-ai/client/src/lib/utils.ts:1:38
[2026-04-18T15:17:22.791Z] 1  |  import { clsx } from "clsx";
[2026-04-18T15:17:22.791Z] |                        ^
[2026-04-18T15:17:22.791Z] 2  |  import { twMerge } from "tailwind-merge";
[2026-04-18T15:17:22.792Z] 3  |  export function cn(...inputs) {
[2026-04-18T15:17:22.792Z] 11:17:22 AM [vite] (client) Pre-transform error: Failed to resolve import "clsx" from "client/src/lib/utils.ts". Does the file exist?
[2026-04-18T15:17:22.792Z] Plugin: vite:import-analysis
[2026-04-18T15:17:22.792Z] File: /home/ubuntu/viaoceanica-ai/client/src/lib/utils.ts:1:38
[2026-04-18T15:17:22.792Z] 1  |  import { clsx } from "clsx";
[2026-04-18T15:17:22.793Z] |                        ^
[2026-04-18T15:17:22.793Z] 2  |  import { twMerge } from "tailwind-merge";
[2026-04-18T15:17:22.793Z] 3  |  export function cn(...inputs) {
[2026-04-18T15:17:22.793Z] 11:17:22 AM [vite] (client) Pre-transform error: Failed to resolve import "clsx" from "client/src/lib/utils.ts". Does the file exist?
[2026-04-18T15:17:22.793Z] Plugin: vite:import-analysis
[2026-04-18T15:17:22.794Z] File: /home/ubuntu/viaoceanica-ai/client/src/lib/utils.ts:1:38
[2026-04-18T15:17:22.794Z] 1  |  import { clsx } from "clsx";
[2026-04-18T15:17:22.794Z] |                        ^
[2026-04-18T15:17:22.794Z] 2  |  import { twMerge } from "tailwind-merge";
[2026-04-18T15:17:22.794Z] 3  |  export function cn(...inputs) {
[2026-04-18T15:17:22.795Z] 11:17:22 AM [vite] (client) Pre-transform error: Failed to resolve import "clsx" from "client/src/lib/utils.ts". Does the file exist?
[2026-04-18T15:17:22.795Z] Plugin: vite:import-analysis
[2026-04-18T15:17:22.795Z] File: /home/ubuntu/viaoceanica-ai/client/src/lib/utils.ts:1:38
[2026-04-18T15:17:22.795Z] 1  |  import { clsx } from "clsx";
[2026-04-18T15:17:22.795Z] |                        ^
[2026-04-18T15:17:22.796Z] 2  |  import { twMerge } from "tailwind-merge";
[2026-04-18T15:17:22.797Z] 3  |  export function cn(...inputs) {
[2026-04-18T15:17:22.797Z] 11:17:22 AM [vite] (client) Pre-transform error: Failed to resolve import "react" from "client/src/hooks/usePersistFn.ts". Does the file exist?
[2026-04-18T15:17:22.797Z] Plugin: vite:import-analysis
[2026-04-18T15:17:22.797Z] File: /home/ubuntu/viaoceanica-ai/client/src/hooks/usePersistFn.ts:1:23
[2026-04-18T15:17:22.798Z] 1  |  import { useRef } from "react";
[2026-04-18T15:17:22.798Z] |                          ^
[2026-04-18T15:17:22.798Z] 2  |  export function usePersistFn(fn) {
[2026-04-18T15:17:22.798Z] 3  |    const fnRef = useRef(fn);
[2026-04-18T15:17:22.798Z] 11:17:22 AM [vite] (client) Pre-transform error: Failed to resolve import "react/jsx-dev-runtime" from "client/src/components/ui/dialog.tsx". Does the file exist?
[2026-04-18T15:17:22.799Z] Plugin: vite:import-analysis
[2026-04-18T15:17:22.799Z] File: /home/ubuntu/viaoceanica-ai/client/src/components/ui/dialog.tsx:51:6
[2026-04-18T15:17:22.799Z] 1  |  import { jsxDEV } from "react/jsx-dev-runtime";
[2026-04-18T15:17:22.799Z] |                          ^
[2026-04-18T15:17:22.799Z] 2  |  var _s = $RefreshSig$(), _s2 = $RefreshSig$(), _s3 = $RefreshSig$();
[2026-04-18T15:17:22.800Z] 3  |  import { cn } from "@/lib/utils";
[2026-04-18T15:17:22.800Z] 11:17:22 AM [vite] Internal server error: Failed to resolve import "react/jsx-dev-runtime" from "client/src/main.tsx?v=B7eY3Z1hatbsZ5nfpEtg3". Does the file exist?
[2026-04-18T15:17:22.800Z] Plugin: vite:import-analysis
[2026-04-18T15:17:22.800Z] File: /home/ubuntu/viaoceanica-ai/client/src/main.tsx?v=B7eY3Z1hatbsZ5nfpEtg3:30:6
[2026-04-18T15:17:22.800Z] 1  |  import { jsxDEV } from "react/jsx-dev-runtime";
[2026-04-18T15:17:22.801Z] |                          ^
[2026-04-18T15:17:22.801Z] 2  |  import { createRoot } from "react-dom/client";
[2026-04-18T15:17:22.801Z] 3  |  import { QueryClient, QueryClientProvider } from "@tanstack/react-query";
[2026-04-18T15:17:22.801Z] at TransformPluginContext._formatLog (/home/ubuntu/viaoceanica-ai/node_modules/.pnpm/vite@7.1.9_@types+node@24.7.0_jiti@2.6.1_lightningcss@1.30.1_tsx@4.20.6/node_modules/vite/dist/node/chunks/dep-Chhhsdoe.js:31219:43)
[2026-04-18T15:17:22.801Z] at TransformPluginContext.error (/home/ubuntu/viaoceanica-ai/node_modules/.pnpm/vite@7.1.9_@types+node@24.7.0_jiti@2.6.1_lightningcss@1.30.1_tsx@4.20.6/node_modules/vite/dist/node/chunks/dep-Chhhsdoe.js:31216:14)
[2026-04-18T15:17:22.802Z] at normalizeUrl (/home/ubuntu/viaoceanica-ai/node_modules/.pnpm/vite@7.1.9_@types+node@24.7.0_jiti@2.6.1_lightningcss@1.30.1_tsx@4.20.6/node_modules/vite/dist/node/chunks/dep-Chhhsdoe.js:29699:18)
[2026-04-18T15:17:22.802Z] at process.processTicksAndRejections (node:internal/process/task_queues:105:5)
[2026-04-18T15:17:22.802Z] at async <anonymous> (/home/ubuntu/viaoceanica-ai/node_modules/.pnpm/vite@7.1.9_@types+node@24.7.0_jiti@2.6.1_lightningcss@1.30.1_tsx@4.20.6/node_modules/vite/dist/node/chunks/dep-Chhhsdoe.js:29757:32)
[2026-04-18T15:17:22.802Z] at async Promise.all (index 0)
[2026-04-18T15:17:22.802Z] at async TransformPluginContext.transform (/home/ubuntu/viaoceanica-ai/node_modules/.pnpm/vite@7.1.9_@types+node@24.7.0_jiti@2.6.1_lightningcss@1.30.1_tsx@4.20.6/node_modules/vite/dist/node/chunks/dep-Chhhsdoe.js:29725:4)
[2026-04-18T15:17:22.803Z] at async EnvironmentPluginContainer.transform (/home/ubuntu/viaoceanica-ai/node_modules/.pnpm/vite@7.1.9_@types+node@24.7.0_jiti@2.6.1_lightningcss@1.30.1_tsx@4.20.6/node_modules/vite/dist/node/chunks/dep-Chhhsdoe.js:31018:14)
[2026-04-18T15:17:22.803Z] at async loadAndTransform (/home/ubuntu/viaoceanica-ai/node_modules/.pnpm/vite@7.1.9_@types+node@24.7.0_jiti@2.6.1_lightningcss@1.30.1_tsx@4.20.6/node_modules/vite/dist/node/chunks/dep-Chhhsdoe.js:26143:26)
[2026-04-18T15:17:22.803Z] at async viteTransformMiddleware (/home/ubuntu/viaoceanica-ai/node_modules/.pnpm/vite@7.1.9_@types+node@24.7.0_jiti@2.6.1_lightningcss@1.30.1_tsx@4.20.6/node_modules/vite/dist/node/chunks/dep-Chhhsdoe.js:27221:20)
[2026-04-18T15:17:22.803Z] 11:17:22 AM [vite] (client) Pre-transform error: Failed to resolve import "react/jsx-dev-runtime" from "client/src/components/ui/dialog.tsx". Does the file exist?
[2026-04-18T15:17:22.804Z] Plugin: vite:import-analysis
[2026-04-18T15:17:22.804Z] File: /home/ubuntu/viaoceanica-ai/client/src/components/ui/dialog.tsx:51:6
[2026-04-18T15:17:22.804Z] 1  |  import { jsxDEV } from "react/jsx-dev-runtime";
[2026-04-18T15:17:22.805Z] |                          ^
[2026-04-18T15:17:22.805Z] 2  |  var _s = $RefreshSig$(), _s2 = $RefreshSig$(), _s3 = $RefreshSig$();
[2026-04-18T15:17:22.805Z] 3  |  import { cn } from "@/lib/utils";
[2026-04-18T15:17:22.805Z] 11:17:22 AM [vite] (client) Pre-transform error: Failed to resolve import "@trpc/react-query" from "client/src/lib/trpc.ts". Does the file exist?
[2026-04-18T15:17:22.805Z] Plugin: vite:import-analysis
[2026-04-18T15:17:22.806Z] File: /home/ubuntu/viaoceanica-ai/client/src/lib/trpc.ts:1:32
[2026-04-18T15:17:22.806Z] 1  |  import { createTRPCReact } from "@trpc/react-query";
[2026-04-18T15:17:22.806Z] |                                   ^
[2026-04-18T15:17:22.807Z] 2  |  export const trpc = createTRPCReact();
[2026-04-18T15:17:22.807Z] 3  |
[2026-04-18T15:17:22.807Z] 11:17:22 AM [vite] (client) Pre-transform error: Failed to resolve import "clsx" from "client/src/lib/utils.ts". Does the file exist?
[2026-04-18T15:17:22.807Z] Plugin: vite:import-analysis
[2026-04-18T15:17:22.808Z] File: /home/ubuntu/viaoceanica-ai/client/src/lib/utils.ts:1:38
[2026-04-18T15:17:22.808Z] 1  |  import { clsx } from "clsx";
[2026-04-18T15:17:22.808Z] |                        ^
[2026-04-18T15:17:22.808Z] 2  |  import { twMerge } from "tailwind-merge";
[2026-04-18T15:17:22.808Z] 3  |  export function cn(...inputs) {
[2026-04-18T15:17:22.809Z] 11:17:22 AM [vite] (client) Pre-transform error: Failed to resolve import "react/jsx-dev-runtime" from "client/src/App.tsx". Does the file exist?
[2026-04-18T15:17:22.809Z] Plugin: vite:import-analysis
[2026-04-18T15:17:22.809Z] File: /home/ubuntu/viaoceanica-ai/client/src/App.tsx:44:14
[2026-04-18T15:17:22.809Z] 1  |  import { jsxDEV } from "react/jsx-dev-runtime";
[2026-04-18T15:17:22.809Z] |                          ^
[2026-04-18T15:17:22.810Z] 2  |  var _s = $RefreshSig$(), _s2 = $RefreshSig$(), _s3 = $RefreshSig$();
[2026-04-18T15:17:22.810Z] 3  |  import { Toaster } from "@/components/ui/sonner";
[2026-04-18T15:17:22.810Z] 11:17:22 AM [vite] (client) Pre-transform error: Failed to load PostCSS config (searchPath: /home/ubuntu/viaoceanica-ai/client): [SyntaxError] Expected double-quoted property name in JSON at position 1922 (line 49 column 1)
[2026-04-18T15:17:22.810Z] SyntaxError: Expected double-quoted property name in JSON at position 1922 (line 49 column 1)
[2026-04-18T15:17:22.810Z] at JSON.parse (<anonymous>)
[2026-04-18T15:17:22.811Z] at jsonLoader (/home/ubuntu/viaoceanica-ai/node_modules/.pnpm/vite@7.1.9_@types+node@24.7.0_jiti@2.6.1_lightningcss@1.30.1_tsx@4.20.6/node_modules/vite/dist/node/chunks/dep-Chhhsdoe.js:8141:42)
[2026-04-18T15:17:22.811Z] at Object.search (/home/ubuntu/viaoceanica-ai/node_modules/.pnpm/vite@7.1.9_@types+node@24.7.0_jiti@2.6.1_lightningcss@1.30.1_tsx@4.20.6/node_modules/vite/dist/node/chunks/dep-Chhhsdoe.js:8257:26)
[2026-04-18T15:17:22.811Z] Plugin: vite:css
[2026-04-18T15:17:22.811Z] File: /home/ubuntu/viaoceanica-ai/client/src/index.css
[2026-04-18T15:17:23.420Z] 11:17:23 AM [vite] (client) Pre-transform error: Failed to resolve import "react/jsx-dev-runtime" from "client/src/contexts/ThemeContext.tsx". Does the file exist?
[2026-04-18T15:17:23.421Z] Plugin: vite:import-analysis
[2026-04-18T15:17:23.422Z] File: /home/ubuntu/viaoceanica-ai/client/src/contexts/ThemeContext.tsx:52:4
[2026-04-18T15:17:23.423Z] 1  |  import { jsxDEV } from "react/jsx-dev-runtime";
[2026-04-18T15:17:23.424Z] |                          ^
[2026-04-18T15:17:23.424Z] 2  |  var _s = $RefreshSig$(), _s2 = $RefreshSig$();
[2026-04-18T15:17:23.424Z] 3  |  import { createContext, useContext, useEffect, useState } from "react";
[2026-04-18T15:17:23.436Z] 11:17:23 AM [vite] (client) Pre-transform error: Failed to resolve import "react/jsx-dev-runtime" from "client/src/components/DashboardLayout.tsx". Does the file exist?
[2026-04-18T15:17:23.437Z] Plugin: vite:import-analysis
[2026-04-18T15:17:23.437Z] File: /home/ubuntu/viaoceanica-ai/client/src/components/DashboardLayout.tsx:109:11
[2026-04-18T15:17:23.438Z] 1  |  import { Fragment, jsxDEV } from "react/jsx-dev-runtime";
[2026-04-18T15:17:23.438Z] |                                    ^
[2026-04-18T15:17:23.438Z] 2  |  var _s = $RefreshSig$(), _s2 = $RefreshSig$();
[2026-04-18T15:17:23.438Z] 3  |  import { useAuth } from "@/_core/hooks/useAuth";
[2026-04-18T15:17:23.439Z] 11:17:23 AM [vite] (client) Pre-transform error: Failed to resolve import "react/jsx-dev-runtime" from "client/src/pages/Home.tsx". Does the file exist?
[2026-04-18T15:17:23.439Z] Plugin: vite:import-analysis
[2026-04-18T15:17:23.440Z] File: /home/ubuntu/viaoceanica-ai/client/src/pages/Home.tsx:17:12
[2026-04-18T15:17:23.440Z] 1  |  import { Fragment, jsxDEV } from "react/jsx-dev-runtime";
[2026-04-18T15:17:23.440Z] |                                    ^
[2026-04-18T15:17:23.441Z] 2  |  var _s = $RefreshSig$();
[2026-04-18T15:17:23.441Z] 3  |  import { useAuth } from "@/_core/hooks/useAuth";
[2026-04-18T15:17:23.455Z] 11:17:23 AM [vite] (client) Pre-transform error: Failed to resolve import "react/jsx-dev-runtime" from "client/src/pages/Register.tsx". Does the file exist?
[2026-04-18T15:17:23.455Z] Plugin: vite:import-analysis
[2026-04-18T15:17:23.456Z] File: /home/ubuntu/viaoceanica-ai/client/src/pages/Register.tsx:75:12
[2026-04-18T15:17:23.456Z] 1  |  import { jsxDEV } from "react/jsx-dev-runtime";
[2026-04-18T15:17:23.456Z] |                          ^
[2026-04-18T15:17:23.456Z] 2  |  var _s = $RefreshSig$();
[2026-04-18T15:17:23.457Z] 3  |  import { Button } from "@/components/ui/button";
[2026-04-18T15:17:23.457Z] 11:17:23 AM [vite] (client) Pre-transform error: Failed to resolve import "react/jsx-dev-runtime" from "client/src/pages/ForgotPassword.tsx". Does the file exist?
[2026-04-18T15:17:23.457Z] Plugin: vite:import-analysis
[2026-04-18T15:17:23.457Z] File: /home/ubuntu/viaoceanica-ai/client/src/pages/ForgotPassword.tsx:54:12
[2026-04-18T15:17:23.458Z] 1  |  import { Fragment, jsxDEV } from "react/jsx-dev-runtime";
[2026-04-18T15:17:23.458Z] |                                    ^
[2026-04-18T15:17:23.458Z] 2  |  var _s = $RefreshSig$();
[2026-04-18T15:17:23.458Z] 3  |  import { Button } from "@/components/ui/button";
[2026-04-18T15:17:23.463Z] 11:17:23 AM [vite] (client) Pre-transform error: Failed to resolve import "react/jsx-dev-runtime" from "client/src/pages/ResetPassword.tsx". Does the file exist?
[2026-04-18T15:17:23.464Z] Plugin: vite:import-analysis
[2026-04-18T15:17:23.465Z] File: /home/ubuntu/viaoceanica-ai/client/src/pages/ResetPassword.tsx:99:10
[2026-04-18T15:17:23.465Z] 1  |  import { Fragment, jsxDEV } from "react/jsx-dev-runtime";
[2026-04-18T15:17:23.466Z] |                                    ^
[2026-04-18T15:17:23.466Z] 2  |  var _s = $RefreshSig$();
[2026-04-18T15:17:23.466Z] 3  |  import { Button } from "@/components/ui/button";
[2026-04-18T15:17:23.480Z] 11:17:23 AM [vite] (client) Pre-transform error: Failed to resolve import "react/jsx-dev-runtime" from "client/src/pages/Dashboard.tsx". Does the file exist?
[2026-04-18T15:17:23.480Z] Plugin: vite:import-analysis
[2026-04-18T15:17:23.480Z] File: /home/ubuntu/viaoceanica-ai/client/src/pages/Dashboard.tsx:37:8
[2026-04-18T15:17:23.481Z] 1  |  import { jsxDEV } from "react/jsx-dev-runtime";
[2026-04-18T15:17:23.481Z] |                          ^
[2026-04-18T15:17:23.481Z] 2  |  var _s = $RefreshSig$();
[2026-04-18T15:17:23.481Z] 3  |  import { useAuth } from "@/_core/hooks/useAuth";
[2026-04-18T15:17:23.488Z] 11:17:23 AM [vite] (client) Pre-transform error: Failed to resolve import "react/jsx-dev-runtime" from "client/src/pages/TeamManagement.tsx". Does the file exist?
[2026-04-18T15:17:23.489Z] Plugin: vite:import-analysis
[2026-04-18T15:17:23.489Z] File: /home/ubuntu/viaoceanica-ai/client/src/pages/TeamManagement.tsx:60:27
[2026-04-18T15:17:23.489Z] 1  |  import { jsxDEV } from "react/jsx-dev-runtime";
[2026-04-18T15:17:23.489Z] |                          ^
[2026-04-18T15:17:23.489Z] 2  |  var _s = $RefreshSig$();
[2026-04-18T15:17:23.490Z] 3  |  import { Card, CardContent, CardDescription, CardHeader, CardTitle } from "@/components/ui/card";
[2026-04-18T15:17:23.494Z] 11:17:23 AM [vite] (client) Pre-transform error: Failed to resolve import "react/jsx-dev-runtime" from "client/src/pages/Modules.tsx". Does the file exist?
[2026-04-18T15:17:23.494Z] Plugin: vite:import-analysis
[2026-04-18T15:17:23.495Z] File: /home/ubuntu/viaoceanica-ai/client/src/pages/Modules.tsx:128:8
[2026-04-18T15:17:23.495Z] 1  |  import { jsxDEV } from "react/jsx-dev-runtime";
[2026-04-18T15:17:23.495Z] |                          ^
[2026-04-18T15:17:23.495Z] 2  |  var _s = $RefreshSig$();
[2026-04-18T15:17:23.496Z] 3  |  import { Card, CardContent, CardDescription, CardHeader, CardTitle } from "@/components/ui/card";
[2026-04-18T15:17:23.502Z] 11:17:23 AM [vite] (client) Pre-transform error: Failed to resolve import "react/jsx-dev-runtime" from "client/src/pages/CompanyProfile.tsx". Does the file exist?
[2026-04-18T15:17:23.503Z] Plugin: vite:import-analysis
[2026-04-18T15:17:23.503Z] File: /home/ubuntu/viaoceanica-ai/client/src/pages/CompanyProfile.tsx:53:8
[2026-04-18T15:17:23.503Z] 1  |  import { jsxDEV } from "react/jsx-dev-runtime";
[2026-04-18T15:17:23.504Z] |                          ^
[2026-04-18T15:17:23.504Z] 2  |  var _s = $RefreshSig$();
[2026-04-18T15:17:23.504Z] 3  |  import { Card, CardContent, CardDescription, CardHeader, CardTitle } from "@/components/ui/card";
[2026-04-18T15:17:23.505Z] 11:17:23 AM [vite] (client) Pre-transform error: Failed to resolve import "react/jsx-dev-runtime" from "client/src/pages/SettingsPage.tsx". Does the file exist?
[2026-04-18T15:17:23.505Z] Plugin: vite:import-analysis
[2026-04-18T15:17:23.505Z] File: /home/ubuntu/viaoceanica-ai/client/src/pages/SettingsPage.tsx:35:8
[2026-04-18T15:17:23.505Z] 1  |  import { jsxDEV } from "react/jsx-dev-runtime";
[2026-04-18T15:17:23.505Z] |                          ^
[2026-04-18T15:17:23.506Z] 2  |  var _s = $RefreshSig$();
[2026-04-18T15:17:23.506Z] 3  |  import { useAuth } from "@/_core/hooks/useAuth";
[2026-04-18T15:17:23.510Z] 11:17:23 AM [vite] (client) Pre-transform error: Failed to resolve import "react/jsx-dev-runtime" from "client/src/pages/UserProfile.tsx". Does the file exist?
[2026-04-18T15:17:23.511Z] Plugin: vite:import-analysis
[2026-04-18T15:17:23.511Z] File: /home/ubuntu/viaoceanica-ai/client/src/pages/UserProfile.tsx:48:15
[2026-04-18T15:17:23.511Z] 1  |  import { jsxDEV } from "react/jsx-dev-runtime";
[2026-04-18T15:17:23.511Z] |                          ^
[2026-04-18T15:17:23.512Z] 2  |  var _s = $RefreshSig$();
[2026-04-18T15:17:23.512Z] 3  |  import { Card, CardContent, CardDescription, CardHeader, CardTitle } from "@/components/ui/card";
[2026-04-18T15:17:23.512Z] 11:17:23 AM [vite] (client) Pre-transform error: Failed to resolve import "react/jsx-dev-runtime" from "client/src/pages/ModulePage.tsx". Does the file exist?
[2026-04-18T15:17:23.512Z] Plugin: vite:import-analysis
[2026-04-18T15:17:23.512Z] File: /home/ubuntu/viaoceanica-ai/client/src/pages/ModulePage.tsx:60:8
[2026-04-18T15:17:23.513Z] 1  |  import { jsxDEV } from "react/jsx-dev-runtime";
[2026-04-18T15:17:23.513Z] |                          ^
[2026-04-18T15:17:23.513Z] 2  |  var _s = $RefreshSig$();
[2026-04-18T15:17:23.514Z] 3  |  import { useLocation } from "wouter";
[2026-04-18T15:17:23.522Z] 11:17:23 AM [vite] (client) Pre-transform error: Failed to resolve import "react/jsx-dev-runtime" from "client/src/pages/Billing.tsx". Does the file exist?
[2026-04-18T15:17:23.522Z] Plugin: vite:import-analysis
[2026-04-18T15:17:23.522Z] File: /home/ubuntu/viaoceanica-ai/client/src/pages/Billing.tsx:150:8
[2026-04-18T15:17:23.523Z] 1  |  import { jsxDEV } from "react/jsx-dev-runtime";
[2026-04-18T15:17:23.523Z] |                          ^
[2026-04-18T15:17:23.524Z] 2  |  var _s = $RefreshSig$();
[2026-04-18T15:17:23.524Z] 3  |  import { Card, CardContent, CardDescription, CardHeader, CardTitle } from "@/components/ui/card";
[2026-04-18T15:17:23.525Z] 11:17:23 AM [vite] (client) Pre-transform error: Failed to resolve import "react/jsx-dev-runtime" from "client/src/pages/admin/AdminLogin.tsx". Does the file exist?
[2026-04-18T15:17:23.526Z] Plugin: vite:import-analysis
[2026-04-18T15:17:23.526Z] File: /home/ubuntu/viaoceanica-ai/client/src/pages/admin/AdminLogin.tsx:49:10
[2026-04-18T15:17:23.526Z] 1  |  import { jsxDEV } from "react/jsx-dev-runtime";
[2026-04-18T15:17:23.527Z] |                          ^
[2026-04-18T15:17:23.527Z] 2  |  var _s = $RefreshSig$();
[2026-04-18T15:17:23.527Z] 3  |  import { Button } from "@/components/ui/button";
[2026-04-18T15:17:23.527Z] 11:17:23 AM [vite] (client) Pre-transform error: Failed to resolve import "react/jsx-dev-runtime" from "client/src/pages/admin/AdminDashboard.tsx". Does the file exist?
[2026-04-18T15:17:23.528Z] Plugin: vite:import-analysis
[2026-04-18T15:17:23.528Z] File: /home/ubuntu/viaoceanica-ai/client/src/pages/admin/AdminDashboard.tsx:22:8
[2026-04-18T15:17:23.528Z] 1  |  import { jsxDEV } from "react/jsx-dev-runtime";
[2026-04-18T15:17:23.528Z] |                          ^
[2026-04-18T15:17:23.529Z] 2  |  var _s = $RefreshSig$();
[2026-04-18T15:17:23.529Z] 3  |  import { Card, CardContent, CardDescription, CardHeader, CardTitle } from "@/components/ui/card";
[2026-04-18T15:17:23.529Z] 11:17:23 AM [vite] (client) Pre-transform error: Failed to resolve import "react/jsx-dev-runtime" from "client/src/pages/Login.tsx". Does the file exist?
[2026-04-18T15:17:23.529Z] Plugin: vite:import-analysis
[2026-04-18T15:17:23.529Z] File: /home/ubuntu/viaoceanica-ai/client/src/pages/Login.tsx:55:12
[2026-04-18T15:17:23.530Z] 1  |  import { jsxDEV } from "react/jsx-dev-runtime";
[2026-04-18T15:17:23.530Z] |                          ^
[2026-04-18T15:17:23.530Z] 2  |  var _s = $RefreshSig$();
[2026-04-18T15:17:23.530Z] 3  |  import { Button } from "@/components/ui/button";
[2026-04-18T15:17:23.539Z] 11:17:23 AM [vite] (client) Pre-transform error: Failed to resolve import "react/jsx-dev-runtime" from "client/src/pages/admin/AdminCompanies.tsx". Does the file exist?
[2026-04-18T15:17:23.540Z] Plugin: vite:import-analysis
[2026-04-18T15:17:23.540Z] File: /home/ubuntu/viaoceanica-ai/client/src/pages/admin/AdminCompanies.tsx:168:10
[2026-04-18T15:17:23.541Z] 1  |  import { jsxDEV } from "react/jsx-dev-runtime";
[2026-04-18T15:17:23.541Z] |                          ^
[2026-04-18T15:17:23.541Z] 2  |  var _s = $RefreshSig$();
[2026-04-18T15:17:23.541Z] 3  |  import { Card, CardContent, CardDescription, CardHeader, CardTitle } from "@/components/ui/card";
[2026-04-18T15:17:23.541Z] 11:17:23 AM [vite] (client) Pre-transform error: Failed to resolve import "react/jsx-dev-runtime" from "client/src/pages/admin/AdminTokens.tsx". Does the file exist?
[2026-04-18T15:17:23.542Z] Plugin: vite:import-analysis
[2026-04-18T15:17:23.542Z] File: /home/ubuntu/viaoceanica-ai/client/src/pages/admin/AdminTokens.tsx:19:8
[2026-04-18T15:17:23.542Z] 1  |  import { jsxDEV } from "react/jsx-dev-runtime";
[2026-04-18T15:17:23.542Z] |                          ^
[2026-04-18T15:17:23.542Z] 2  |  var _s = $RefreshSig$();
[2026-04-18T15:17:23.543Z] 3  |  import { Card, CardContent, CardDescription, CardHeader, CardTitle } from "@/components/ui/card";
[2026-04-18T15:17:23.558Z] 11:17:23 AM [vite] (client) Pre-transform error: Failed to resolve import "react/jsx-dev-runtime" from "client/src/pages/admin/AdminModules.tsx". Does the file exist?
[2026-04-18T15:17:23.558Z] Plugin: vite:import-analysis
[2026-04-18T15:17:23.558Z] File: /home/ubuntu/viaoceanica-ai/client/src/pages/admin/AdminModules.tsx:162:16
[2026-04-18T15:17:23.559Z] 1  |  import { Fragment, jsxDEV } from "react/jsx-dev-runtime";
[2026-04-18T15:17:23.559Z] |                                    ^
[2026-04-18T15:17:23.559Z] 2  |  var _s = $RefreshSig$(), _s2 = $RefreshSig$();
[2026-04-18T15:17:23.562Z] 3  |  import { Card, CardContent, CardDescription, CardHeader, CardTitle } from "@/components/ui/card";
[2026-04-18T15:17:23.565Z] 11:17:23 AM [vite] (client) Pre-transform error: Failed to resolve import "react/jsx-dev-runtime" from "client/src/pages/admin/AdminPlans.tsx". Does the file exist?
[2026-04-18T15:17:23.565Z] Plugin: vite:import-analysis
[2026-04-18T15:17:23.565Z] File: /home/ubuntu/viaoceanica-ai/client/src/pages/admin/AdminPlans.tsx:146:10
[2026-04-18T15:17:23.566Z] 1  |  import { jsxDEV } from "react/jsx-dev-runtime";
[2026-04-18T15:17:23.566Z] |                          ^
[2026-04-18T15:17:23.566Z] 2  |  var _s = $RefreshSig$();
[2026-04-18T15:17:23.566Z] 3  |  import { Card, CardContent, CardDescription, CardHeader, CardTitle } from "@/components/ui/card";
[2026-04-18T15:17:23.576Z] 11:17:23 AM [vite] (client) Pre-transform error: Failed to resolve import "react/jsx-dev-runtime" from "client/src/pages/admin/AdminAIUsage.tsx". Does the file exist?
[2026-04-18T15:17:23.576Z] Plugin: vite:import-analysis
[2026-04-18T15:17:23.577Z] File: /home/ubuntu/viaoceanica-ai/client/src/pages/admin/AdminAIUsage.tsx:120:10
[2026-04-18T15:17:23.577Z] 1  |  import { jsxDEV } from "react/jsx-dev-runtime";
[2026-04-18T15:17:23.578Z] |                          ^
[2026-04-18T15:17:23.578Z] 2  |  var _s = $RefreshSig$();
[2026-04-18T15:17:23.578Z] 3  |  import { Card, CardContent, CardDescription, CardHeader, CardTitle } from "@/components/ui/card";
[2026-04-18T15:17:23.583Z] 11:17:23 AM [vite] (client) Pre-transform error: Failed to resolve import "react/jsx-dev-runtime" from "client/src/pages/admin/AdminBilling.tsx". Does the file exist?
[2026-04-18T15:17:23.584Z] Plugin: vite:import-analysis
[2026-04-18T15:17:23.584Z] File: /home/ubuntu/viaoceanica-ai/client/src/pages/admin/AdminBilling.tsx:19:8
[2026-04-18T15:17:23.584Z] 1  |  import { jsxDEV } from "react/jsx-dev-runtime";
[2026-04-18T15:17:23.584Z] |                          ^
[2026-04-18T15:17:23.585Z] 2  |  var _s = $RefreshSig$();
[2026-04-18T15:17:23.585Z] 3  |  import { Card, CardContent, CardDescription, CardHeader, CardTitle } from "@/components/ui/card";
[2026-04-18T15:17:23.585Z] 11:17:23 AM [vite] (client) Pre-transform error: Failed to resolve import "react/jsx-dev-runtime" from "client/src/pages/admin/AdminSettings.tsx". Does the file exist?
[2026-04-18T15:17:23.585Z] Plugin: vite:import-analysis
[2026-04-18T15:17:23.585Z] File: /home/ubuntu/viaoceanica-ai/client/src/pages/admin/AdminSettings.tsx:56:8
[2026-04-18T15:17:23.586Z] 1  |  import { jsxDEV } from "react/jsx-dev-runtime";
[2026-04-18T15:17:23.586Z] |                          ^
[2026-04-18T15:17:23.586Z] 2  |  var _s = $RefreshSig$();
[2026-04-18T15:17:23.586Z] 3  |  import { Card, CardContent, CardDescription, CardHeader, CardTitle } from "@/components/ui/card";
[2026-04-18T15:17:23.586Z] 11:17:23 AM [vite] (client) Pre-transform error: Failed to resolve import "react/jsx-dev-runtime" from "client/src/components/ui/sonner.tsx". Does the file exist?
[2026-04-18T15:17:23.586Z] Plugin: vite:import-analysis
[2026-04-18T15:17:23.587Z] File: /home/ubuntu/viaoceanica-ai/client/src/components/ui/sonner.tsx:8:4
[2026-04-18T15:17:23.587Z] 1  |  import { jsxDEV } from "react/jsx-dev-runtime";
[2026-04-18T15:17:23.587Z] |                          ^
[2026-04-18T15:17:23.587Z] 2  |  var _s = $RefreshSig$();
[2026-04-18T15:17:23.587Z] 3  |  import { useTheme } from "next-themes";
[2026-04-18T15:17:23.588Z] 11:17:23 AM [vite] (client) Pre-transform error: Failed to resolve import "react/jsx-dev-runtime" from "client/src/components/ui/tooltip.tsx". Does the file exist?
[2026-04-18T15:17:23.588Z] Plugin: vite:import-analysis
[2026-04-18T15:17:23.588Z] File: /home/ubuntu/viaoceanica-ai/client/src/components/ui/tooltip.tsx:11:4
[2026-04-18T15:17:23.588Z] 1  |  import { jsxDEV } from "react/jsx-dev-runtime";
[2026-04-18T15:17:23.588Z] |                          ^
[2026-04-18T15:17:23.588Z] 2  |  import * as TooltipPrimitive from "@radix-ui/react-tooltip";
[2026-04-18T15:17:23.589Z] 3  |  import { cn } from "@/lib/utils";
[2026-04-18T15:17:23.589Z] 11:17:23 AM [vite] (client) Pre-transform error: Failed to resolve import "react/jsx-dev-runtime" from "client/src/pages/NotFound.tsx". Does the file exist?
[2026-04-18T15:17:23.589Z] Plugin: vite:import-analysis
[2026-04-18T15:17:23.589Z] File: /home/ubuntu/viaoceanica-ai/client/src/pages/NotFound.tsx:19:14
[2026-04-18T15:17:23.590Z] 1  |  import { jsxDEV } from "react/jsx-dev-runtime";
[2026-04-18T15:17:23.590Z] |                          ^
[2026-04-18T15:17:23.591Z] 2  |  var _s = $RefreshSig$();
[2026-04-18T15:17:23.591Z] 3  |  import { Button } from "@/components/ui/button";
[2026-04-18T15:17:23.592Z] 11:17:23 AM [vite] (client) Pre-transform error: Failed to resolve import "react/jsx-dev-runtime" from "client/src/components/ErrorBoundary.tsx". Does the file exist?
[2026-04-18T15:17:23.593Z] Plugin: vite:import-analysis
[2026-04-18T15:17:23.593Z] File: /home/ubuntu/viaoceanica-ai/client/src/components/ErrorBoundary.tsx:29:12
[2026-04-18T15:17:23.594Z] 1  |  import { jsxDEV } from "react/jsx-dev-runtime";
[2026-04-18T15:17:23.594Z] |                          ^
[2026-04-18T15:17:23.594Z] 2  |  import { cn } from "@/lib/utils";
[2026-04-18T15:17:23.594Z] 3  |  import { AlertTriangle, RotateCcw } from "lucide-react";
[2026-04-18T15:17:23.594Z] 11:17:23 AM [vite] (client) Pre-transform error: Failed to resolve import "react/jsx-dev-runtime" from "client/src/pages/Tokens.tsx". Does the file exist?
[2026-04-18T15:17:23.595Z] Plugin: vite:import-analysis
[2026-04-18T15:17:23.595Z] File: /home/ubuntu/viaoceanica-ai/client/src/pages/Tokens.tsx:18:8
[2026-04-18T15:17:23.595Z] 1  |  import { jsxDEV } from "react/jsx-dev-runtime";
[2026-04-18T15:17:23.595Z] |                          ^
[2026-04-18T15:17:23.595Z] 2  |  var _s = $RefreshSig$();
[2026-04-18T15:17:23.596Z] 3  |  import { Card, CardContent, CardDescription, CardHeader, CardTitle } from "@/components/ui/card";
[2026-04-18T15:17:23.596Z] 11:17:23 AM [vite] (client) Pre-transform error: Failed to resolve import "react/jsx-dev-runtime" from "client/src/main.tsx?v=qv79q6AU8TJGxB6nMX9jR". Does the file exist?
[2026-04-18T15:17:23.596Z] Plugin: vite:import-analysis
[2026-04-18T15:17:23.596Z] File: /home/ubuntu/viaoceanica-ai/client/src/main.tsx?v=qv79q6AU8TJGxB6nMX9jR:30:6
[2026-04-18T15:17:23.597Z] 1  |  import { jsxDEV } from "react/jsx-dev-runtime";
[2026-04-18T15:17:23.597Z] |                          ^
[2026-04-18T15:17:23.597Z] 2  |  import { createRoot } from "react-dom/client";
[2026-04-18T15:17:23.597Z] 3  |  import { QueryClient, QueryClientProvider } from "@tanstack/react-query";
[2026-04-18T15:17:23.795Z] 11:17:23 AM [vite] (client) Pre-transform error: Failed to resolve import "react" from "client/src/_core/hooks/useAuth.ts". Does the file exist?
[2026-04-18T15:17:23.797Z] Plugin: vite:import-analysis
[2026-04-18T15:17:23.797Z] File: /home/ubuntu/viaoceanica-ai/client/src/_core/hooks/useAuth.ts:1:58
[2026-04-18T15:17:23.797Z] 1  |  import { useCallback, useEffect, useMemo, useState } from "react";
[2026-04-18T15:17:23.809Z] |                                                             ^
[2026-04-18T15:17:23.830Z] 2  |  export function useAuth() {
[2026-04-18T15:17:23.830Z] 3  |    const [user, setUser] = useState(null);
[2026-04-18T15:17:23.831Z] 11:17:23 AM [vite] (client) Pre-transform error: Failed to resolve import "react" from "client/src/_core/hooks/useAuth.ts". Does the file exist?
[2026-04-18T15:17:23.831Z] Plugin: vite:import-analysis
[2026-04-18T15:17:23.831Z] File: /home/ubuntu/viaoceanica-ai/client/src/_core/hooks/useAuth.ts:1:58
[2026-04-18T15:17:23.832Z] 1  |  import { useCallback, useEffect, useMemo, useState } from "react";
[2026-04-18T15:17:23.832Z] |                                                             ^
[2026-04-18T15:17:23.832Z] 2  |  export function useAuth() {
[2026-04-18T15:17:23.833Z] 3  |    const [user, setUser] = useState(null);
[2026-04-18T15:17:23.833Z] 11:17:23 AM [vite] (client) Pre-transform error: Failed to resolve import "react" from "client/src/_core/hooks/useAuth.ts". Does the file exist?
[2026-04-18T15:17:23.833Z] Plugin: vite:import-analysis
[2026-04-18T15:17:23.834Z] File: /home/ubuntu/viaoceanica-ai/client/src/_core/hooks/useAuth.ts:1:58
[2026-04-18T15:17:23.834Z] 1  |  import { useCallback, useEffect, useMemo, useState } from "react";
[2026-04-18T15:17:23.835Z] |                                                             ^
[2026-04-18T15:17:23.835Z] 2  |  export function useAuth() {
[2026-04-18T15:17:23.835Z] 3  |    const [user, setUser] = useState(null);
[2026-04-18T15:17:23.835Z] 11:17:23 AM [vite] (client) Pre-transform error: Failed to resolve import "react" from "client/src/_core/hooks/useAuth.ts". Does the file exist?
[2026-04-18T15:17:23.836Z] Plugin: vite:import-analysis
[2026-04-18T15:17:23.836Z] File: /home/ubuntu/viaoceanica-ai/client/src/_core/hooks/useAuth.ts:1:58
[2026-04-18T15:17:23.836Z] 1  |  import { useCallback, useEffect, useMemo, useState } from "react";
[2026-04-18T15:17:23.836Z] |                                                             ^
[2026-04-18T15:17:23.836Z] 2  |  export function useAuth() {
[2026-04-18T15:17:23.837Z] 3  |    const [user, setUser] = useState(null);
[2026-04-18T15:17:23.837Z] 11:17:23 AM [vite] (client) Pre-transform error: Failed to resolve import "react" from "client/src/_core/hooks/useAuth.ts". Does the file exist?
[2026-04-18T15:17:23.837Z] Plugin: vite:import-analysis
[2026-04-18T15:17:23.837Z] File: /home/ubuntu/viaoceanica-ai/client/src/_core/hooks/useAuth.ts:1:58
[2026-04-18T15:17:23.837Z] 1  |  import { useCallback, useEffect, useMemo, useState } from "react";
[2026-04-18T15:17:23.838Z] |                                                             ^
[2026-04-18T15:17:23.838Z] 2  |  export function useAuth() {
[2026-04-18T15:17:23.838Z] 3  |    const [user, setUser] = useState(null);
[2026-04-18T15:17:23.838Z] 11:17:23 AM [vite] (client) Pre-transform error: Failed to resolve import "react/jsx-dev-runtime" from "client/src/components/ui/button.tsx". Does the file exist?
[2026-04-18T15:17:23.838Z] Plugin: vite:import-analysis
[2026-04-18T15:17:23.839Z] File: /home/ubuntu/viaoceanica-ai/client/src/components/ui/button.tsx:52:4
[2026-04-18T15:17:23.839Z] 1  |  import { jsxDEV } from "react/jsx-dev-runtime";
[2026-04-18T15:17:23.839Z] |                          ^
[2026-04-18T15:17:23.839Z] 2  |  import { Slot } from "@radix-ui/react-slot";
[2026-04-18T15:17:23.839Z] 3  |  import { cva } from "class-variance-authority";
[2026-04-18T15:17:23.840Z] 11:17:23 AM [vite] (client) Pre-transform error: Failed to resolve import "react/jsx-dev-runtime" from "client/src/components/ui/button.tsx". Does the file exist?
[2026-04-18T15:17:23.840Z] Plugin: vite:import-analysis
[2026-04-18T15:17:23.840Z] File: /home/ubuntu/viaoceanica-ai/client/src/components/ui/button.tsx:52:4
[2026-04-18T15:17:23.840Z] 1  |  import { jsxDEV } from "react/jsx-dev-runtime";
[2026-04-18T15:17:23.840Z] |                          ^
[2026-04-18T15:17:23.841Z] 2  |  import { Slot } from "@radix-ui/react-slot";
[2026-04-18T15:17:23.841Z] 3  |  import { cva } from "class-variance-authority";
[2026-04-18T15:17:23.841Z] 11:17:23 AM [vite] (client) Pre-transform error: Failed to resolve import "react/jsx-dev-runtime" from "client/src/components/ui/button.tsx". Does the file exist?
[2026-04-18T15:17:23.841Z] Plugin: vite:import-analysis
[2026-04-18T15:17:23.841Z] File: /home/ubuntu/viaoceanica-ai/client/src/components/ui/button.tsx:52:4
[2026-04-18T15:17:23.842Z] 1  |  import { jsxDEV } from "react/jsx-dev-runtime";
[2026-04-18T15:17:23.842Z] |                          ^
[2026-04-18T15:17:23.842Z] 2  |  import { Slot } from "@radix-ui/react-slot";
[2026-04-18T15:17:23.842Z] 3  |  import { cva } from "class-variance-authority";
[2026-04-18T15:17:23.842Z] 11:17:23 AM [vite] (client) Pre-transform error: Failed to resolve import "react/jsx-dev-runtime" from "client/src/components/ui/button.tsx". Does the file exist?
[2026-04-18T15:17:23.843Z] Plugin: vite:import-analysis
[2026-04-18T15:17:23.843Z] File: /home/ubuntu/viaoceanica-ai/client/src/components/ui/button.tsx:52:4
[2026-04-18T15:17:23.843Z] 1  |  import { jsxDEV } from "react/jsx-dev-runtime";
[2026-04-18T15:17:23.843Z] |                          ^
[2026-04-18T15:17:23.844Z] 2  |  import { Slot } from "@radix-ui/react-slot";
[2026-04-18T15:17:23.844Z] 3  |  import { cva } from "class-variance-authority";
[2026-04-18T15:17:23.844Z] 11:17:23 AM [vite] (client) Pre-transform error: Failed to resolve import "react/jsx-dev-runtime" from "client/src/components/ui/button.tsx". Does the file exist?
[2026-04-18T15:17:23.844Z] Plugin: vite:import-analysis
[2026-04-18T15:17:23.844Z] File: /home/ubuntu/viaoceanica-ai/client/src/components/ui/button.tsx:52:4
[2026-04-18T15:17:23.845Z] 1  |  import { jsxDEV } from "react/jsx-dev-runtime";
[2026-04-18T15:17:23.845Z] |                          ^
[2026-04-18T15:17:23.845Z] 2  |  import { Slot } from "@radix-ui/react-slot";
[2026-04-18T15:17:23.845Z] 3  |  import { cva } from "class-variance-authority";
[2026-04-18T15:17:23.845Z] 11:17:23 AM [vite] (client) Pre-transform error: Failed to resolve import "react/jsx-dev-runtime" from "client/src/components/ui/button.tsx". Does the file exist?
[2026-04-18T15:17:23.846Z] Plugin: vite:import-analysis
[2026-04-18T15:17:23.846Z] File: /home/ubuntu/viaoceanica-ai/client/src/components/ui/button.tsx:52:4
[2026-04-18T15:17:23.846Z] 1  |  import { jsxDEV } from "react/jsx-dev-runtime";
[2026-04-18T15:17:23.846Z] |                          ^
[2026-04-18T15:17:23.846Z] 2  |  import { Slot } from "@radix-ui/react-slot";
[2026-04-18T15:17:23.846Z] 3  |  import { cva } from "class-variance-authority";
[2026-04-18T15:17:23.847Z] 11:17:23 AM [vite] (client) Pre-transform error: Failed to resolve import "react/jsx-dev-runtime" from "client/src/components/ui/button.tsx". Does the file exist?
[2026-04-18T15:17:23.847Z] Plugin: vite:import-analysis
[2026-04-18T15:17:23.847Z] File: /home/ubuntu/viaoceanica-ai/client/src/components/ui/button.tsx:52:4
[2026-04-18T15:17:23.847Z] 1  |  import { jsxDEV } from "react/jsx-dev-runtime";
[2026-04-18T15:17:23.847Z] |                          ^
[2026-04-18T15:17:23.848Z] 2  |  import { Slot } from "@radix-ui/react-slot";
[2026-04-18T15:17:23.848Z] 3  |  import { cva } from "class-variance-authority";
[2026-04-18T15:17:23.848Z] 11:17:23 AM [vite] (client) Pre-transform error: Failed to resolve import "react/jsx-dev-runtime" from "client/src/components/ui/button.tsx". Does the file exist?
[2026-04-18T15:17:23.848Z] Plugin: vite:import-analysis
[2026-04-18T15:17:23.848Z] File: /home/ubuntu/viaoceanica-ai/client/src/components/ui/button.tsx:52:4
[2026-04-18T15:17:23.848Z] 1  |  import { jsxDEV } from "react/jsx-dev-runtime";
[2026-04-18T15:17:23.849Z] |                          ^
[2026-04-18T15:17:23.849Z] 2  |  import { Slot } from "@radix-ui/react-slot";
[2026-04-18T15:17:23.849Z] 3  |  import { cva } from "class-variance-authority";
[2026-04-18T15:17:23.849Z] 11:17:23 AM [vite] (client) Pre-transform error: Failed to resolve import "react/jsx-dev-runtime" from "client/src/components/ui/button.tsx". Does the file exist?
[2026-04-18T15:17:23.849Z] Plugin: vite:import-analysis
[2026-04-18T15:17:23.850Z] File: /home/ubuntu/viaoceanica-ai/client/src/components/ui/button.tsx:52:4
[2026-04-18T15:17:23.850Z] 1  |  import { jsxDEV } from "react/jsx-dev-runtime";
[2026-04-18T15:17:23.850Z] |                          ^
[2026-04-18T15:17:23.850Z] 2  |  import { Slot } from "@radix-ui/react-slot";
[2026-04-18T15:17:23.850Z] 3  |  import { cva } from "class-variance-authority";
[2026-04-18T15:17:23.851Z] 11:17:23 AM [vite] (client) Pre-transform error: Failed to resolve import "react/jsx-dev-runtime" from "client/src/components/ui/button.tsx". Does the file exist?
[2026-04-18T15:17:23.851Z] Plugin: vite:import-analysis
[2026-04-18T15:17:23.851Z] File: /home/ubuntu/viaoceanica-ai/client/src/components/ui/button.tsx:52:4
[2026-04-18T15:17:23.851Z] 1  |  import { jsxDEV } from "react/jsx-dev-runtime";
[2026-04-18T15:17:23.851Z] |                          ^
[2026-04-18T15:17:23.852Z] 2  |  import { Slot } from "@radix-ui/react-slot";
[2026-04-18T15:17:23.852Z] 3  |  import { cva } from "class-variance-authority";
[2026-04-18T15:17:23.852Z] 11:17:23 AM [vite] (client) Pre-transform error: Failed to resolve import "react/jsx-dev-runtime" from "client/src/components/ui/button.tsx". Does the file exist?
[2026-04-18T15:17:23.852Z] Plugin: vite:import-analysis
[2026-04-18T15:17:23.852Z] File: /home/ubuntu/viaoceanica-ai/client/src/components/ui/button.tsx:52:4
[2026-04-18T15:17:23.853Z] 1  |  import { jsxDEV } from "react/jsx-dev-runtime";
[2026-04-18T15:17:23.853Z] |                          ^
[2026-04-18T15:17:23.853Z] 2  |  import { Slot } from "@radix-ui/react-slot";
[2026-04-18T15:17:23.853Z] 3  |  import { cva } from "class-variance-authority";
[2026-04-18T15:17:23.853Z] 11:17:23 AM [vite] (client) Pre-transform error: Failed to resolve import "react/jsx-dev-runtime" from "client/src/components/ui/button.tsx". Does the file exist?
[2026-04-18T15:17:23.854Z] Plugin: vite:import-analysis
[2026-04-18T15:17:23.854Z] File: /home/ubuntu/viaoceanica-ai/client/src/components/ui/button.tsx:52:4
[2026-04-18T15:17:23.854Z] 1  |  import { jsxDEV } from "react/jsx-dev-runtime";
[2026-04-18T15:17:23.854Z] |                          ^
[2026-04-18T15:17:23.854Z] 2  |  import { Slot } from "@radix-ui/react-slot";
[2026-04-18T15:17:23.854Z] 3  |  import { cva } from "class-variance-authority";
[2026-04-18T15:17:23.855Z] 11:17:23 AM [vite] (client) Pre-transform error: Failed to resolve import "react/jsx-dev-runtime" from "client/src/components/ui/button.tsx". Does the file exist?
[2026-04-18T15:17:23.855Z] Plugin: vite:import-analysis
[2026-04-18T15:17:23.855Z] File: /home/ubuntu/viaoceanica-ai/client/src/components/ui/button.tsx:52:4
[2026-04-18T15:17:23.855Z] 1  |  import { jsxDEV } from "react/jsx-dev-runtime";
[2026-04-18T15:17:23.856Z] |                          ^
[2026-04-18T15:17:23.856Z] 2  |  import { Slot } from "@radix-ui/react-slot";
[2026-04-18T15:17:23.856Z] 3  |  import { cva } from "class-variance-authority";
[2026-04-18T15:17:23.856Z] 11:17:23 AM [vite] (client) Pre-transform error: Failed to resolve import "react/jsx-dev-runtime" from "client/src/components/ui/button.tsx". Does the file exist?
[2026-04-18T15:17:23.856Z] Plugin: vite:import-analysis
[2026-04-18T15:17:23.857Z] File: /home/ubuntu/viaoceanica-ai/client/src/components/ui/button.tsx:52:4
[2026-04-18T15:17:23.857Z] 1  |  import { jsxDEV } from "react/jsx-dev-runtime";
[2026-04-18T15:17:23.857Z] |                          ^
[2026-04-18T15:17:23.857Z] 2  |  import { Slot } from "@radix-ui/react-slot";
[2026-04-18T15:17:23.857Z] 3  |  import { cva } from "class-variance-authority";
[2026-04-18T15:17:23.858Z] 11:17:23 AM [vite] (client) Pre-transform error: Failed to resolve import "react/jsx-dev-runtime" from "client/src/components/ui/button.tsx". Does the file exist?
[2026-04-18T15:17:23.858Z] Plugin: vite:import-analysis
[2026-04-18T15:17:23.858Z] File: /home/ubuntu/viaoceanica-ai/client/src/components/ui/button.tsx:52:4
[2026-04-18T15:17:23.858Z] 1  |  import { jsxDEV } from "react/jsx-dev-runtime";
[2026-04-18T15:17:23.858Z] |                          ^
[2026-04-18T15:17:23.858Z] 2  |  import { Slot } from "@radix-ui/react-slot";
[2026-04-18T15:17:23.859Z] 3  |  import { cva } from "class-variance-authority";
[2026-04-18T15:17:23.859Z] 11:17:23 AM [vite] (client) Pre-transform error: Failed to resolve import "react/jsx-dev-runtime" from "client/src/components/ui/button.tsx". Does the file exist?
[2026-04-18T15:17:23.859Z] Plugin: vite:import-analysis
[2026-04-18T15:17:23.859Z] File: /home/ubuntu/viaoceanica-ai/client/src/components/ui/button.tsx:52:4
[2026-04-18T15:17:23.859Z] 1  |  import { jsxDEV } from "react/jsx-dev-runtime";
[2026-04-18T15:17:23.860Z] |                          ^
[2026-04-18T15:17:23.860Z] 2  |  import { Slot } from "@radix-ui/react-slot";
[2026-04-18T15:17:23.860Z] 3  |  import { cva } from "class-variance-authority";
[2026-04-18T15:17:23.860Z] 11:17:23 AM [vite] (client) Pre-transform error: Failed to resolve import "react/jsx-dev-runtime" from "client/src/components/ui/button.tsx". Does the file exist?
[2026-04-18T15:17:23.860Z] Plugin: vite:import-analysis
[2026-04-18T15:17:23.861Z] File: /home/ubuntu/viaoceanica-ai/client/src/components/ui/button.tsx:52:4
[2026-04-18T15:17:23.861Z] 1  |  import { jsxDEV } from "react/jsx-dev-runtime";
[2026-04-18T15:17:23.861Z] |                          ^
[2026-04-18T15:17:23.861Z] 2  |  import { Slot } from "@radix-ui/react-slot";
[2026-04-18T15:17:23.861Z] 3  |  import { cva } from "class-variance-authority";
[2026-04-18T15:17:23.862Z] 11:17:23 AM [vite] (client) Pre-transform error: Failed to resolve import "react/jsx-dev-runtime" from "client/src/components/ui/button.tsx". Does the file exist?
[2026-04-18T15:17:23.862Z] Plugin: vite:import-analysis
[2026-04-18T15:17:23.862Z] File: /home/ubuntu/viaoceanica-ai/client/src/components/ui/button.tsx:52:4
[2026-04-18T15:17:23.862Z] 1  |  import { jsxDEV } from "react/jsx-dev-runtime";
[2026-04-18T15:17:23.862Z] |                          ^
[2026-04-18T15:17:23.863Z] 2  |  import { Slot } from "@radix-ui/react-slot";
[2026-04-18T15:17:23.863Z] 3  |  import { cva } from "class-variance-authority";
[2026-04-18T15:17:23.863Z] 11:17:23 AM [vite] (client) Pre-transform error: Failed to resolve import "react/jsx-dev-runtime" from "client/src/components/ui/button.tsx". Does the file exist?
[2026-04-18T15:17:23.863Z] Plugin: vite:import-analysis
[2026-04-18T15:17:23.863Z] File: /home/ubuntu/viaoceanica-ai/client/src/components/ui/button.tsx:52:4
[2026-04-18T15:17:23.864Z] 1  |  import { jsxDEV } from "react/jsx-dev-runtime";
[2026-04-18T15:17:23.864Z] |                          ^
[2026-04-18T15:17:23.864Z] 2  |  import { Slot } from "@radix-ui/react-slot";
[2026-04-18T15:17:23.864Z] 3  |  import { cva } from "class-variance-authority";
[2026-04-18T15:17:23.864Z] 11:17:23 AM [vite] (client) Pre-transform error: Failed to resolve import "react/jsx-dev-runtime" from "client/src/components/ui/avatar.tsx". Does the file exist?
[2026-04-18T15:17:23.865Z] Plugin: vite:import-analysis
[2026-04-18T15:17:23.865Z] File: /home/ubuntu/viaoceanica-ai/client/src/components/ui/avatar.tsx:11:4
[2026-04-18T15:17:23.865Z] 1  |  import { jsxDEV } from "react/jsx-dev-runtime";
[2026-04-18T15:17:23.865Z] |                          ^
[2026-04-18T15:17:23.865Z] 2  |  import * as AvatarPrimitive from "@radix-ui/react-avatar";
[2026-04-18T15:17:23.866Z] 3  |  import { cn } from "@/lib/utils";
[2026-04-18T15:17:23.866Z] 11:17:23 AM [vite] (client) Pre-transform error: Failed to resolve import "react/jsx-dev-runtime" from "client/src/components/DashboardLayoutSkeleton.tsx". Does the file exist?
[2026-04-18T15:17:23.866Z] Plugin: vite:import-analysis
[2026-04-18T15:17:23.866Z] File: /home/ubuntu/viaoceanica-ai/client/src/components/DashboardLayoutSkeleton.tsx:10:10
[2026-04-18T15:17:23.866Z] 1  |  import { jsxDEV } from "react/jsx-dev-runtime";
[2026-04-18T15:17:23.867Z] |                          ^
[2026-04-18T15:17:23.867Z] 2  |  import { Skeleton } from "./ui/skeleton";
[2026-04-18T15:17:23.867Z] 3  |  export function DashboardLayoutSkeleton() {
[2026-04-18T15:17:23.867Z] 11:17:23 AM [vite] (client) Pre-transform error: Failed to resolve import "react" from "client/src/_core/hooks/useAuth.ts". Does the file exist?
[2026-04-18T15:17:23.867Z] Plugin: vite:import-analysis
[2026-04-18T15:17:23.867Z] File: /home/ubuntu/viaoceanica-ai/client/src/_core/hooks/useAuth.ts:1:58
[2026-04-18T15:17:23.868Z] 1  |  import { useCallback, useEffect, useMemo, useState } from "react";
[2026-04-18T15:17:23.868Z] |                                                             ^
[2026-04-18T15:17:23.868Z] 2  |  export function useAuth() {
[2026-04-18T15:17:23.868Z] 3  |    const [user, setUser] = useState(null);
[2026-04-18T15:17:23.868Z] 11:17:23 AM [vite] (client) Pre-transform error: Failed to resolve import "react/jsx-dev-runtime" from "client/src/components/ui/button.tsx". Does the file exist?
[2026-04-18T15:17:23.869Z] Plugin: vite:import-analysis
[2026-04-18T15:17:23.869Z] File: /home/ubuntu/viaoceanica-ai/client/src/components/ui/button.tsx:52:4
[2026-04-18T15:17:23.869Z] 1  |  import { jsxDEV } from "react/jsx-dev-runtime";
[2026-04-18T15:17:23.869Z] |                          ^
[2026-04-18T15:17:23.869Z] 2  |  import { Slot } from "@radix-ui/react-slot";
[2026-04-18T15:17:23.870Z] 3  |  import { cva } from "class-variance-authority";
[2026-04-18T15:17:23.870Z] 11:17:23 AM [vite] (client) Pre-transform error: Failed to resolve import "react/jsx-dev-runtime" from "client/src/components/ui/avatar.tsx". Does the file exist?
[2026-04-18T15:17:23.870Z] Plugin: vite:import-analysis
[2026-04-18T15:17:23.870Z] File: /home/ubuntu/viaoceanica-ai/client/src/components/ui/avatar.tsx:11:4
[2026-04-18T15:17:23.870Z] 1  |  import { jsxDEV } from "react/jsx-dev-runtime";
[2026-04-18T15:17:23.871Z] |                          ^
[2026-04-18T15:17:23.872Z] 2  |  import * as AvatarPrimitive from "@radix-ui/react-avatar";
[2026-04-18T15:17:23.872Z] 3  |  import { cn } from "@/lib/utils";
[2026-04-18T15:17:23.873Z] 11:17:23 AM [vite] (client) Pre-transform error: Failed to resolve import "react/jsx-dev-runtime" from "client/src/components/ui/dropdown-menu.tsx". Does the file exist?
[2026-04-18T15:17:23.873Z] Plugin: vite:import-analysis
[2026-04-18T15:17:23.873Z] File: /home/ubuntu/viaoceanica-ai/client/src/components/ui/dropdown-menu.tsx:10:9
[2026-04-18T15:17:23.873Z] 1  |  import { jsxDEV } from "react/jsx-dev-runtime";
[2026-04-18T15:17:23.873Z] |                          ^
[2026-04-18T15:17:23.874Z] 2  |  import * as DropdownMenuPrimitive from "@radix-ui/react-dropdown-menu";
[2026-04-18T15:17:23.874Z] 3  |  import { CheckIcon, ChevronRightIcon, CircleIcon } from "lucide-react";
[2026-04-18T15:17:23.874Z] 11:17:23 AM [vite] (client) Pre-transform error: Failed to resolve import "react/jsx-dev-runtime" from "client/src/components/ui/dropdown-menu.tsx". Does the file exist?
[2026-04-18T15:17:23.874Z] Plugin: vite:import-analysis
[2026-04-18T15:17:23.874Z] File: /home/ubuntu/viaoceanica-ai/client/src/components/ui/dropdown-menu.tsx:10:9
[2026-04-18T15:17:23.875Z] 1  |  import { jsxDEV } from "react/jsx-dev-runtime";
[2026-04-18T15:17:23.875Z] |                          ^
[2026-04-18T15:17:23.875Z] 2  |  import * as DropdownMenuPrimitive from "@radix-ui/react-dropdown-menu";
[2026-04-18T15:17:23.875Z] 3  |  import { CheckIcon, ChevronRightIcon, CircleIcon } from "lucide-react";
[2026-04-18T15:17:23.875Z] 11:17:23 AM [vite] (client) Pre-transform error: Failed to resolve import "react" from "client/src/hooks/useMobile.tsx". Does the file exist?
[2026-04-18T15:17:23.876Z] Plugin: vite:import-analysis
[2026-04-18T15:17:23.876Z] File: /home/ubuntu/viaoceanica-ai/client/src/hooks/useMobile.tsx:1:23
[2026-04-18T15:17:23.876Z] 1  |  var _s = $RefreshSig$();
[2026-04-18T15:17:23.876Z] 2  |  import * as React from "react";
[2026-04-18T15:17:23.877Z] |                          ^
[2026-04-18T15:17:23.877Z] 3  |  const MOBILE_BREAKPOINT = 768;
[2026-04-18T15:17:23.877Z] 4  |  export function useIsMobile() {
[2026-04-18T15:17:23.877Z] 11:17:23 AM [vite] (client) Pre-transform error: Failed to resolve import "react/jsx-dev-runtime" from "client/src/components/ui/collapsible.tsx". Does the file exist?
[2026-04-18T15:17:23.878Z] Plugin: vite:import-analysis
[2026-04-18T15:17:23.878Z] File: /home/ubuntu/viaoceanica-ai/client/src/components/ui/collapsible.tsx:6:9
[2026-04-18T15:17:23.878Z] 1  |  import { jsxDEV } from "react/jsx-dev-runtime";
[2026-04-18T15:17:23.878Z] |                          ^
[2026-04-18T15:17:23.878Z] 2  |  import * as CollapsiblePrimitive from "@radix-ui/react-collapsible";
[2026-04-18T15:17:23.879Z] 3  |  function Collapsible({
[2026-04-18T15:17:23.879Z] 11:17:23 AM [vite] (client) Pre-transform error: Failed to resolve import "react/jsx-dev-runtime" from "client/src/components/ui/card.tsx". Does the file exist?
[2026-04-18T15:17:23.879Z] Plugin: vite:import-analysis
[2026-04-18T15:17:23.879Z] File: /home/ubuntu/viaoceanica-ai/client/src/components/ui/card.tsx:7:4
[2026-04-18T15:17:23.879Z] 1  |  import { jsxDEV } from "react/jsx-dev-runtime";
[2026-04-18T15:17:23.879Z] |                          ^
[2026-04-18T15:17:23.880Z] 2  |  import { cn } from "@/lib/utils";
[2026-04-18T15:17:23.880Z] 3  |  function Card({ className, ...props }) {
[2026-04-18T15:17:23.880Z] 11:17:23 AM [vite] (client) Pre-transform error: Failed to resolve import "react/jsx-dev-runtime" from "client/src/components/ui/card.tsx". Does the file exist?
[2026-04-18T15:17:23.880Z] Plugin: vite:import-analysis
[2026-04-18T15:17:23.880Z] File: /home/ubuntu/viaoceanica-ai/client/src/components/ui/card.tsx:7:4
[2026-04-18T15:17:23.881Z] 1  |  import { jsxDEV } from "react/jsx-dev-runtime";
[2026-04-18T15:17:23.881Z] |                          ^
[2026-04-18T15:17:23.881Z] 2  |  import { cn } from "@/lib/utils";
[2026-04-18T15:17:23.881Z] 3  |  function Card({ className, ...props }) {
[2026-04-18T15:17:23.881Z] 11:17:23 AM [vite] (client) Pre-transform error: Failed to resolve import "react/jsx-dev-runtime" from "client/src/components/ui/card.tsx". Does the file exist?
[2026-04-18T15:17:23.882Z] Plugin: vite:import-analysis
[2026-04-18T15:17:23.882Z] File: /home/ubuntu/viaoceanica-ai/client/src/components/ui/card.tsx:7:4
[2026-04-18T15:17:23.882Z] 1  |  import { jsxDEV } from "react/jsx-dev-runtime";
[2026-04-18T15:17:23.882Z] |                          ^
[2026-04-18T15:17:23.882Z] 2  |  import { cn } from "@/lib/utils";
[2026-04-18T15:17:23.883Z] 3  |  function Card({ className, ...props }) {
[2026-04-18T15:17:23.883Z] 11:17:23 AM [vite] (client) Pre-transform error: Failed to resolve import "react/jsx-dev-runtime" from "client/src/components/ui/card.tsx". Does the file exist?
[2026-04-18T15:17:23.883Z] Plugin: vite:import-analysis
[2026-04-18T15:17:23.883Z] File: /home/ubuntu/viaoceanica-ai/client/src/components/ui/card.tsx:7:4
[2026-04-18T15:17:23.884Z] 1  |  import { jsxDEV } from "react/jsx-dev-runtime";
[2026-04-18T15:17:23.884Z] |                          ^
[2026-04-18T15:17:23.884Z] 2  |  import { cn } from "@/lib/utils";
[2026-04-18T15:17:23.884Z] 3  |  function Card({ className, ...props }) {
[2026-04-18T15:17:23.884Z] 11:17:23 AM [vite] (client) Pre-transform error: Failed to resolve import "react/jsx-dev-runtime" from "client/src/components/ui/card.tsx". Does the file exist?
[2026-04-18T15:17:23.885Z] Plugin: vite:import-analysis
[2026-04-18T15:17:23.885Z] File: /home/ubuntu/viaoceanica-ai/client/src/components/ui/card.tsx:7:4
[2026-04-18T15:17:23.885Z] 1  |  import { jsxDEV } from "react/jsx-dev-runtime";
[2026-04-18T15:17:23.885Z] |                          ^
[2026-04-18T15:17:23.885Z] 2  |  import { cn } from "@/lib/utils";
[2026-04-18T15:17:23.886Z] 3  |  function Card({ className, ...props }) {
[2026-04-18T15:17:23.886Z] 11:17:23 AM [vite] (client) Pre-transform error: Failed to resolve import "react/jsx-dev-runtime" from "client/src/components/ui/card.tsx". Does the file exist?
[2026-04-18T15:17:23.886Z] Plugin: vite:import-analysis
[2026-04-18T15:17:23.886Z] File: /home/ubuntu/viaoceanica-ai/client/src/components/ui/card.tsx:7:4
[2026-04-18T15:17:23.886Z] 1  |  import { jsxDEV } from "react/jsx-dev-runtime";
[2026-04-18T15:17:23.887Z] |                          ^
[2026-04-18T15:17:23.887Z] 2  |  import { cn } from "@/lib/utils";
[2026-04-18T15:17:23.887Z] 3  |  function Card({ className, ...props }) {
[2026-04-18T15:17:23.887Z] 11:17:23 AM [vite] (client) Pre-transform error: Failed to resolve import "react/jsx-dev-runtime" from "client/src/components/ui/card.tsx". Does the file exist?
[2026-04-18T15:17:23.887Z] Plugin: vite:import-analysis
[2026-04-18T15:17:23.888Z] File: /home/ubuntu/viaoceanica-ai/client/src/components/ui/card.tsx:7:4
[2026-04-18T15:17:23.888Z] 1  |  import { jsxDEV } from "react/jsx-dev-runtime";
[2026-04-18T15:17:23.888Z] |                          ^
[2026-04-18T15:17:23.888Z] 2  |  import { cn } from "@/lib/utils";
[2026-04-18T15:17:23.889Z] 3  |  function Card({ className, ...props }) {
[2026-04-18T15:17:23.889Z] 11:17:23 AM [vite] (client) Pre-transform error: Failed to resolve import "react/jsx-dev-runtime" from "client/src/components/ui/card.tsx". Does the file exist?
[2026-04-18T15:17:23.889Z] Plugin: vite:import-analysis
[2026-04-18T15:17:23.889Z] File: /home/ubuntu/viaoceanica-ai/client/src/components/ui/card.tsx:7:4
[2026-04-18T15:17:23.889Z] 1  |  import { jsxDEV } from "react/jsx-dev-runtime";
[2026-04-18T15:17:23.890Z] |                          ^
[2026-04-18T15:17:23.890Z] 2  |  import { cn } from "@/lib/utils";
[2026-04-18T15:17:23.890Z] 3  |  function Card({ className, ...props }) {
[2026-04-18T15:17:23.890Z] 11:17:23 AM [vite] (client) Pre-transform error: Failed to resolve import "react/jsx-dev-runtime" from "client/src/components/ui/card.tsx". Does the file exist?
[2026-04-18T15:17:23.891Z] Plugin: vite:import-analysis
[2026-04-18T15:17:23.891Z] File: /home/ubuntu/viaoceanica-ai/client/src/components/ui/card.tsx:7:4
[2026-04-18T15:17:23.891Z] 1  |  import { jsxDEV } from "react/jsx-dev-runtime";
[2026-04-18T15:17:23.891Z] |                          ^
[2026-04-18T15:17:23.891Z] 2  |  import { cn } from "@/lib/utils";
[2026-04-18T15:17:23.891Z] 3  |  function Card({ className, ...props }) {
[2026-04-18T15:17:23.892Z] 11:17:23 AM [vite] (client) Pre-transform error: Failed to resolve import "react/jsx-dev-runtime" from "client/src/components/ui/card.tsx". Does the file exist?
[2026-04-18T15:17:23.892Z] Plugin: vite:import-analysis
[2026-04-18T15:17:23.892Z] File: /home/ubuntu/viaoceanica-ai/client/src/components/ui/card.tsx:7:4
[2026-04-18T15:17:23.892Z] 1  |  import { jsxDEV } from "react/jsx-dev-runtime";
[2026-04-18T15:17:23.892Z] |                          ^
[2026-04-18T15:17:23.892Z] 2  |  import { cn } from "@/lib/utils";
[2026-04-18T15:17:23.893Z] 3  |  function Card({ className, ...props }) {
[2026-04-18T15:17:23.893Z] 11:17:23 AM [vite] (client) Pre-transform error: Failed to resolve import "react/jsx-dev-runtime" from "client/src/components/ui/card.tsx". Does the file exist?
[2026-04-18T15:17:23.893Z] Plugin: vite:import-analysis
[2026-04-18T15:17:23.893Z] File: /home/ubuntu/viaoceanica-ai/client/src/components/ui/card.tsx:7:4
[2026-04-18T15:17:23.893Z] 1  |  import { jsxDEV } from "react/jsx-dev-runtime";
[2026-04-18T15:17:23.894Z] |                          ^
[2026-04-18T15:17:23.894Z] 2  |  import { cn } from "@/lib/utils";
[2026-04-18T15:17:23.894Z] 3  |  function Card({ className, ...props }) {
[2026-04-18T15:17:23.909Z] 11:17:23 AM [vite] (client) Pre-transform error: Failed to resolve import "react/jsx-dev-runtime" from "client/src/components/ui/card.tsx". Does the file exist?
[2026-04-18T15:17:23.909Z] Plugin: vite:import-analysis
[2026-04-18T15:17:23.910Z] File: /home/ubuntu/viaoceanica-ai/client/src/components/ui/card.tsx:7:4
[2026-04-18T15:17:23.911Z] 1  |  import { jsxDEV } from "react/jsx-dev-runtime";
[2026-04-18T15:17:23.912Z] |                          ^
[2026-04-18T15:17:23.912Z] 2  |  import { cn } from "@/lib/utils";
[2026-04-18T15:17:23.912Z] 3  |  function Card({ className, ...props }) {
[2026-04-18T15:17:23.913Z] 11:17:23 AM [vite] (client) Pre-transform error: Failed to resolve import "react/jsx-dev-runtime" from "client/src/components/ui/card.tsx". Does the file exist?
[2026-04-18T15:17:23.913Z] Plugin: vite:import-analysis
[2026-04-18T15:17:23.914Z] File: /home/ubuntu/viaoceanica-ai/client/src/components/ui/card.tsx:7:4
[2026-04-18T15:17:23.914Z] 1  |  import { jsxDEV } from "react/jsx-dev-runtime";
[2026-04-18T15:17:23.914Z] |                          ^
[2026-04-18T15:17:23.915Z] 2  |  import { cn } from "@/lib/utils";
[2026-04-18T15:17:23.915Z] 3  |  function Card({ className, ...props }) {
[2026-04-18T15:17:23.915Z] 11:17:23 AM [vite] (client) Pre-transform error: Failed to resolve import "react/jsx-dev-runtime" from "client/src/components/ui/card.tsx". Does the file exist?
[2026-04-18T15:17:23.916Z] Plugin: vite:import-analysis
[2026-04-18T15:17:23.916Z] File: /home/ubuntu/viaoceanica-ai/client/src/components/ui/card.tsx:7:4
[2026-04-18T15:17:23.917Z] 1  |  import { jsxDEV } from "react/jsx-dev-runtime";
[2026-04-18T15:17:23.917Z] |                          ^
[2026-04-18T15:17:23.917Z] 2  |  import { cn } from "@/lib/utils";
[2026-04-18T15:17:23.917Z] 3  |  function Card({ className, ...props }) {
[2026-04-18T15:17:23.918Z] 11:17:23 AM [vite] (client) Pre-transform error: Failed to resolve import "react/jsx-dev-runtime" from "client/src/components/ui/card.tsx". Does the file exist?
[2026-04-18T15:17:23.918Z] Plugin: vite:import-analysis
[2026-04-18T15:17:23.918Z] File: /home/ubuntu/viaoceanica-ai/client/src/components/ui/card.tsx:7:4
[2026-04-18T15:17:23.918Z] 1  |  import { jsxDEV } from "react/jsx-dev-runtime";
[2026-04-18T15:17:23.918Z] |                          ^
[2026-04-18T15:17:23.919Z] 2  |  import { cn } from "@/lib/utils";
[2026-04-18T15:17:23.919Z] 3  |  function Card({ className, ...props }) {
[2026-04-18T15:17:23.919Z] 11:17:23 AM [vite] (client) Pre-transform error: Failed to resolve import "react/jsx-dev-runtime" from "client/src/components/ui/card.tsx". Does the file exist?
[2026-04-18T15:17:23.920Z] Plugin: vite:import-analysis
[2026-04-18T15:17:23.920Z] File: /home/ubuntu/viaoceanica-ai/client/src/components/ui/card.tsx:7:4
[2026-04-18T15:17:23.920Z] 1  |  import { jsxDEV } from "react/jsx-dev-runtime";
[2026-04-18T15:17:23.920Z] |                          ^
[2026-04-18T15:17:23.921Z] 2  |  import { cn } from "@/lib/utils";
[2026-04-18T15:17:23.921Z] 3  |  function Card({ className, ...props }) {
[2026-04-18T15:17:23.921Z] 11:17:23 AM [vite] (client) Pre-transform error: Failed to resolve import "react/jsx-dev-runtime" from "client/src/components/ui/card.tsx". Does the file exist?
[2026-04-18T15:17:23.921Z] Plugin: vite:import-analysis
[2026-04-18T15:17:23.921Z] File: /home/ubuntu/viaoceanica-ai/client/src/components/ui/card.tsx:7:4
[2026-04-18T15:17:23.922Z] 1  |  import { jsxDEV } from "react/jsx-dev-runtime";
[2026-04-18T15:17:23.922Z] |                          ^
[2026-04-18T15:17:23.923Z] 2  |  import { cn } from "@/lib/utils";
[2026-04-18T15:17:23.924Z] 3  |  function Card({ className, ...props }) {
[2026-04-18T15:17:23.924Z] 11:17:23 AM [vite] (client) Pre-transform error: Failed to resolve import "react/jsx-dev-runtime" from "client/src/components/ui/card.tsx". Does the file exist?
[2026-04-18T15:17:23.924Z] Plugin: vite:import-analysis
[2026-04-18T15:17:23.924Z] File: /home/ubuntu/viaoceanica-ai/client/src/components/ui/card.tsx:7:4
[2026-04-18T15:17:23.925Z] 1  |  import { jsxDEV } from "react/jsx-dev-runtime";
[2026-04-18T15:17:23.925Z] |                          ^
[2026-04-18T15:17:23.925Z] 2  |  import { cn } from "@/lib/utils";
[2026-04-18T15:17:23.925Z] 3  |  function Card({ className, ...props }) {
[2026-04-18T15:17:23.925Z] 11:17:23 AM [vite] (client) Pre-transform error: Failed to resolve import "react/jsx-dev-runtime" from "client/src/components/ui/card.tsx". Does the file exist?
[2026-04-18T15:17:23.926Z] Plugin: vite:import-analysis
[2026-04-18T15:17:23.926Z] File: /home/ubuntu/viaoceanica-ai/client/src/components/ui/card.tsx:7:4
[2026-04-18T15:17:23.926Z] 1  |  import { jsxDEV } from "react/jsx-dev-runtime";
[2026-04-18T15:17:23.926Z] |                          ^
[2026-04-18T15:17:23.926Z] 2  |  import { cn } from "@/lib/utils";
[2026-04-18T15:17:23.927Z] 3  |  function Card({ className, ...props }) {
[2026-04-18T15:17:23.927Z] 11:17:23 AM [vite] (client) Pre-transform error: Failed to resolve import "react/jsx-dev-runtime" from "client/src/components/ui/card.tsx". Does the file exist?
[2026-04-18T15:17:23.927Z] Plugin: vite:import-analysis
[2026-04-18T15:17:23.927Z] File: /home/ubuntu/viaoceanica-ai/client/src/components/ui/card.tsx:7:4
[2026-04-18T15:17:23.927Z] 1  |  import { jsxDEV } from "react/jsx-dev-runtime";
[2026-04-18T15:17:23.928Z] |                          ^
[2026-04-18T15:17:23.928Z] 2  |  import { cn } from "@/lib/utils";
[2026-04-18T15:17:23.928Z] 3  |  function Card({ className, ...props }) {
[2026-04-18T15:17:23.928Z] 11:17:23 AM [vite] (client) Pre-transform error: Failed to resolve import "react/jsx-dev-runtime" from "client/src/components/ui/card.tsx". Does the file exist?
[2026-04-18T15:17:23.929Z] Plugin: vite:import-analysis
[2026-04-18T15:17:23.930Z] File: /home/ubuntu/viaoceanica-ai/client/src/components/ui/card.tsx:7:4
[2026-04-18T15:17:23.930Z] 1  |  import { jsxDEV } from "react/jsx-dev-runtime";
[2026-04-18T15:17:23.931Z] |                          ^
[2026-04-18T15:17:23.931Z] 2  |  import { cn } from "@/lib/utils";
[2026-04-18T15:17:23.931Z] 3  |  function Card({ className, ...props }) {
[2026-04-18T15:17:23.932Z] 11:17:23 AM [vite] (client) Pre-transform error: Failed to resolve import "react/jsx-dev-runtime" from "client/src/components/ui/card.tsx". Does the file exist?
[2026-04-18T15:17:23.932Z] Plugin: vite:import-analysis
[2026-04-18T15:17:23.932Z] File: /home/ubuntu/viaoceanica-ai/client/src/components/ui/card.tsx:7:4
[2026-04-18T15:17:23.932Z] 1  |  import { jsxDEV } from "react/jsx-dev-runtime";
[2026-04-18T15:17:23.933Z] |                          ^
[2026-04-18T15:17:23.933Z] 2  |  import { cn } from "@/lib/utils";
[2026-04-18T15:17:23.933Z] 3  |  function Card({ className, ...props }) {
[2026-04-18T15:17:23.933Z] 11:17:23 AM [vite] (client) Pre-transform error: Failed to resolve import "react" from "client/src/hooks/useApi.ts". Does the file exist?
[2026-04-18T15:17:23.934Z] Plugin: vite:import-analysis
[2026-04-18T15:17:23.934Z] File: /home/ubuntu/viaoceanica-ai/client/src/hooks/useApi.ts:12:57
[2026-04-18T15:17:23.934Z] 1  |  import { useState, useEffect, useCallback, useRef } from "react";
[2026-04-18T15:17:23.935Z] |                                                            ^
[2026-04-18T15:17:23.935Z] 2  |  async function apiFetch(path, init) {
[2026-04-18T15:17:23.935Z] 3  |    const res = await fetch(path, {
[2026-04-18T15:17:23.936Z] 11:17:23 AM [vite] (client) Pre-transform error: Failed to resolve import "react" from "client/src/hooks/useApi.ts". Does the file exist?
[2026-04-18T15:17:23.936Z] Plugin: vite:import-analysis
[2026-04-18T15:17:23.936Z] File: /home/ubuntu/viaoceanica-ai/client/src/hooks/useApi.ts:12:57
[2026-04-18T15:17:23.936Z] 1  |  import { useState, useEffect, useCallback, useRef } from "react";
[2026-04-18T15:17:23.937Z] |                                                            ^
[2026-04-18T15:17:23.937Z] 2  |  async function apiFetch(path, init) {
[2026-04-18T15:17:23.937Z] 3  |    const res = await fetch(path, {
[2026-04-18T15:17:23.937Z] 11:17:23 AM [vite] (client) Pre-transform error: Failed to resolve import "react" from "client/src/hooks/useApi.ts". Does the file exist?
[2026-04-18T15:17:23.937Z] Plugin: vite:import-analysis
[2026-04-18T15:17:23.938Z] File: /home/ubuntu/viaoceanica-ai/client/src/hooks/useApi.ts:12:57
[2026-04-18T15:17:23.938Z] 1  |  import { useState, useEffect, useCallback, useRef } from "react";
[2026-04-18T15:17:23.938Z] |                                                            ^
[2026-04-18T15:17:23.938Z] 2  |  async function apiFetch(path, init) {
[2026-04-18T15:17:23.938Z] 3  |    const res = await fetch(path, {
[2026-04-18T15:17:23.938Z] 11:17:23 AM [vite] (client) Pre-transform error: Failed to resolve import "react" from "client/src/hooks/useApi.ts". Does the file exist?
[2026-04-18T15:17:23.939Z] Plugin: vite:import-analysis
[2026-04-18T15:17:23.939Z] File: /home/ubuntu/viaoceanica-ai/client/src/hooks/useApi.ts:12:57
[2026-04-18T15:17:23.939Z] 1  |  import { useState, useEffect, useCallback, useRef } from "react";
[2026-04-18T15:17:23.939Z] |                                                            ^
[2026-04-18T15:17:23.939Z] 2  |  async function apiFetch(path, init) {
[2026-04-18T15:17:23.940Z] 3  |    const res = await fetch(path, {
[2026-04-18T15:17:23.940Z] 11:17:23 AM [vite] (client) Pre-transform error: Failed to resolve import "react" from "client/src/hooks/useApi.ts". Does the file exist?
[2026-04-18T15:17:23.940Z] Plugin: vite:import-analysis
[2026-04-18T15:17:23.940Z] File: /home/ubuntu/viaoceanica-ai/client/src/hooks/useApi.ts:12:57
[2026-04-18T15:17:23.940Z] 1  |  import { useState, useEffect, useCallback, useRef } from "react";
[2026-04-18T15:17:23.941Z] |                                                            ^
[2026-04-18T15:17:23.941Z] 2  |  async function apiFetch(path, init) {
[2026-04-18T15:17:23.941Z] 3  |    const res = await fetch(path, {
[2026-04-18T15:17:23.941Z] 11:17:23 AM [vite] (client) Pre-transform error: Failed to resolve import "react" from "client/src/hooks/useApi.ts". Does the file exist?
[2026-04-18T15:17:23.941Z] Plugin: vite:import-analysis
[2026-04-18T15:17:23.942Z] File: /home/ubuntu/viaoceanica-ai/client/src/hooks/useApi.ts:12:57
[2026-04-18T15:17:23.942Z] 1  |  import { useState, useEffect, useCallback, useRef } from "react";
[2026-04-18T15:17:23.942Z] |                                                            ^
[2026-04-18T15:17:23.942Z] 2  |  async function apiFetch(path, init) {
[2026-04-18T15:17:23.942Z] 3  |    const res = await fetch(path, {
[2026-04-18T15:17:23.943Z] 11:17:23 AM [vite] (client) Pre-transform error: Failed to resolve import "react" from "client/src/hooks/useApi.ts". Does the file exist?
[2026-04-18T15:17:23.943Z] Plugin: vite:import-analysis
[2026-04-18T15:17:23.943Z] File: /home/ubuntu/viaoceanica-ai/client/src/hooks/useApi.ts:12:57
[2026-04-18T15:17:23.943Z] 1  |  import { useState, useEffect, useCallback, useRef } from "react";
[2026-04-18T15:17:23.943Z] |                                                            ^
[2026-04-18T15:17:23.943Z] 2  |  async function apiFetch(path, init) {
[2026-04-18T15:17:23.943Z] 3  |    const res = await fetch(path, {
[2026-04-18T15:17:23.944Z] 11:17:23 AM [vite] (client) Pre-transform error: Failed to resolve import "react" from "client/src/hooks/useApi.ts". Does the file exist?
[2026-04-18T15:17:23.944Z] Plugin: vite:import-analysis
[2026-04-18T15:17:23.944Z] File: /home/ubuntu/viaoceanica-ai/client/src/hooks/useApi.ts:12:57
[2026-04-18T15:17:23.944Z] 1  |  import { useState, useEffect, useCallback, useRef } from "react";
[2026-04-18T15:17:23.944Z] |                                                            ^
[2026-04-18T15:17:23.944Z] 2  |  async function apiFetch(path, init) {
[2026-04-18T15:17:23.945Z] 3  |    const res = await fetch(path, {
[2026-04-18T15:17:23.945Z] 11:17:23 AM [vite] (client) Pre-transform error: Failed to resolve import "react" from "client/src/hooks/useApi.ts". Does the file exist?
[2026-04-18T15:17:23.945Z] Plugin: vite:import-analysis
[2026-04-18T15:17:23.945Z] File: /home/ubuntu/viaoceanica-ai/client/src/hooks/useApi.ts:12:57
[2026-04-18T15:17:23.945Z] 1  |  import { useState, useEffect, useCallback, useRef } from "react";
[2026-04-18T15:17:23.945Z] |                                                            ^
[2026-04-18T15:17:23.945Z] 2  |  async function apiFetch(path, init) {
[2026-04-18T15:17:23.946Z] 3  |    const res = await fetch(path, {
[2026-04-18T15:17:23.946Z] 11:17:23 AM [vite] (client) Pre-transform error: Failed to resolve import "react" from "client/src/hooks/useApi.ts". Does the file exist?
[2026-04-18T15:17:23.946Z] Plugin: vite:import-analysis
[2026-04-18T15:17:23.946Z] File: /home/ubuntu/viaoceanica-ai/client/src/hooks/useApi.ts:12:57
[2026-04-18T15:17:23.946Z] 1  |  import { useState, useEffect, useCallback, useRef } from "react";
[2026-04-18T15:17:23.947Z] |                                                            ^
[2026-04-18T15:17:23.947Z] 2  |  async function apiFetch(path, init) {
[2026-04-18T15:17:23.947Z] 3  |    const res = await fetch(path, {
[2026-04-18T15:17:23.947Z] 11:17:23 AM [vite] (client) Pre-transform error: Failed to resolve import "react/jsx-dev-runtime" from "client/src/components/ui/input.tsx". Does the file exist?
[2026-04-18T15:17:23.948Z] Plugin: vite:import-analysis
[2026-04-18T15:17:23.948Z] File: /home/ubuntu/viaoceanica-ai/client/src/components/ui/input.tsx:53:4
[2026-04-18T15:17:23.948Z] 1  |  import { jsxDEV } from "react/jsx-dev-runtime";
[2026-04-18T15:17:23.948Z] |                          ^
[2026-04-18T15:17:23.948Z] 2  |  var _s = $RefreshSig$();
[2026-04-18T15:17:23.948Z] 3  |  import { useDialogComposition } from "@/components/ui/dialog";
[2026-04-18T15:17:23.949Z] 11:17:23 AM [vite] (client) Pre-transform error: Failed to resolve import "react/jsx-dev-runtime" from "client/src/components/ui/input.tsx". Does the file exist?
[2026-04-18T15:17:23.949Z] Plugin: vite:import-analysis
[2026-04-18T15:17:23.949Z] File: /home/ubuntu/viaoceanica-ai/client/src/components/ui/input.tsx:53:4
[2026-04-18T15:17:23.949Z] 1  |  import { jsxDEV } from "react/jsx-dev-runtime";
[2026-04-18T15:17:23.949Z] |                          ^
[2026-04-18T15:17:23.950Z] 2  |  var _s = $RefreshSig$();
[2026-04-18T15:17:23.950Z] 3  |  import { useDialogComposition } from "@/components/ui/dialog";
[2026-04-18T15:17:23.950Z] 11:17:23 AM [vite] (client) Pre-transform error: Failed to resolve import "react/jsx-dev-runtime" from "client/src/components/ui/input.tsx". Does the file exist?
[2026-04-18T15:17:23.950Z] Plugin: vite:import-analysis
[2026-04-18T15:17:23.950Z] File: /home/ubuntu/viaoceanica-ai/client/src/components/ui/input.tsx:53:4
[2026-04-18T15:17:23.951Z] 1  |  import { jsxDEV } from "react/jsx-dev-runtime";
[2026-04-18T15:17:23.951Z] |                          ^
[2026-04-18T15:17:23.951Z] 2  |  var _s = $RefreshSig$();
[2026-04-18T15:17:23.951Z] 3  |  import { useDialogComposition } from "@/components/ui/dialog";
[2026-04-18T15:17:23.952Z] 11:17:23 AM [vite] (client) Pre-transform error: Failed to resolve import "react/jsx-dev-runtime" from "client/src/components/ui/input.tsx". Does the file exist?
[2026-04-18T15:17:23.952Z] Plugin: vite:import-analysis
[2026-04-18T15:17:23.952Z] File: /home/ubuntu/viaoceanica-ai/client/src/components/ui/input.tsx:53:4
[2026-04-18T15:17:23.952Z] 1  |  import { jsxDEV } from "react/jsx-dev-runtime";
[2026-04-18T15:17:23.953Z] |                          ^
[2026-04-18T15:17:23.953Z] 2  |  var _s = $RefreshSig$();
[2026-04-18T15:17:23.953Z] 3  |  import { useDialogComposition } from "@/components/ui/dialog";
[2026-04-18T15:17:23.953Z] 11:17:23 AM [vite] (client) Pre-transform error: Failed to resolve import "react/jsx-dev-runtime" from "client/src/components/ui/input.tsx". Does the file exist?
[2026-04-18T15:17:23.954Z] Plugin: vite:import-analysis
[2026-04-18T15:17:23.954Z] File: /home/ubuntu/viaoceanica-ai/client/src/components/ui/input.tsx:53:4
[2026-04-18T15:17:23.954Z] 1  |  import { jsxDEV } from "react/jsx-dev-runtime";
[2026-04-18T15:17:23.954Z] |                          ^
[2026-04-18T15:17:23.954Z] 2  |  var _s = $RefreshSig$();
[2026-04-18T15:17:23.955Z] 3  |  import { useDialogComposition } from "@/components/ui/dialog";
[2026-04-18T15:17:23.955Z] 11:17:23 AM [vite] (client) Pre-transform error: Failed to resolve import "react/jsx-dev-runtime" from "client/src/components/ui/input.tsx". Does the file exist?
[2026-04-18T15:17:23.955Z] Plugin: vite:import-analysis
[2026-04-18T15:17:23.955Z] File: /home/ubuntu/viaoceanica-ai/client/src/components/ui/input.tsx:53:4
[2026-04-18T15:17:23.955Z] 1  |  import { jsxDEV } from "react/jsx-dev-runtime";
[2026-04-18T15:17:23.956Z] |                          ^
[2026-04-18T15:17:23.956Z] 2  |  var _s = $RefreshSig$();
[2026-04-18T15:17:23.956Z] 3  |  import { useDialogComposition } from "@/components/ui/dialog";
[2026-04-18T15:17:23.956Z] 11:17:23 AM [vite] (client) Pre-transform error: Failed to resolve import "react/jsx-dev-runtime" from "client/src/components/ui/input.tsx". Does the file exist?
[2026-04-18T15:17:23.956Z] Plugin: vite:import-analysis
[2026-04-18T15:17:23.956Z] File: /home/ubuntu/viaoceanica-ai/client/src/components/ui/input.tsx:53:4
[2026-04-18T15:17:23.957Z] 1  |  import { jsxDEV } from "react/jsx-dev-runtime";
[2026-04-18T15:17:23.957Z] |                          ^
[2026-04-18T15:17:23.957Z] 2  |  var _s = $RefreshSig$();
[2026-04-18T15:17:23.957Z] 3  |  import { useDialogComposition } from "@/components/ui/dialog";
[2026-04-18T15:17:23.957Z] 11:17:23 AM [vite] (client) Pre-transform error: Failed to resolve import "react/jsx-dev-runtime" from "client/src/components/ui/input.tsx". Does the file exist?
[2026-04-18T15:17:23.958Z] Plugin: vite:import-analysis
[2026-04-18T15:17:23.958Z] File: /home/ubuntu/viaoceanica-ai/client/src/components/ui/input.tsx:53:4
[2026-04-18T15:17:23.958Z] 1  |  import { jsxDEV } from "react/jsx-dev-runtime";
[2026-04-18T15:17:23.958Z] |                          ^
[2026-04-18T15:17:23.958Z] 2  |  var _s = $RefreshSig$();
[2026-04-18T15:17:23.958Z] 3  |  import { useDialogComposition } from "@/components/ui/dialog";
[2026-04-18T15:17:23.959Z] 11:17:23 AM [vite] (client) Pre-transform error: Failed to resolve import "react/jsx-dev-runtime" from "client/src/components/ui/input.tsx". Does the file exist?
[2026-04-18T15:17:23.959Z] Plugin: vite:import-analysis
[2026-04-18T15:17:23.959Z] File: /home/ubuntu/viaoceanica-ai/client/src/components/ui/input.tsx:53:4
[2026-04-18T15:17:23.991Z] 1  |  import { jsxDEV } from "react/jsx-dev-runtime";
[2026-04-18T15:17:23.991Z] |                          ^
[2026-04-18T15:17:23.991Z] 2  |  var _s = $RefreshSig$();
[2026-04-18T15:17:23.992Z] 3  |  import { useDialogComposition } from "@/components/ui/dialog";
[2026-04-18T15:17:23.992Z] 11:17:23 AM [vite] (client) Pre-transform error: Failed to resolve import "react/jsx-dev-runtime" from "client/src/components/ui/input.tsx". Does the file exist?
[2026-04-18T15:17:23.992Z] Plugin: vite:import-analysis
[2026-04-18T15:17:23.992Z] File: /home/ubuntu/viaoceanica-ai/client/src/components/ui/input.tsx:53:4
[2026-04-18T15:17:23.993Z] 1  |  import { jsxDEV } from "react/jsx-dev-runtime";
[2026-04-18T15:17:23.993Z] |                          ^
[2026-04-18T15:17:23.993Z] 2  |  var _s = $RefreshSig$();
[2026-04-18T15:17:23.994Z] 3  |  import { useDialogComposition } from "@/components/ui/dialog";
[2026-04-18T15:17:23.994Z] 11:17:23 AM [vite] (client) Pre-transform error: Failed to resolve import "react/jsx-dev-runtime" from "client/src/components/ui/input.tsx". Does the file exist?
[2026-04-18T15:17:23.994Z] Plugin: vite:import-analysis
[2026-04-18T15:17:23.994Z] File: /home/ubuntu/viaoceanica-ai/client/src/components/ui/input.tsx:53:4
[2026-04-18T15:17:23.994Z] 1  |  import { jsxDEV } from "react/jsx-dev-runtime";
[2026-04-18T15:17:23.995Z] |                          ^
[2026-04-18T15:17:23.995Z] 2  |  var _s = $RefreshSig$();
[2026-04-18T15:17:23.996Z] 3  |  import { useDialogComposition } from "@/components/ui/dialog";
[2026-04-18T15:17:23.996Z] 11:17:23 AM [vite] (client) Pre-transform error: Failed to resolve import "react/jsx-dev-runtime" from "client/src/components/ui/input.tsx". Does the file exist?
[2026-04-18T15:17:23.996Z] Plugin: vite:import-analysis
[2026-04-18T15:17:23.996Z] File: /home/ubuntu/viaoceanica-ai/client/src/components/ui/input.tsx:53:4
[2026-04-18T15:17:23.997Z] 1  |  import { jsxDEV } from "react/jsx-dev-runtime";
[2026-04-18T15:17:23.997Z] |                          ^
[2026-04-18T15:17:23.998Z] 2  |  var _s = $RefreshSig$();
[2026-04-18T15:17:23.999Z] 3  |  import { useDialogComposition } from "@/components/ui/dialog";
[2026-04-18T15:17:24.000Z] 11:17:23 AM [vite] (client) Pre-transform error: Failed to resolve import "react/jsx-dev-runtime" from "client/src/components/ui/input.tsx". Does the file exist?
[2026-04-18T15:17:24.000Z] Plugin: vite:import-analysis
[2026-04-18T15:17:24.000Z] File: /home/ubuntu/viaoceanica-ai/client/src/components/ui/input.tsx:53:4
[2026-04-18T15:17:24.001Z] 1  |  import { jsxDEV } from "react/jsx-dev-runtime";
[2026-04-18T15:17:24.001Z] |                          ^
[2026-04-18T15:17:24.002Z] 2  |  var _s = $RefreshSig$();
[2026-04-18T15:17:24.002Z] 3  |  import { useDialogComposition } from "@/components/ui/dialog";
[2026-04-18T15:17:24.002Z] 11:17:23 AM [vite] (client) Pre-transform error: Failed to resolve import "react/jsx-dev-runtime" from "client/src/components/ui/label.tsx". Does the file exist?
[2026-04-18T15:17:24.002Z] Plugin: vite:import-analysis
[2026-04-18T15:17:24.003Z] File: /home/ubuntu/viaoceanica-ai/client/src/components/ui/label.tsx:11:4
[2026-04-18T15:17:24.003Z] 1  |  import { jsxDEV } from "react/jsx-dev-runtime";
[2026-04-18T15:17:24.004Z] |                          ^
[2026-04-18T15:17:24.004Z] 2  |  import * as LabelPrimitive from "@radix-ui/react-label";
[2026-04-18T15:17:24.004Z] 3  |  import { cn } from "@/lib/utils";
[2026-04-18T15:17:24.004Z] 11:17:23 AM [vite] (client) Pre-transform error: Failed to resolve import "react/jsx-dev-runtime" from "client/src/components/ui/label.tsx". Does the file exist?
[2026-04-18T15:17:24.005Z] Plugin: vite:import-analysis
[2026-04-18T15:17:24.005Z] File: /home/ubuntu/viaoceanica-ai/client/src/components/ui/label.tsx:11:4
[2026-04-18T15:17:24.005Z] 1  |  import { jsxDEV } from "react/jsx-dev-runtime";
[2026-04-18T15:17:24.006Z] |                          ^
[2026-04-18T15:17:24.006Z] 2  |  import * as LabelPrimitive from "@radix-ui/react-label";
[2026-04-18T15:17:24.006Z] 3  |  import { cn } from "@/lib/utils";
[2026-04-18T15:17:24.007Z] 11:17:23 AM [vite] (client) Pre-transform error: Failed to resolve import "react/jsx-dev-runtime" from "client/src/components/ui/label.tsx". Does the file exist?
[2026-04-18T15:17:24.007Z] Plugin: vite:import-analysis
[2026-04-18T15:17:24.007Z] File: /home/ubuntu/viaoceanica-ai/client/src/components/ui/label.tsx:11:4
[2026-04-18T15:17:24.008Z] 1  |  import { jsxDEV } from "react/jsx-dev-runtime";
[2026-04-18T15:17:24.008Z] |                          ^
[2026-04-18T15:17:24.009Z] 2  |  import * as LabelPrimitive from "@radix-ui/react-label";
[2026-04-18T15:17:24.009Z] 3  |  import { cn } from "@/lib/utils";
[2026-04-18T15:17:24.010Z] 11:17:23 AM [vite] (client) Pre-transform error: Failed to resolve import "react/jsx-dev-runtime" from "client/src/components/ui/label.tsx". Does the file exist?
[2026-04-18T15:17:24.010Z] Plugin: vite:import-analysis
[2026-04-18T15:17:24.010Z] File: /home/ubuntu/viaoceanica-ai/client/src/components/ui/label.tsx:11:4
[2026-04-18T15:17:24.011Z] 1  |  import { jsxDEV } from "react/jsx-dev-runtime";
[2026-04-18T15:17:24.011Z] |                          ^
[2026-04-18T15:17:24.012Z] 2  |  import * as LabelPrimitive from "@radix-ui/react-label";
[2026-04-18T15:17:24.012Z] 3  |  import { cn } from "@/lib/utils";
[2026-04-18T15:17:24.013Z] 11:17:23 AM [vite] (client) Pre-transform error: Failed to resolve import "react/jsx-dev-runtime" from "client/src/components/ui/label.tsx". Does the file exist?
[2026-04-18T15:17:24.013Z] Plugin: vite:import-analysis
[2026-04-18T15:17:24.013Z] File: /home/ubuntu/viaoceanica-ai/client/src/components/ui/label.tsx:11:4
[2026-04-18T15:17:24.014Z] 1  |  import { jsxDEV } from "react/jsx-dev-runtime";
[2026-04-18T15:17:24.014Z] |                          ^
[2026-04-18T15:17:24.014Z] 2  |  import * as LabelPrimitive from "@radix-ui/react-label";
[2026-04-18T15:17:24.015Z] 3  |  import { cn } from "@/lib/utils";
[2026-04-18T15:17:24.015Z] 11:17:23 AM [vite] (client) Pre-transform error: Failed to resolve import "react/jsx-dev-runtime" from "client/src/components/ui/label.tsx". Does the file exist?
[2026-04-18T15:17:24.015Z] Plugin: vite:import-analysis
[2026-04-18T15:17:24.015Z] File: /home/ubuntu/viaoceanica-ai/client/src/components/ui/label.tsx:11:4
[2026-04-18T15:17:24.016Z] 1  |  import { jsxDEV } from "react/jsx-dev-runtime";
[2026-04-18T15:17:24.016Z] |                          ^
[2026-04-18T15:17:24.016Z] 2  |  import * as LabelPrimitive from "@radix-ui/react-label";
[2026-04-18T15:17:24.016Z] 3  |  import { cn } from "@/lib/utils";
[2026-04-18T15:17:24.017Z] 11:17:23 AM [vite] (client) Pre-transform error: Failed to resolve import "react/jsx-dev-runtime" from "client/src/components/ui/label.tsx". Does the file exist?
[2026-04-18T15:17:24.017Z] Plugin: vite:import-analysis
[2026-04-18T15:17:24.017Z] File: /home/ubuntu/viaoceanica-ai/client/src/components/ui/label.tsx:11:4
[2026-04-18T15:17:24.017Z] 1  |  import { jsxDEV } from "react/jsx-dev-runtime";
[2026-04-18T15:17:24.018Z] |                          ^
[2026-04-18T15:17:24.018Z] 2  |  import * as LabelPrimitive from "@radix-ui/react-label";
[2026-04-18T15:17:24.018Z] 3  |  import { cn } from "@/lib/utils";
[2026-04-18T15:17:24.019Z] 11:17:23 AM [vite] (client) Pre-transform error: Failed to resolve import "react/jsx-dev-runtime" from "client/src/components/ui/label.tsx". Does the file exist?
[2026-04-18T15:17:24.019Z] Plugin: vite:import-analysis
[2026-04-18T15:17:24.019Z] File: /home/ubuntu/viaoceanica-ai/client/src/components/ui/label.tsx:11:4
[2026-04-18T15:17:24.019Z] 1  |  import { jsxDEV } from "react/jsx-dev-runtime";
[2026-04-18T15:17:24.020Z] |                          ^
[2026-04-18T15:17:24.020Z] 2  |  import * as LabelPrimitive from "@radix-ui/react-label";
[2026-04-18T15:17:24.020Z] 3  |  import { cn } from "@/lib/utils";
[2026-04-18T15:17:24.020Z] 11:17:23 AM [vite] (client) Pre-transform error: Failed to resolve import "react/jsx-dev-runtime" from "client/src/components/ui/label.tsx". Does the file exist?
[2026-04-18T15:17:24.021Z] Plugin: vite:import-analysis
[2026-04-18T15:17:24.021Z] File: /home/ubuntu/viaoceanica-ai/client/src/components/ui/label.tsx:11:4
[2026-04-18T15:17:24.021Z] 1  |  import { jsxDEV } from "react/jsx-dev-runtime";
[2026-04-18T15:17:24.022Z] |                          ^
[2026-04-18T15:17:24.022Z] 2  |  import * as LabelPrimitive from "@radix-ui/react-label";
[2026-04-18T15:17:24.022Z] 3  |  import { cn } from "@/lib/utils";
[2026-04-18T15:17:24.023Z] 11:17:23 AM [vite] (client) Pre-transform error: Failed to resolve import "react/jsx-dev-runtime" from "client/src/components/ui/label.tsx". Does the file exist?
[2026-04-18T15:17:24.023Z] Plugin: vite:import-analysis
[2026-04-18T15:17:24.023Z] File: /home/ubuntu/viaoceanica-ai/client/src/components/ui/label.tsx:11:4
[2026-04-18T15:17:24.026Z] 1  |  import { jsxDEV } from "react/jsx-dev-runtime";
[2026-04-18T15:17:24.026Z] |                          ^
[2026-04-18T15:17:24.026Z] 2  |  import * as LabelPrimitive from "@radix-ui/react-label";
[2026-04-18T15:17:24.027Z] 3  |  import { cn } from "@/lib/utils";
[2026-04-18T15:17:24.027Z] 11:17:23 AM [vite] (client) Pre-transform error: Failed to resolve import "react/jsx-dev-runtime" from "client/src/components/ui/label.tsx". Does the file exist?
[2026-04-18T15:17:24.027Z] Plugin: vite:import-analysis
[2026-04-18T15:17:24.027Z] File: /home/ubuntu/viaoceanica-ai/client/src/components/ui/label.tsx:11:4
[2026-04-18T15:17:24.027Z] 1  |  import { jsxDEV } from "react/jsx-dev-runtime";
[2026-04-18T15:17:24.028Z] |                          ^
[2026-04-18T15:17:24.028Z] 2  |  import * as LabelPrimitive from "@radix-ui/react-label";
[2026-04-18T15:17:24.028Z] 3  |  import { cn } from "@/lib/utils";
[2026-04-18T15:17:24.028Z] 11:17:23 AM [vite] (client) Pre-transform error: Failed to resolve import "react/jsx-dev-runtime" from "client/src/components/ui/label.tsx". Does the file exist?
[2026-04-18T15:17:24.028Z] Plugin: vite:import-analysis
[2026-04-18T15:17:24.028Z] File: /home/ubuntu/viaoceanica-ai/client/src/components/ui/label.tsx:11:4
[2026-04-18T15:17:24.029Z] 1  |  import { jsxDEV } from "react/jsx-dev-runtime";
[2026-04-18T15:17:24.029Z] |                          ^
[2026-04-18T15:17:24.029Z] 2  |  import * as LabelPrimitive from "@radix-ui/react-label";
[2026-04-18T15:17:24.029Z] 3  |  import { cn } from "@/lib/utils";
[2026-04-18T15:17:24.029Z] 11:17:23 AM [vite] (client) Pre-transform error: Failed to resolve import "react/jsx-dev-runtime" from "client/src/components/ui/sidebar.tsx". Does the file exist?
[2026-04-18T15:17:24.029Z] Plugin: vite:import-analysis
[2026-04-18T15:17:24.030Z] File: /home/ubuntu/viaoceanica-ai/client/src/components/ui/sidebar.tsx:131:8
[2026-04-18T15:17:24.030Z] 1  |  "use client";
[2026-04-18T15:17:24.030Z] 2  |  import { jsxDEV } from "react/jsx-dev-runtime";
[2026-04-18T15:17:24.030Z] |                          ^
[2026-04-18T15:17:24.030Z] 3  |  var _s = $RefreshSig$(), _s2 = $RefreshSig$(), _s3 = $RefreshSig$(), _s4 = $RefreshSig$(), _s5 = $RefreshSig$(), _s6 ...
[2026-04-18T15:17:24.031Z] 4  |  import { Button } from "@/components/ui/button";
[2026-04-18T15:17:24.031Z] 11:17:23 AM [vite] (client) Pre-transform error: Failed to resolve import "react/jsx-dev-runtime" from "client/src/components/ui/card.tsx". Does the file exist?
[2026-04-18T15:17:24.031Z] Plugin: vite:import-analysis
[2026-04-18T15:17:24.031Z] File: /home/ubuntu/viaoceanica-ai/client/src/components/ui/card.tsx:7:4
[2026-04-18T15:17:24.031Z] 1  |  import { jsxDEV } from "react/jsx-dev-runtime";
[2026-04-18T15:17:24.031Z] |                          ^
[2026-04-18T15:17:24.032Z] 2  |  import { cn } from "@/lib/utils";
[2026-04-18T15:17:24.032Z] 3  |  function Card({ className, ...props }) {
[2026-04-18T15:17:24.032Z] 11:17:23 AM [vite] (client) Pre-transform error: Failed to resolve import "react" from "client/src/hooks/useApi.ts". Does the file exist?
[2026-04-18T15:17:24.032Z] Plugin: vite:import-analysis
[2026-04-18T15:17:24.032Z] File: /home/ubuntu/viaoceanica-ai/client/src/hooks/useApi.ts:12:57
[2026-04-18T15:17:24.032Z] 1  |  import { useState, useEffect, useCallback, useRef } from "react";
[2026-04-18T15:17:24.033Z] |                                                            ^
[2026-04-18T15:17:24.033Z] 2  |  async function apiFetch(path, init) {
[2026-04-18T15:17:24.033Z] 3  |    const res = await fetch(path, {
[2026-04-18T15:17:24.033Z] 11:17:23 AM [vite] (client) Pre-transform error: Failed to resolve import "react/jsx-dev-runtime" from "client/src/components/ui/input.tsx". Does the file exist?
[2026-04-18T15:17:24.033Z] Plugin: vite:import-analysis
[2026-04-18T15:17:24.033Z] File: /home/ubuntu/viaoceanica-ai/client/src/components/ui/input.tsx:53:4
[2026-04-18T15:17:24.034Z] 1  |  import { jsxDEV } from "react/jsx-dev-runtime";
[2026-04-18T15:17:24.034Z] |                          ^
[2026-04-18T15:17:24.034Z] 2  |  var _s = $RefreshSig$();
[2026-04-18T15:17:24.034Z] 3  |  import { useDialogComposition } from "@/components/ui/dialog";
[2026-04-18T15:17:24.034Z] 11:17:23 AM [vite] (client) Pre-transform error: Failed to resolve import "react/jsx-dev-runtime" from "client/src/components/ui/label.tsx". Does the file exist?
[2026-04-18T15:17:24.034Z] Plugin: vite:import-analysis
[2026-04-18T15:17:24.035Z] File: /home/ubuntu/viaoceanica-ai/client/src/components/ui/label.tsx:11:4
[2026-04-18T15:17:24.035Z] 1  |  import { jsxDEV } from "react/jsx-dev-runtime";
[2026-04-18T15:17:24.035Z] |                          ^
[2026-04-18T15:17:24.035Z] 2  |  import * as LabelPrimitive from "@radix-ui/react-label";
[2026-04-18T15:17:24.036Z] 3  |  import { cn } from "@/lib/utils";
[2026-04-18T15:17:24.036Z] 11:17:23 AM [vite] (client) Pre-transform error: Failed to resolve import "react/jsx-dev-runtime" from "client/src/components/ui/skeleton.tsx". Does the file exist?
[2026-04-18T15:17:24.036Z] Plugin: vite:import-analysis
[2026-04-18T15:17:24.036Z] File: /home/ubuntu/viaoceanica-ai/client/src/components/ui/skeleton.tsx:5:4
[2026-04-18T15:17:24.036Z] 1  |  import { jsxDEV } from "react/jsx-dev-runtime";
[2026-04-18T15:17:24.037Z] |                          ^
[2026-04-18T15:17:24.037Z] 2  |  import { cn } from "@/lib/utils";
[2026-04-18T15:17:24.037Z] 3  |  function Skeleton({ className, ...props }) {
[2026-04-18T15:17:24.037Z] 11:17:23 AM [vite] (client) Pre-transform error: Failed to resolve import "react/jsx-dev-runtime" from "client/src/components/ui/skeleton.tsx". Does the file exist?
[2026-04-18T15:17:24.037Z] Plugin: vite:import-analysis
[2026-04-18T15:17:24.038Z] File: /home/ubuntu/viaoceanica-ai/client/src/components/ui/skeleton.tsx:5:4
[2026-04-18T15:17:24.038Z] 1  |  import { jsxDEV } from "react/jsx-dev-runtime";
[2026-04-18T15:17:24.038Z] |                          ^
[2026-04-18T15:17:24.038Z] 2  |  import { cn } from "@/lib/utils";
[2026-04-18T15:17:24.038Z] 3  |  function Skeleton({ className, ...props }) {
[2026-04-18T15:17:24.039Z] 11:17:23 AM [vite] (client) Pre-transform error: Failed to resolve import "react/jsx-dev-runtime" from "client/src/components/ui/skeleton.tsx". Does the file exist?
[2026-04-18T15:17:24.039Z] Plugin: vite:import-analysis
[2026-04-18T15:17:24.039Z] File: /home/ubuntu/viaoceanica-ai/client/src/components/ui/skeleton.tsx:5:4
[2026-04-18T15:17:24.039Z] 1  |  import { jsxDEV } from "react/jsx-dev-runtime";
[2026-04-18T15:17:24.039Z] |                          ^
[2026-04-18T15:17:24.040Z] 2  |  import { cn } from "@/lib/utils";
[2026-04-18T15:17:24.040Z] 3  |  function Skeleton({ className, ...props }) {
[2026-04-18T15:17:24.040Z] 11:17:23 AM [vite] (client) Pre-transform error: Failed to resolve import "react/jsx-dev-runtime" from "client/src/components/ui/skeleton.tsx". Does the file exist?
[2026-04-18T15:17:24.040Z] Plugin: vite:import-analysis
[2026-04-18T15:17:24.040Z] File: /home/ubuntu/viaoceanica-ai/client/src/components/ui/skeleton.tsx:5:4
[2026-04-18T15:17:24.040Z] 1  |  import { jsxDEV } from "react/jsx-dev-runtime";
[2026-04-18T15:17:24.041Z] |                          ^
[2026-04-18T15:17:24.041Z] 2  |  import { cn } from "@/lib/utils";
[2026-04-18T15:17:24.041Z] 3  |  function Skeleton({ className, ...props }) {
[2026-04-18T15:17:24.041Z] 11:17:23 AM [vite] (client) Pre-transform error: Failed to resolve import "react/jsx-dev-runtime" from "client/src/components/ui/skeleton.tsx". Does the file exist?
[2026-04-18T15:17:24.041Z] Plugin: vite:import-analysis
[2026-04-18T15:17:24.042Z] File: /home/ubuntu/viaoceanica-ai/client/src/components/ui/skeleton.tsx:5:4
[2026-04-18T15:17:24.042Z] 1  |  import { jsxDEV } from "react/jsx-dev-runtime";
[2026-04-18T15:17:24.042Z] |                          ^
[2026-04-18T15:17:24.042Z] 2  |  import { cn } from "@/lib/utils";
[2026-04-18T15:17:24.042Z] 3  |  function Skeleton({ className, ...props }) {
[2026-04-18T15:17:24.043Z] 11:17:23 AM [vite] (client) Pre-transform error: Failed to resolve import "react/jsx-dev-runtime" from "client/src/components/ui/skeleton.tsx". Does the file exist?
[2026-04-18T15:17:24.043Z] Plugin: vite:import-analysis
[2026-04-18T15:17:24.043Z] File: /home/ubuntu/viaoceanica-ai/client/src/components/ui/skeleton.tsx:5:4
[2026-04-18T15:17:24.043Z] 1  |  import { jsxDEV } from "react/jsx-dev-runtime";
[2026-04-18T15:17:24.043Z] |                          ^
[2026-04-18T15:17:24.044Z] 2  |  import { cn } from "@/lib/utils";
[2026-04-18T15:17:24.044Z] 3  |  function Skeleton({ className, ...props }) {
[2026-04-18T15:17:24.044Z] 11:17:23 AM [vite] (client) Pre-transform error: Failed to resolve import "react/jsx-dev-runtime" from "client/src/components/ui/skeleton.tsx". Does the file exist?
[2026-04-18T15:17:24.044Z] Plugin: vite:import-analysis
[2026-04-18T15:17:24.044Z] File: /home/ubuntu/viaoceanica-ai/client/src/components/ui/skeleton.tsx:5:4
[2026-04-18T15:17:24.045Z] 1  |  import { jsxDEV } from "react/jsx-dev-runtime";
[2026-04-18T15:17:24.045Z] |                          ^
[2026-04-18T15:17:24.045Z] 2  |  import { cn } from "@/lib/utils";
[2026-04-18T15:17:24.045Z] 3  |  function Skeleton({ className, ...props }) {
[2026-04-18T15:17:24.045Z] 11:17:23 AM [vite] (client) Pre-transform error: Failed to resolve import "react/jsx-dev-runtime" from "client/src/components/ui/skeleton.tsx". Does the file exist?
[2026-04-18T15:17:24.046Z] Plugin: vite:import-analysis
[2026-04-18T15:17:24.046Z] File: /home/ubuntu/viaoceanica-ai/client/src/components/ui/skeleton.tsx:5:4
[2026-04-18T15:17:24.046Z] 1  |  import { jsxDEV } from "react/jsx-dev-runtime";
[2026-04-18T15:17:24.046Z] |                          ^
[2026-04-18T15:17:24.046Z] 2  |  import { cn } from "@/lib/utils";
[2026-04-18T15:17:24.047Z] 3  |  function Skeleton({ className, ...props }) {
[2026-04-18T15:17:24.047Z] 11:17:23 AM [vite] (client) Pre-transform error: Failed to resolve import "react/jsx-dev-runtime" from "client/src/components/ui/skeleton.tsx". Does the file exist?
[2026-04-18T15:17:24.047Z] Plugin: vite:import-analysis
[2026-04-18T15:17:24.047Z] File: /home/ubuntu/viaoceanica-ai/client/src/components/ui/skeleton.tsx:5:4
[2026-04-18T15:17:24.048Z] 1  |  import { jsxDEV } from "react/jsx-dev-runtime";
[2026-04-18T15:17:24.048Z] |                          ^
[2026-04-18T15:17:24.048Z] 2  |  import { cn } from "@/lib/utils";
[2026-04-18T15:17:24.048Z] 3  |  function Skeleton({ className, ...props }) {
[2026-04-18T15:17:24.048Z] 11:17:23 AM [vite] (client) Pre-transform error: Failed to resolve import "react/jsx-dev-runtime" from "client/src/components/ui/skeleton.tsx". Does the file exist?
[2026-04-18T15:17:24.049Z] Plugin: vite:import-analysis
[2026-04-18T15:17:24.049Z] File: /home/ubuntu/viaoceanica-ai/client/src/components/ui/skeleton.tsx:5:4
[2026-04-18T15:17:24.049Z] 1  |  import { jsxDEV } from "react/jsx-dev-runtime";
[2026-04-18T15:17:24.049Z] |                          ^
[2026-04-18T15:17:24.049Z] 2  |  import { cn } from "@/lib/utils";
[2026-04-18T15:17:24.050Z] 3  |  function Skeleton({ className, ...props }) {
[2026-04-18T15:17:24.050Z] 11:17:23 AM [vite] (client) Pre-transform error: Failed to resolve import "react/jsx-dev-runtime" from "client/src/components/ui/skeleton.tsx". Does the file exist?
[2026-04-18T15:17:24.050Z] Plugin: vite:import-analysis
[2026-04-18T15:17:24.050Z] File: /home/ubuntu/viaoceanica-ai/client/src/components/ui/skeleton.tsx:5:4
[2026-04-18T15:17:24.050Z] 1  |  import { jsxDEV } from "react/jsx-dev-runtime";
[2026-04-18T15:17:24.051Z] |                          ^
[2026-04-18T15:17:24.051Z] 2  |  import { cn } from "@/lib/utils";
[2026-04-18T15:17:24.051Z] 3  |  function Skeleton({ className, ...props }) {
[2026-04-18T15:17:24.052Z] 11:17:23 AM [vite] (client) Pre-transform error: Failed to resolve import "react/jsx-dev-runtime" from "client/src/components/ui/skeleton.tsx". Does the file exist?
[2026-04-18T15:17:24.052Z] Plugin: vite:import-analysis
[2026-04-18T15:17:24.052Z] File: /home/ubuntu/viaoceanica-ai/client/src/components/ui/skeleton.tsx:5:4
[2026-04-18T15:17:24.053Z] 1  |  import { jsxDEV } from "react/jsx-dev-runtime";
[2026-04-18T15:17:24.053Z] |                          ^
[2026-04-18T15:17:24.054Z] 2  |  import { cn } from "@/lib/utils";
[2026-04-18T15:17:24.054Z] 3  |  function Skeleton({ className, ...props }) {
[2026-04-18T15:17:24.054Z] 11:17:23 AM [vite] (client) Pre-transform error: Failed to resolve import "react/jsx-dev-runtime" from "client/src/components/ui/skeleton.tsx". Does the file exist?
[2026-04-18T15:17:24.054Z] Plugin: vite:import-analysis
[2026-04-18T15:17:24.054Z] File: /home/ubuntu/viaoceanica-ai/client/src/components/ui/skeleton.tsx:5:4
[2026-04-18T15:17:24.055Z] 1  |  import { jsxDEV } from "react/jsx-dev-runtime";
[2026-04-18T15:17:24.055Z] |                          ^
[2026-04-18T15:17:24.055Z] 2  |  import { cn } from "@/lib/utils";
[2026-04-18T15:17:24.055Z] 3  |  function Skeleton({ className, ...props }) {
[2026-04-18T15:17:24.055Z] 11:17:23 AM [vite] (client) Pre-transform error: Failed to resolve import "react/jsx-dev-runtime" from "client/src/components/ui/skeleton.tsx". Does the file exist?
[2026-04-18T15:17:24.056Z] Plugin: vite:import-analysis
[2026-04-18T15:17:24.056Z] File: /home/ubuntu/viaoceanica-ai/client/src/components/ui/skeleton.tsx:5:4
[2026-04-18T15:17:24.056Z] 1  |  import { jsxDEV } from "react/jsx-dev-runtime";
[2026-04-18T15:17:24.056Z] |                          ^
[2026-04-18T15:17:24.057Z] 2  |  import { cn } from "@/lib/utils";
[2026-04-18T15:17:24.057Z] 3  |  function Skeleton({ className, ...props }) {
[2026-04-18T15:17:24.057Z] 11:17:23 AM [vite] (client) Pre-transform error: Failed to resolve import "react/jsx-dev-runtime" from "client/src/components/ui/skeleton.tsx". Does the file exist?
[2026-04-18T15:17:24.057Z] Plugin: vite:import-analysis
[2026-04-18T15:17:24.058Z] File: /home/ubuntu/viaoceanica-ai/client/src/components/ui/skeleton.tsx:5:4
[2026-04-18T15:17:24.058Z] 1  |  import { jsxDEV } from "react/jsx-dev-runtime";
[2026-04-18T15:17:24.058Z] |                          ^
[2026-04-18T15:17:24.058Z] 2  |  import { cn } from "@/lib/utils";
[2026-04-18T15:17:24.058Z] 3  |  function Skeleton({ className, ...props }) {
[2026-04-18T15:17:24.059Z] 11:17:23 AM [vite] (client) Pre-transform error: Failed to resolve import "react/jsx-dev-runtime" from "client/src/components/ui/badge.tsx". Does the file exist?
[2026-04-18T15:17:24.059Z] Plugin: vite:import-analysis
[2026-04-18T15:17:24.059Z] File: /home/ubuntu/viaoceanica-ai/client/src/components/ui/badge.tsx:38:4
[2026-04-18T15:17:24.059Z] 1  |  import { jsxDEV } from "react/jsx-dev-runtime";
[2026-04-18T15:17:24.059Z] |                          ^
[2026-04-18T15:17:24.059Z] 2  |  import { Slot } from "@radix-ui/react-slot";
[2026-04-18T15:17:24.060Z] 3  |  import { cva } from "class-variance-authority";
[2026-04-18T15:17:24.060Z] 11:17:23 AM [vite] (client) Pre-transform error: Failed to resolve import "react/jsx-dev-runtime" from "client/src/components/ui/badge.tsx". Does the file exist?
[2026-04-18T15:17:24.060Z] Plugin: vite:import-analysis
[2026-04-18T15:17:24.060Z] File: /home/ubuntu/viaoceanica-ai/client/src/components/ui/badge.tsx:38:4
[2026-04-18T15:17:24.060Z] 1  |  import { jsxDEV } from "react/jsx-dev-runtime";
[2026-04-18T15:17:24.060Z] |                          ^
[2026-04-18T15:17:24.061Z] 2  |  import { Slot } from "@radix-ui/react-slot";
[2026-04-18T15:17:24.061Z] 3  |  import { cva } from "class-variance-authority";
[2026-04-18T15:17:24.061Z] 11:17:23 AM [vite] (client) Pre-transform error: Failed to resolve import "react/jsx-dev-runtime" from "client/src/components/ui/badge.tsx". Does the file exist?
[2026-04-18T15:17:24.061Z] Plugin: vite:import-analysis
[2026-04-18T15:17:24.061Z] File: /home/ubuntu/viaoceanica-ai/client/src/components/ui/badge.tsx:38:4
[2026-04-18T15:17:24.062Z] 1  |  import { jsxDEV } from "react/jsx-dev-runtime";
[2026-04-18T15:17:24.062Z] |                          ^
[2026-04-18T15:17:24.063Z] 2  |  import { Slot } from "@radix-ui/react-slot";
[2026-04-18T15:17:24.064Z] 3  |  import { cva } from "class-variance-authority";
[2026-04-18T15:17:24.064Z] 11:17:23 AM [vite] (client) Pre-transform error: Failed to resolve import "react/jsx-dev-runtime" from "client/src/components/ui/badge.tsx". Does the file exist?
[2026-04-18T15:17:24.065Z] Plugin: vite:import-analysis
[2026-04-18T15:17:24.065Z] File: /home/ubuntu/viaoceanica-ai/client/src/components/ui/badge.tsx:38:4
[2026-04-18T15:17:24.065Z] 1  |  import { jsxDEV } from "react/jsx-dev-runtime";
[2026-04-18T15:17:24.065Z] |                          ^
[2026-04-18T15:17:24.065Z] 2  |  import { Slot } from "@radix-ui/react-slot";
[2026-04-18T15:17:24.066Z] 3  |  import { cva } from "class-variance-authority";
[2026-04-18T15:17:24.066Z] 11:17:23 AM [vite] (client) Pre-transform error: Failed to resolve import "react/jsx-dev-runtime" from "client/src/components/ui/badge.tsx". Does the file exist?
[2026-04-18T15:17:24.066Z] Plugin: vite:import-analysis
[2026-04-18T15:17:24.066Z] File: /home/ubuntu/viaoceanica-ai/client/src/components/ui/badge.tsx:38:4
[2026-04-18T15:17:24.067Z] 1  |  import { jsxDEV } from "react/jsx-dev-runtime";
[2026-04-18T15:17:24.067Z] |                          ^
[2026-04-18T15:17:24.067Z] 2  |  import { Slot } from "@radix-ui/react-slot";
[2026-04-18T15:17:24.067Z] 3  |  import { cva } from "class-variance-authority";
[2026-04-18T15:17:24.067Z] 11:17:23 AM [vite] (client) Pre-transform error: Failed to resolve import "react/jsx-dev-runtime" from "client/src/components/ui/badge.tsx". Does the file exist?
[2026-04-18T15:17:24.067Z] Plugin: vite:import-analysis
[2026-04-18T15:17:24.068Z] File: /home/ubuntu/viaoceanica-ai/client/src/components/ui/badge.tsx:38:4
[2026-04-18T15:17:24.068Z] 1  |  import { jsxDEV } from "react/jsx-dev-runtime";
[2026-04-18T15:17:24.068Z] |                          ^
[2026-04-18T15:17:24.068Z] 2  |  import { Slot } from "@radix-ui/react-slot";
[2026-04-18T15:17:24.068Z] 3  |  import { cva } from "class-variance-authority";
[2026-04-18T15:17:24.068Z] 11:17:23 AM [vite] (client) Pre-transform error: Failed to resolve import "react/jsx-dev-runtime" from "client/src/components/ui/badge.tsx". Does the file exist?
[2026-04-18T15:17:24.069Z] Plugin: vite:import-analysis
[2026-04-18T15:17:24.069Z] File: /home/ubuntu/viaoceanica-ai/client/src/components/ui/badge.tsx:38:4
[2026-04-18T15:17:24.069Z] 1  |  import { jsxDEV } from "react/jsx-dev-runtime";
[2026-04-18T15:17:24.069Z] |                          ^
[2026-04-18T15:17:24.069Z] 2  |  import { Slot } from "@radix-ui/react-slot";
[2026-04-18T15:17:24.069Z] 3  |  import { cva } from "class-variance-authority";
[2026-04-18T15:17:24.069Z] 11:17:23 AM [vite] (client) Pre-transform error: Failed to resolve import "react/jsx-dev-runtime" from "client/src/components/ui/badge.tsx". Does the file exist?
[2026-04-18T15:17:24.070Z] Plugin: vite:import-analysis
[2026-04-18T15:17:24.070Z] File: /home/ubuntu/viaoceanica-ai/client/src/components/ui/badge.tsx:38:4
[2026-04-18T15:17:24.070Z] 1  |  import { jsxDEV } from "react/jsx-dev-runtime";
[2026-04-18T15:17:24.070Z] |                          ^
[2026-04-18T15:17:24.070Z] 2  |  import { Slot } from "@radix-ui/react-slot";
[2026-04-18T15:17:24.071Z] 3  |  import { cva } from "class-variance-authority";
[2026-04-18T15:17:24.071Z] 11:17:23 AM [vite] (client) Pre-transform error: Failed to resolve import "react/jsx-dev-runtime" from "client/src/components/ui/badge.tsx". Does the file exist?
[2026-04-18T15:17:24.071Z] Plugin: vite:import-analysis
[2026-04-18T15:17:24.071Z] File: /home/ubuntu/viaoceanica-ai/client/src/components/ui/badge.tsx:38:4
[2026-04-18T15:17:24.071Z] 1  |  import { jsxDEV } from "react/jsx-dev-runtime";
[2026-04-18T15:17:24.071Z] |                          ^
[2026-04-18T15:17:24.071Z] 2  |  import { Slot } from "@radix-ui/react-slot";
[2026-04-18T15:17:24.072Z] 3  |  import { cva } from "class-variance-authority";
[2026-04-18T15:17:24.072Z] 11:17:23 AM [vite] (client) Pre-transform error: Failed to resolve import "react/jsx-dev-runtime" from "client/src/components/ui/badge.tsx". Does the file exist?
[2026-04-18T15:17:24.072Z] Plugin: vite:import-analysis
[2026-04-18T15:17:24.072Z] File: /home/ubuntu/viaoceanica-ai/client/src/components/ui/badge.tsx:38:4
[2026-04-18T15:17:24.072Z] 1  |  import { jsxDEV } from "react/jsx-dev-runtime";
[2026-04-18T15:17:24.073Z] |                          ^
[2026-04-18T15:17:24.073Z] 2  |  import { Slot } from "@radix-ui/react-slot";
[2026-04-18T15:17:24.073Z] 3  |  import { cva } from "class-variance-authority";
[2026-04-18T15:17:24.073Z] 11:17:23 AM [vite] (client) Pre-transform error: Failed to resolve import "react/jsx-dev-runtime" from "client/src/components/ui/badge.tsx". Does the file exist?
[2026-04-18T15:17:24.073Z] Plugin: vite:import-analysis
[2026-04-18T15:17:24.073Z] File: /home/ubuntu/viaoceanica-ai/client/src/components/ui/badge.tsx:38:4
[2026-04-18T15:17:24.074Z] 1  |  import { jsxDEV } from "react/jsx-dev-runtime";
[2026-04-18T15:17:24.074Z] |                          ^
[2026-04-18T15:17:24.074Z] 2  |  import { Slot } from "@radix-ui/react-slot";
[2026-04-18T15:17:24.074Z] 3  |  import { cva } from "class-variance-authority";
[2026-04-18T15:17:24.074Z] 11:17:23 AM [vite] (client) Pre-transform error: Failed to resolve import "react/jsx-dev-runtime" from "client/src/components/ui/badge.tsx". Does the file exist?
[2026-04-18T15:17:24.075Z] Plugin: vite:import-analysis
[2026-04-18T15:17:24.075Z] File: /home/ubuntu/viaoceanica-ai/client/src/components/ui/badge.tsx:38:4
[2026-04-18T15:17:24.075Z] 1  |  import { jsxDEV } from "react/jsx-dev-runtime";
[2026-04-18T15:17:24.075Z] |                          ^
[2026-04-18T15:17:24.075Z] 2  |  import { Slot } from "@radix-ui/react-slot";
[2026-04-18T15:17:24.075Z] 3  |  import { cva } from "class-variance-authority";
[2026-04-18T15:17:24.076Z] 11:17:23 AM [vite] (client) Pre-transform error: Failed to resolve import "react/jsx-dev-runtime" from "client/src/components/ui/badge.tsx". Does the file exist?
[2026-04-18T15:17:24.076Z] Plugin: vite:import-analysis
[2026-04-18T15:17:24.076Z] File: /home/ubuntu/viaoceanica-ai/client/src/components/ui/badge.tsx:38:4
[2026-04-18T15:17:24.077Z] 1  |  import { jsxDEV } from "react/jsx-dev-runtime";
[2026-04-18T15:17:24.078Z] |                          ^
[2026-04-18T15:17:24.078Z] 2  |  import { Slot } from "@radix-ui/react-slot";
[2026-04-18T15:17:24.078Z] 3  |  import { cva } from "class-variance-authority";
[2026-04-18T15:17:24.078Z] 11:17:23 AM [vite] (client) Pre-transform error: Failed to resolve import "react/jsx-dev-runtime" from "client/src/components/ui/dialog.tsx". Does the file exist?
[2026-04-18T15:17:24.079Z] Plugin: vite:import-analysis
[2026-04-18T15:17:24.079Z] File: /home/ubuntu/viaoceanica-ai/client/src/components/ui/dialog.tsx:51:6
[2026-04-18T15:17:24.079Z] 1  |  import { jsxDEV } from "react/jsx-dev-runtime";
[2026-04-18T15:17:24.080Z] |                          ^
[2026-04-18T15:17:24.080Z] 2  |  var _s = $RefreshSig$(), _s2 = $RefreshSig$(), _s3 = $RefreshSig$();
[2026-04-18T15:17:24.081Z] 3  |  import { cn } from "@/lib/utils";
[2026-04-18T15:17:24.082Z] 11:17:23 AM [vite] (client) Pre-transform error: Failed to resolve import "react/jsx-dev-runtime" from "client/src/components/ui/dialog.tsx". Does the file exist?
[2026-04-18T15:17:24.083Z] Plugin: vite:import-analysis
[2026-04-18T15:17:24.083Z] File: /home/ubuntu/viaoceanica-ai/client/src/components/ui/dialog.tsx:51:6
[2026-04-18T15:17:24.083Z] 1  |  import { jsxDEV } from "react/jsx-dev-runtime";
[2026-04-18T15:17:24.083Z] |                          ^
[2026-04-18T15:17:24.084Z] 2  |  var _s = $RefreshSig$(), _s2 = $RefreshSig$(), _s3 = $RefreshSig$();
[2026-04-18T15:17:24.084Z] 3  |  import { cn } from "@/lib/utils";
[2026-04-18T15:17:24.084Z] 11:17:23 AM [vite] (client) Pre-transform error: Failed to resolve import "react/jsx-dev-runtime" from "client/src/components/ui/dialog.tsx". Does the file exist?
[2026-04-18T15:17:24.084Z] Plugin: vite:import-analysis
[2026-04-18T15:17:24.085Z] File: /home/ubuntu/viaoceanica-ai/client/src/components/ui/dialog.tsx:51:6
[2026-04-18T15:17:24.085Z] 1  |  import { jsxDEV } from "react/jsx-dev-runtime";
[2026-04-18T15:17:24.086Z] |                          ^
[2026-04-18T15:17:24.086Z] 2  |  var _s = $RefreshSig$(), _s2 = $RefreshSig$(), _s3 = $RefreshSig$();
[2026-04-18T15:17:24.086Z] 3  |  import { cn } from "@/lib/utils";
[2026-04-18T15:17:24.087Z] 11:17:23 AM [vite] (client) Pre-transform error: Failed to resolve import "react/jsx-dev-runtime" from "client/src/components/ui/dialog.tsx". Does the file exist?
[2026-04-18T15:17:24.087Z] Plugin: vite:import-analysis
[2026-04-18T15:17:24.087Z] File: /home/ubuntu/viaoceanica-ai/client/src/components/ui/dialog.tsx:51:6
[2026-04-18T15:17:24.088Z] 1  |  import { jsxDEV } from "react/jsx-dev-runtime";
[2026-04-18T15:17:24.088Z] |                          ^
[2026-04-18T15:17:24.088Z] 2  |  var _s = $RefreshSig$(), _s2 = $RefreshSig$(), _s3 = $RefreshSig$();
[2026-04-18T15:17:24.088Z] 3  |  import { cn } from "@/lib/utils";
[2026-04-18T15:17:24.088Z] 11:17:23 AM [vite] (client) Pre-transform error: Failed to resolve import "react/jsx-dev-runtime" from "client/src/components/ui/dialog.tsx". Does the file exist?
[2026-04-18T15:17:24.089Z] Plugin: vite:import-analysis
[2026-04-18T15:17:24.089Z] File: /home/ubuntu/viaoceanica-ai/client/src/components/ui/dialog.tsx:51:6
[2026-04-18T15:17:24.089Z] 1  |  import { jsxDEV } from "react/jsx-dev-runtime";
[2026-04-18T15:17:24.090Z] |                          ^
[2026-04-18T15:17:24.090Z] 2  |  var _s = $RefreshSig$(), _s2 = $RefreshSig$(), _s3 = $RefreshSig$();
[2026-04-18T15:17:24.090Z] 3  |  import { cn } from "@/lib/utils";
[2026-04-18T15:17:24.090Z] 11:17:23 AM [vite] (client) Pre-transform error: Failed to resolve import "react/jsx-dev-runtime" from "client/src/components/ui/skeleton.tsx". Does the file exist?
[2026-04-18T15:17:24.091Z] Plugin: vite:import-analysis
[2026-04-18T15:17:24.091Z] File: /home/ubuntu/viaoceanica-ai/client/src/components/ui/skeleton.tsx:5:4
[2026-04-18T15:17:24.091Z] 1  |  import { jsxDEV } from "react/jsx-dev-runtime";
[2026-04-18T15:17:24.091Z] |                          ^
[2026-04-18T15:17:24.092Z] 2  |  import { cn } from "@/lib/utils";
[2026-04-18T15:17:24.092Z] 3  |  function Skeleton({ className, ...props }) {
[2026-04-18T15:17:24.092Z] 11:17:23 AM [vite] (client) Pre-transform error: Failed to resolve import "react/jsx-dev-runtime" from "client/src/components/ui/badge.tsx". Does the file exist?
[2026-04-18T15:17:24.093Z] Plugin: vite:import-analysis
[2026-04-18T15:17:24.093Z] File: /home/ubuntu/viaoceanica-ai/client/src/components/ui/badge.tsx:38:4
[2026-04-18T15:17:24.094Z] 1  |  import { jsxDEV } from "react/jsx-dev-runtime";
[2026-04-18T15:17:24.094Z] |                          ^
[2026-04-18T15:17:24.094Z] 2  |  import { Slot } from "@radix-ui/react-slot";
[2026-04-18T15:17:24.094Z] 3  |  import { cva } from "class-variance-authority";
[2026-04-18T15:17:24.095Z] 11:17:23 AM [vite] (client) Pre-transform error: Failed to resolve import "react/jsx-dev-runtime" from "client/src/components/ui/dialog.tsx". Does the file exist?
[2026-04-18T15:17:24.095Z] Plugin: vite:import-analysis
[2026-04-18T15:17:24.095Z] File: /home/ubuntu/viaoceanica-ai/client/src/components/ui/dialog.tsx:51:6
[2026-04-18T15:17:24.096Z] 1  |  import { jsxDEV } from "react/jsx-dev-runtime";
[2026-04-18T15:17:24.096Z] |                          ^
[2026-04-18T15:17:24.096Z] 2  |  var _s = $RefreshSig$(), _s2 = $RefreshSig$(), _s3 = $RefreshSig$();
[2026-04-18T15:17:24.097Z] 3  |  import { cn } from "@/lib/utils";
[2026-04-18T15:17:24.097Z] 11:17:23 AM [vite] (client) Pre-transform error: Failed to resolve import "react/jsx-dev-runtime" from "client/src/components/ui/alert-dialog.tsx". Does the file exist?
[2026-04-18T15:17:24.097Z] Plugin: vite:import-analysis
[2026-04-18T15:17:24.097Z] File: /home/ubuntu/viaoceanica-ai/client/src/components/ui/alert-dialog.tsx:10:9
[2026-04-18T15:17:24.098Z] 1  |  import { jsxDEV } from "react/jsx-dev-runtime";
[2026-04-18T15:17:24.098Z] |                          ^
[2026-04-18T15:17:24.098Z] 2  |  import * as AlertDialogPrimitive from "@radix-ui/react-alert-dialog";
[2026-04-18T15:17:24.099Z] 3  |  import { cn } from "@/lib/utils";
[2026-04-18T15:17:24.099Z] 11:17:23 AM [vite] (client) Pre-transform error: Failed to resolve import "react/jsx-dev-runtime" from "client/src/components/ui/select.tsx". Does the file exist?
[2026-04-18T15:17:24.099Z] Plugin: vite:import-analysis
[2026-04-18T15:17:24.099Z] File: /home/ubuntu/viaoceanica-ai/client/src/components/ui/select.tsx:10:9
[2026-04-18T15:17:24.100Z] 1  |  import { jsxDEV } from "react/jsx-dev-runtime";
[2026-04-18T15:17:24.100Z] |                          ^
[2026-04-18T15:17:24.100Z] 2  |  import * as SelectPrimitive from "@radix-ui/react-select";
[2026-04-18T15:17:24.100Z] 3  |  import { CheckIcon, ChevronDownIcon, ChevronUpIcon } from "lucide-react";
[2026-04-18T15:17:24.101Z] 11:17:23 AM [vite] (client) Pre-transform error: Failed to resolve import "react/jsx-dev-runtime" from "client/src/components/ui/select.tsx". Does the file exist?
[2026-04-18T15:17:24.101Z] Plugin: vite:import-analysis
[2026-04-18T15:17:24.101Z] File: /home/ubuntu/viaoceanica-ai/client/src/components/ui/select.tsx:10:9
[2026-04-18T15:17:24.101Z] 1  |  import { jsxDEV } from "react/jsx-dev-runtime";
[2026-04-18T15:17:24.102Z] |                          ^
[2026-04-18T15:17:24.102Z] 2  |  import * as SelectPrimitive from "@radix-ui/react-select";
[2026-04-18T15:17:24.102Z] 3  |  import { CheckIcon, ChevronDownIcon, ChevronUpIcon } from "lucide-react";
[2026-04-18T15:17:24.102Z] 11:17:23 AM [vite] (client) Pre-transform error: Failed to resolve import "react/jsx-dev-runtime" from "client/src/components/ui/select.tsx". Does the file exist?
[2026-04-18T15:17:24.102Z] Plugin: vite:import-analysis
[2026-04-18T15:17:24.102Z] File: /home/ubuntu/viaoceanica-ai/client/src/components/ui/select.tsx:10:9
[2026-04-18T15:17:24.103Z] 1  |  import { jsxDEV } from "react/jsx-dev-runtime";
[2026-04-18T15:17:24.103Z] |                          ^
[2026-04-18T15:17:24.103Z] 2  |  import * as SelectPrimitive from "@radix-ui/react-select";
[2026-04-18T15:17:24.103Z] 3  |  import { CheckIcon, ChevronDownIcon, ChevronUpIcon } from "lucide-react";
[2026-04-18T15:17:24.103Z] 11:17:23 AM [vite] (client) Pre-transform error: Failed to resolve import "react/jsx-dev-runtime" from "client/src/components/ui/table.tsx". Does the file exist?
[2026-04-18T15:17:24.103Z] Plugin: vite:import-analysis
[2026-04-18T15:17:24.104Z] File: /home/ubuntu/viaoceanica-ai/client/src/components/ui/table.tsx:11:6
[2026-04-18T15:17:24.104Z] 1  |  import { jsxDEV } from "react/jsx-dev-runtime";
[2026-04-18T15:17:24.104Z] |                          ^
[2026-04-18T15:17:24.105Z] 2  |  import { cn } from "@/lib/utils";
[2026-04-18T15:17:24.105Z] 3  |  function Table({ className, ...props }) {
[2026-04-18T15:17:24.105Z] 11:17:23 AM [vite] (client) Pre-transform error: Failed to resolve import "react/jsx-dev-runtime" from "client/src/components/ui/table.tsx". Does the file exist?
[2026-04-18T15:17:24.106Z] Plugin: vite:import-analysis
[2026-04-18T15:17:24.106Z] File: /home/ubuntu/viaoceanica-ai/client/src/components/ui/table.tsx:11:6
[2026-04-18T15:17:24.106Z] 1  |  import { jsxDEV } from "react/jsx-dev-runtime";
[2026-04-18T15:17:24.106Z] |                          ^
[2026-04-18T15:17:24.107Z] 2  |  import { cn } from "@/lib/utils";
[2026-04-18T15:17:24.107Z] 3  |  function Table({ className, ...props }) {
[2026-04-18T15:17:24.107Z] 11:17:23 AM [vite] (client) Pre-transform error: Failed to resolve import "react/jsx-dev-runtime" from "client/src/components/ui/table.tsx". Does the file exist?
[2026-04-18T15:17:24.107Z] Plugin: vite:import-analysis
[2026-04-18T15:17:24.107Z] File: /home/ubuntu/viaoceanica-ai/client/src/components/ui/table.tsx:11:6
[2026-04-18T15:17:24.108Z] 1  |  import { jsxDEV } from "react/jsx-dev-runtime";
[2026-04-18T15:17:24.108Z] |                          ^
[2026-04-18T15:17:24.108Z] 2  |  import { cn } from "@/lib/utils";
[2026-04-18T15:17:24.108Z] 3  |  function Table({ className, ...props }) {
[2026-04-18T15:17:24.108Z] 11:17:23 AM [vite] (client) Pre-transform error: Failed to resolve import "react/jsx-dev-runtime" from "client/src/components/ui/table.tsx". Does the file exist?
[2026-04-18T15:17:24.108Z] Plugin: vite:import-analysis
[2026-04-18T15:17:24.109Z] File: /home/ubuntu/viaoceanica-ai/client/src/components/ui/table.tsx:11:6
[2026-04-18T15:17:24.109Z] 1  |  import { jsxDEV } from "react/jsx-dev-runtime";
[2026-04-18T15:17:24.109Z] |                          ^
[2026-04-18T15:17:24.110Z] 2  |  import { cn } from "@/lib/utils";
[2026-04-18T15:17:24.110Z] 3  |  function Table({ className, ...props }) {
[2026-04-18T15:17:24.110Z] 11:17:23 AM [vite] (client) Pre-transform error: Failed to resolve import "react/jsx-dev-runtime" from "client/src/components/ui/table.tsx". Does the file exist?
[2026-04-18T15:17:24.111Z] Plugin: vite:import-analysis
[2026-04-18T15:17:24.111Z] File: /home/ubuntu/viaoceanica-ai/client/src/components/ui/table.tsx:11:6
[2026-04-18T15:17:24.111Z] 1  |  import { jsxDEV } from "react/jsx-dev-runtime";
[2026-04-18T15:17:24.111Z] |                          ^
[2026-04-18T15:17:24.112Z] 2  |  import { cn } from "@/lib/utils";
[2026-04-18T15:17:24.112Z] 3  |  function Table({ className, ...props }) {
[2026-04-18T15:17:24.112Z] 11:17:23 AM [vite] (client) Pre-transform error: Failed to resolve import "react/jsx-dev-runtime" from "client/src/components/ui/switch.tsx". Does the file exist?
[2026-04-18T15:17:24.112Z] Plugin: vite:import-analysis
[2026-04-18T15:17:24.112Z] File: /home/ubuntu/viaoceanica-ai/client/src/components/ui/switch.tsx:19:6
[2026-04-18T15:17:24.113Z] 1  |  import { jsxDEV } from "react/jsx-dev-runtime";
[2026-04-18T15:17:24.113Z] |                          ^
[2026-04-18T15:17:24.113Z] 2  |  import * as SwitchPrimitive from "@radix-ui/react-switch";
[2026-04-18T15:17:24.113Z] 3  |  import { cn } from "@/lib/utils";
[2026-04-18T15:17:24.114Z] 11:17:23 AM [vite] (client) Pre-transform error: Failed to resolve import "react/jsx-dev-runtime" from "client/src/components/ui/switch.tsx". Does the file exist?
[2026-04-18T15:17:24.114Z] Plugin: vite:import-analysis
[2026-04-18T15:17:24.114Z] File: /home/ubuntu/viaoceanica-ai/client/src/components/ui/switch.tsx:19:6
[2026-04-18T15:17:24.114Z] 1  |  import { jsxDEV } from "react/jsx-dev-runtime";
[2026-04-18T15:17:24.114Z] |                          ^
[2026-04-18T15:17:24.115Z] 2  |  import * as SwitchPrimitive from "@radix-ui/react-switch";
[2026-04-18T15:17:24.115Z] 3  |  import { cn } from "@/lib/utils";
[2026-04-18T15:17:24.115Z] 11:17:23 AM [vite] (client) Pre-transform error: Failed to resolve import "react/jsx-dev-runtime" from "client/src/components/ui/separator.tsx". Does the file exist?
[2026-04-18T15:17:24.115Z] Plugin: vite:import-analysis
[2026-04-18T15:17:24.115Z] File: /home/ubuntu/viaoceanica-ai/client/src/components/ui/separator.tsx:13:4
[2026-04-18T15:17:24.116Z] 1  |  import { jsxDEV } from "react/jsx-dev-runtime";
[2026-04-18T15:17:24.116Z] |                          ^
[2026-04-18T15:17:24.116Z] 2  |  import * as SeparatorPrimitive from "@radix-ui/react-separator";
[2026-04-18T15:17:24.116Z] 3  |  import { cn } from "@/lib/utils";
[2026-04-18T15:17:24.116Z] 11:17:23 AM [vite] (client) Pre-transform error: Failed to resolve import "react/jsx-dev-runtime" from "client/src/components/ui/separator.tsx". Does the file exist?
[2026-04-18T15:17:24.117Z] Plugin: vite:import-analysis
[2026-04-18T15:17:24.117Z] File: /home/ubuntu/viaoceanica-ai/client/src/components/ui/separator.tsx:13:4
[2026-04-18T15:17:24.117Z] 1  |  import { jsxDEV } from "react/jsx-dev-runtime";
[2026-04-18T15:17:24.117Z] |                          ^
[2026-04-18T15:17:24.118Z] 2  |  import * as SeparatorPrimitive from "@radix-ui/react-separator";
[2026-04-18T15:17:24.118Z] 3  |  import { cn } from "@/lib/utils";
[2026-04-18T15:17:24.118Z] 11:17:23 AM [vite] (client) Pre-transform error: Failed to resolve import "react/jsx-dev-runtime" from "client/src/components/ui/separator.tsx". Does the file exist?
[2026-04-18T15:17:24.119Z] Plugin: vite:import-analysis
[2026-04-18T15:17:24.119Z] File: /home/ubuntu/viaoceanica-ai/client/src/components/ui/separator.tsx:13:4
[2026-04-18T15:17:24.120Z] 1  |  import { jsxDEV } from "react/jsx-dev-runtime";
[2026-04-18T15:17:24.120Z] |                          ^
[2026-04-18T15:17:24.120Z] 2  |  import * as SeparatorPrimitive from "@radix-ui/react-separator";
[2026-04-18T15:17:24.120Z] 3  |  import { cn } from "@/lib/utils";
[2026-04-18T15:17:24.120Z] 11:17:23 AM [vite] (client) Pre-transform error: Failed to resolve import "@trpc/react-query" from "client/src/lib/trpc.ts". Does the file exist?
[2026-04-18T15:17:24.121Z] Plugin: vite:import-analysis
[2026-04-18T15:17:24.121Z] File: /home/ubuntu/viaoceanica-ai/client/src/lib/trpc.ts:1:32
[2026-04-18T15:17:24.121Z] 1  |  import { createTRPCReact } from "@trpc/react-query";
[2026-04-18T15:17:24.121Z] |                                   ^
[2026-04-18T15:17:24.122Z] 2  |  export const trpc = createTRPCReact();
[2026-04-18T15:17:24.122Z] 3  |
[2026-04-18T15:17:24.122Z] 11:17:23 AM [vite] (client) Pre-transform error: Failed to resolve import "@trpc/react-query" from "client/src/lib/trpc.ts". Does the file exist?
[2026-04-18T15:17:24.133Z] Plugin: vite:import-analysis
[2026-04-18T15:17:24.158Z] File: /home/ubuntu/viaoceanica-ai/client/src/lib/trpc.ts:1:32
[2026-04-18T15:17:24.162Z] 1  |  import { createTRPCReact } from "@trpc/react-query";
[2026-04-18T15:17:24.162Z] |                                   ^
[2026-04-18T15:17:24.163Z] 2  |  export const trpc = createTRPCReact();
[2026-04-18T15:17:24.163Z] 3  |
[2026-04-18T15:17:24.163Z] 11:17:23 AM [vite] (client) Pre-transform error: Failed to resolve import "@trpc/react-query" from "client/src/lib/trpc.ts". Does the file exist?
[2026-04-18T15:17:24.164Z] Plugin: vite:import-analysis
[2026-04-18T15:17:24.164Z] File: /home/ubuntu/viaoceanica-ai/client/src/lib/trpc.ts:1:32
[2026-04-18T15:17:24.164Z] 1  |  import { createTRPCReact } from "@trpc/react-query";
[2026-04-18T15:17:24.164Z] |                                   ^
[2026-04-18T15:17:24.164Z] 2  |  export const trpc = createTRPCReact();
[2026-04-18T15:17:24.164Z] 3  |
[2026-04-18T15:17:24.165Z] 11:17:23 AM [vite] (client) Pre-transform error: Failed to resolve import "@trpc/react-query" from "client/src/lib/trpc.ts". Does the file exist?
[2026-04-18T15:17:24.165Z] Plugin: vite:import-analysis
[2026-04-18T15:17:24.165Z] File: /home/ubuntu/viaoceanica-ai/client/src/lib/trpc.ts:1:32
[2026-04-18T15:17:24.166Z] 1  |  import { createTRPCReact } from "@trpc/react-query";
[2026-04-18T15:17:24.166Z] |                                   ^
[2026-04-18T15:17:24.166Z] 2  |  export const trpc = createTRPCReact();
[2026-04-18T15:17:24.166Z] 3  |
[2026-04-18T15:17:24.167Z] 11:17:23 AM [vite] (client) Pre-transform error: Failed to resolve import "@trpc/react-query" from "client/src/lib/trpc.ts". Does the file exist?
[2026-04-18T15:17:24.167Z] Plugin: vite:import-analysis
[2026-04-18T15:17:24.167Z] File: /home/ubuntu/viaoceanica-ai/client/src/lib/trpc.ts:1:32
[2026-04-18T15:17:24.167Z] 1  |  import { createTRPCReact } from "@trpc/react-query";
[2026-04-18T15:17:24.168Z] |                                   ^
[2026-04-18T15:17:24.168Z] 2  |  export const trpc = createTRPCReact();
[2026-04-18T15:17:24.168Z] 3  |
[2026-04-18T15:17:24.168Z] 11:17:23 AM [vite] (client) Pre-transform error: Failed to resolve import "@trpc/react-query" from "client/src/lib/trpc.ts". Does the file exist?
[2026-04-18T15:17:24.169Z] Plugin: vite:import-analysis
[2026-04-18T15:17:24.169Z] File: /home/ubuntu/viaoceanica-ai/client/src/lib/trpc.ts:1:32
[2026-04-18T15:17:24.169Z] 1  |  import { createTRPCReact } from "@trpc/react-query";
[2026-04-18T15:17:24.169Z] |                                   ^
[2026-04-18T15:17:24.169Z] 2  |  export const trpc = createTRPCReact();
[2026-04-18T15:17:24.169Z] 3  |
[2026-04-18T15:17:24.170Z] 11:17:23 AM [vite] (client) Pre-transform error: Failed to resolve import "@trpc/react-query" from "client/src/lib/trpc.ts". Does the file exist?
[2026-04-18T15:17:24.170Z] Plugin: vite:import-analysis
[2026-04-18T15:17:24.170Z] File: /home/ubuntu/viaoceanica-ai/client/src/lib/trpc.ts:1:32
[2026-04-18T15:17:24.170Z] 1  |  import { createTRPCReact } from "@trpc/react-query";
[2026-04-18T15:17:24.171Z] |                                   ^
[2026-04-18T15:17:24.171Z] 2  |  export const trpc = createTRPCReact();
[2026-04-18T15:17:24.171Z] 3  |
[2026-04-18T15:17:24.171Z] 11:17:23 AM [vite] (client) Pre-transform error: Failed to resolve import "react/jsx-dev-runtime" from "client/src/components/ui/textarea.tsx". Does the file exist?
[2026-04-18T15:17:24.172Z] Plugin: vite:import-analysis
[2026-04-18T15:17:24.172Z] File: /home/ubuntu/viaoceanica-ai/client/src/components/ui/textarea.tsx:53:4
[2026-04-18T15:17:24.172Z] 1  |  import { jsxDEV } from "react/jsx-dev-runtime";
[2026-04-18T15:17:24.172Z] |                          ^
[2026-04-18T15:17:24.173Z] 2  |  var _s = $RefreshSig$();
[2026-04-18T15:17:24.173Z] 3  |  import { useDialogComposition } from "@/components/ui/dialog";
[2026-04-18T15:17:24.173Z] 11:17:23 AM [vite] (client) Pre-transform error: Failed to resolve import "react/jsx-dev-runtime" from "client/src/components/ui/select.tsx". Does the file exist?
[2026-04-18T15:17:24.173Z] Plugin: vite:import-analysis
[2026-04-18T15:17:24.174Z] File: /home/ubuntu/viaoceanica-ai/client/src/components/ui/select.tsx:10:9
[2026-04-18T15:17:24.174Z] 1  |  import { jsxDEV } from "react/jsx-dev-runtime";
[2026-04-18T15:17:24.174Z] |                          ^
[2026-04-18T15:17:24.174Z] 2  |  import * as SelectPrimitive from "@radix-ui/react-select";
[2026-04-18T15:17:24.175Z] 3  |  import { CheckIcon, ChevronDownIcon, ChevronUpIcon } from "lucide-react";
[2026-04-18T15:17:24.175Z] 11:17:23 AM [vite] (client) Pre-transform error: Failed to resolve import "react/jsx-dev-runtime" from "client/src/components/ui/table.tsx". Does the file exist?
[2026-04-18T15:17:24.175Z] Plugin: vite:import-analysis
[2026-04-18T15:17:24.175Z] File: /home/ubuntu/viaoceanica-ai/client/src/components/ui/table.tsx:11:6
[2026-04-18T15:17:24.176Z] 1  |  import { jsxDEV } from "react/jsx-dev-runtime";
[2026-04-18T15:17:24.176Z] |                          ^
[2026-04-18T15:17:24.176Z] 2  |  import { cn } from "@/lib/utils";
[2026-04-18T15:17:24.176Z] 3  |  function Table({ className, ...props }) {
[2026-04-18T15:17:24.177Z] 11:17:23 AM [vite] (client) Pre-transform error: Failed to resolve import "react/jsx-dev-runtime" from "client/src/components/ui/switch.tsx". Does the file exist?
[2026-04-18T15:17:24.177Z] Plugin: vite:import-analysis
[2026-04-18T15:17:24.177Z] File: /home/ubuntu/viaoceanica-ai/client/src/components/ui/switch.tsx:19:6
[2026-04-18T15:17:24.177Z] 1  |  import { jsxDEV } from "react/jsx-dev-runtime";
[2026-04-18T15:17:24.178Z] |                          ^
[2026-04-18T15:17:24.178Z] 2  |  import * as SwitchPrimitive from "@radix-ui/react-switch";
[2026-04-18T15:17:24.178Z] 3  |  import { cn } from "@/lib/utils";
[2026-04-18T15:17:24.178Z] 11:17:23 AM [vite] (client) Pre-transform error: Failed to resolve import "react/jsx-dev-runtime" from "client/src/components/ui/checkbox.tsx". Does the file exist?
[2026-04-18T15:17:24.178Z] Plugin: vite:import-analysis
[2026-04-18T15:17:24.179Z] File: /home/ubuntu/viaoceanica-ai/client/src/components/ui/checkbox.tsx:24:8
[2026-04-18T15:17:24.179Z] 1  |  import { jsxDEV } from "react/jsx-dev-runtime";
[2026-04-18T15:17:24.179Z] |                          ^
[2026-04-18T15:17:24.179Z] 2  |  import * as CheckboxPrimitive from "@radix-ui/react-checkbox";
[2026-04-18T15:17:24.179Z] 3  |  import { CheckIcon } from "lucide-react";
[2026-04-18T15:17:24.180Z] 11:17:23 AM [vite] (client) Pre-transform error: Failed to resolve import "react/jsx-dev-runtime" from "client/src/components/ui/separator.tsx". Does the file exist?
[2026-04-18T15:17:24.180Z] Plugin: vite:import-analysis
[2026-04-18T15:17:24.180Z] File: /home/ubuntu/viaoceanica-ai/client/src/components/ui/separator.tsx:13:4
[2026-04-18T15:17:24.180Z] 1  |  import { jsxDEV } from "react/jsx-dev-runtime";
[2026-04-18T15:17:24.181Z] |                          ^
[2026-04-18T15:17:24.181Z] 2  |  import * as SeparatorPrimitive from "@radix-ui/react-separator";
[2026-04-18T15:17:24.181Z] 3  |  import { cn } from "@/lib/utils";
[2026-04-18T15:17:24.181Z] 11:17:23 AM [vite] (client) Pre-transform error: Failed to resolve import "@trpc/react-query" from "client/src/lib/trpc.ts". Does the file exist?
[2026-04-18T15:17:24.181Z] Plugin: vite:import-analysis
[2026-04-18T15:17:24.181Z] File: /home/ubuntu/viaoceanica-ai/client/src/lib/trpc.ts:1:32
[2026-04-18T15:17:24.182Z] 1  |  import { createTRPCReact } from "@trpc/react-query";
[2026-04-18T15:17:24.182Z] |                                   ^
[2026-04-18T15:17:24.182Z] 2  |  export const trpc = createTRPCReact();
[2026-04-18T15:17:24.182Z] 3  |
[2026-04-18T15:17:24.183Z] 11:17:23 AM [vite] (client) Pre-transform error: Failed to resolve import "react/jsx-dev-runtime" from "client/src/components/ui/textarea.tsx". Does the file exist?
[2026-04-18T15:17:24.183Z] Plugin: vite:import-analysis
[2026-04-18T15:17:24.183Z] File: /home/ubuntu/viaoceanica-ai/client/src/components/ui/textarea.tsx:53:4
[2026-04-18T15:17:24.183Z] 1  |  import { jsxDEV } from "react/jsx-dev-runtime";
[2026-04-18T15:17:24.184Z] |                          ^
[2026-04-18T15:17:24.184Z] 2  |  var _s = $RefreshSig$();
[2026-04-18T15:17:24.184Z] 3  |  import { useDialogComposition } from "@/components/ui/dialog";
[2026-04-18T15:17:24.185Z] 11:17:23 AM [vite] (client) Pre-transform error: Failed to resolve import "react/jsx-dev-runtime" from "client/src/components/ui/tabs.tsx". Does the file exist?
[2026-04-18T15:17:24.185Z] Plugin: vite:import-analysis
[2026-04-18T15:17:24.185Z] File: /home/ubuntu/viaoceanica-ai/client/src/components/ui/tabs.tsx:11:4
[2026-04-18T15:17:24.185Z] 1  |  import { jsxDEV } from "react/jsx-dev-runtime";
[2026-04-18T15:17:24.185Z] |                          ^
[2026-04-18T15:17:24.186Z] 2  |  import * as TabsPrimitive from "@radix-ui/react-tabs";
[2026-04-18T15:17:24.186Z] 3  |  import { cn } from "@/lib/utils";
[2026-04-18T15:17:24.186Z] 11:17:23 AM [vite] (client) Pre-transform error: Failed to resolve import "clsx" from "client/src/lib/utils.ts". Does the file exist?
[2026-04-18T15:17:24.188Z] Plugin: vite:import-analysis
[2026-04-18T15:17:24.188Z] File: /home/ubuntu/viaoceanica-ai/client/src/lib/utils.ts:1:38
[2026-04-18T15:17:24.188Z] 1  |  import { clsx } from "clsx";
[2026-04-18T15:17:24.189Z] |                        ^
[2026-04-18T15:17:24.189Z] 2  |  import { twMerge } from "tailwind-merge";
[2026-04-18T15:17:24.189Z] 3  |  export function cn(...inputs) {
[2026-04-18T15:17:24.189Z] 11:17:23 AM [vite] (client) Pre-transform error: Failed to resolve import "clsx" from "client/src/lib/utils.ts". Does the file exist?
[2026-04-18T15:17:24.189Z] Plugin: vite:import-analysis
[2026-04-18T15:17:24.190Z] File: /home/ubuntu/viaoceanica-ai/client/src/lib/utils.ts:1:38
[2026-04-18T15:17:24.190Z] 1  |  import { clsx } from "clsx";
[2026-04-18T15:17:24.190Z] |                        ^
[2026-04-18T15:17:24.190Z] 2  |  import { twMerge } from "tailwind-merge";
[2026-04-18T15:17:24.191Z] 3  |  export function cn(...inputs) {
[2026-04-18T15:17:24.191Z] 11:17:23 AM [vite] (client) Pre-transform error: Failed to resolve import "clsx" from "client/src/lib/utils.ts". Does the file exist?
[2026-04-18T15:17:24.191Z] Plugin: vite:import-analysis
[2026-04-18T15:17:24.191Z] File: /home/ubuntu/viaoceanica-ai/client/src/lib/utils.ts:1:38
[2026-04-18T15:17:24.191Z] 1  |  import { clsx } from "clsx";
[2026-04-18T15:17:24.192Z] |                        ^
[2026-04-18T15:17:24.192Z] 2  |  import { twMerge } from "tailwind-merge";
[2026-04-18T15:17:24.192Z] 3  |  export function cn(...inputs) {
[2026-04-18T15:17:24.192Z] 11:17:23 AM [vite] (client) Pre-transform error: Failed to resolve import "clsx" from "client/src/lib/utils.ts". Does the file exist?
[2026-04-18T15:17:24.193Z] Plugin: vite:import-analysis
[2026-04-18T15:17:24.194Z] File: /home/ubuntu/viaoceanica-ai/client/src/lib/utils.ts:1:38
[2026-04-18T15:17:24.195Z] 1  |  import { clsx } from "clsx";
[2026-04-18T15:17:24.195Z] |                        ^
[2026-04-18T15:17:24.195Z] 2  |  import { twMerge } from "tailwind-merge";
[2026-04-18T15:17:24.195Z] 3  |  export function cn(...inputs) {
[2026-04-18T15:17:24.196Z] 11:17:23 AM [vite] (client) Pre-transform error: Failed to resolve import "clsx" from "client/src/lib/utils.ts". Does the file exist?
[2026-04-18T15:17:24.196Z] Plugin: vite:import-analysis
[2026-04-18T15:17:24.196Z] File: /home/ubuntu/viaoceanica-ai/client/src/lib/utils.ts:1:38
[2026-04-18T15:17:24.196Z] 1  |  import { clsx } from "clsx";
[2026-04-18T15:17:24.197Z] |                        ^
[2026-04-18T15:17:24.197Z] 2  |  import { twMerge } from "tailwind-merge";
[2026-04-18T15:17:24.197Z] 3  |  export function cn(...inputs) {
[2026-04-18T15:17:24.197Z] 11:17:23 AM [vite] (client) Pre-transform error: Failed to resolve import "clsx" from "client/src/lib/utils.ts". Does the file exist?
[2026-04-18T15:17:24.198Z] Plugin: vite:import-analysis
[2026-04-18T15:17:24.198Z] File: /home/ubuntu/viaoceanica-ai/client/src/lib/utils.ts:1:38
[2026-04-18T15:17:24.198Z] 1  |  import { clsx } from "clsx";
[2026-04-18T15:17:24.199Z] |                        ^
[2026-04-18T15:17:24.199Z] 2  |  import { twMerge } from "tailwind-merge";
[2026-04-18T15:17:24.199Z] 3  |  export function cn(...inputs) {
[2026-04-18T15:17:24.199Z] 11:17:23 AM [vite] (client) Pre-transform error: Failed to resolve import "clsx" from "client/src/lib/utils.ts". Does the file exist?
[2026-04-18T15:17:24.199Z] Plugin: vite:import-analysis
[2026-04-18T15:17:24.200Z] File: /home/ubuntu/viaoceanica-ai/client/src/lib/utils.ts:1:38
[2026-04-18T15:17:24.200Z] 1  |  import { clsx } from "clsx";
[2026-04-18T15:17:24.200Z] |                        ^
[2026-04-18T15:17:24.200Z] 2  |  import { twMerge } from "tailwind-merge";
[2026-04-18T15:17:24.200Z] 3  |  export function cn(...inputs) {
[2026-04-18T15:17:24.201Z] 11:17:23 AM [vite] (client) Pre-transform error: Failed to resolve import "clsx" from "client/src/lib/utils.ts". Does the file exist?
[2026-04-18T15:17:24.201Z] Plugin: vite:import-analysis
[2026-04-18T15:17:24.201Z] File: /home/ubuntu/viaoceanica-ai/client/src/lib/utils.ts:1:38
[2026-04-18T15:17:24.201Z] 1  |  import { clsx } from "clsx";
[2026-04-18T15:17:24.202Z] |                        ^
[2026-04-18T15:17:24.202Z] 2  |  import { twMerge } from "tailwind-merge";
[2026-04-18T15:17:24.202Z] 3  |  export function cn(...inputs) {
[2026-04-18T15:17:24.202Z] 11:17:23 AM [vite] (client) Pre-transform error: Failed to resolve import "clsx" from "client/src/lib/utils.ts". Does the file exist?
[2026-04-18T15:17:24.202Z] Plugin: vite:import-analysis
[2026-04-18T15:17:24.203Z] File: /home/ubuntu/viaoceanica-ai/client/src/lib/utils.ts:1:38
[2026-04-18T15:17:24.203Z] 1  |  import { clsx } from "clsx";
[2026-04-18T15:17:24.203Z] |                        ^
[2026-04-18T15:17:24.203Z] 2  |  import { twMerge } from "tailwind-merge";
[2026-04-18T15:17:24.204Z] 3  |  export function cn(...inputs) {
[2026-04-18T15:17:24.204Z] 11:17:23 AM [vite] (client) Pre-transform error: Failed to resolve import "clsx" from "client/src/lib/utils.ts". Does the file exist?
[2026-04-18T15:17:24.204Z] Plugin: vite:import-analysis
[2026-04-18T15:17:24.204Z] File: /home/ubuntu/viaoceanica-ai/client/src/lib/utils.ts:1:38
[2026-04-18T15:17:24.204Z] 1  |  import { clsx } from "clsx";
[2026-04-18T15:17:24.204Z] |                        ^
[2026-04-18T15:17:24.205Z] 2  |  import { twMerge } from "tailwind-merge";
[2026-04-18T15:17:24.205Z] 3  |  export function cn(...inputs) {
[2026-04-18T15:17:24.205Z] 11:17:23 AM [vite] (client) Pre-transform error: Failed to resolve import "clsx" from "client/src/lib/utils.ts". Does the file exist?
[2026-04-18T15:17:24.206Z] Plugin: vite:import-analysis
[2026-04-18T15:17:24.206Z] File: /home/ubuntu/viaoceanica-ai/client/src/lib/utils.ts:1:38
[2026-04-18T15:17:24.206Z] 1  |  import { clsx } from "clsx";
[2026-04-18T15:17:24.206Z] |                        ^
[2026-04-18T15:17:24.206Z] 2  |  import { twMerge } from "tailwind-merge";
[2026-04-18T15:17:24.207Z] 3  |  export function cn(...inputs) {
[2026-04-18T15:17:24.207Z] 11:17:23 AM [vite] (client) Pre-transform error: Failed to resolve import "clsx" from "client/src/lib/utils.ts". Does the file exist?
[2026-04-18T15:17:24.207Z] Plugin: vite:import-analysis
[2026-04-18T15:17:24.207Z] File: /home/ubuntu/viaoceanica-ai/client/src/lib/utils.ts:1:38
[2026-04-18T15:17:24.207Z] 1  |  import { clsx } from "clsx";
[2026-04-18T15:17:24.207Z] |                        ^
[2026-04-18T15:17:24.208Z] 2  |  import { twMerge } from "tailwind-merge";
[2026-04-18T15:17:24.208Z] 3  |  export function cn(...inputs) {
[2026-04-18T15:17:24.208Z] 11:17:23 AM [vite] (client) Pre-transform error: Failed to resolve import "clsx" from "client/src/lib/utils.ts". Does the file exist?
[2026-04-18T15:17:24.209Z] Plugin: vite:import-analysis
[2026-04-18T15:17:24.209Z] File: /home/ubuntu/viaoceanica-ai/client/src/lib/utils.ts:1:38
[2026-04-18T15:17:24.209Z] 1  |  import { clsx } from "clsx";
[2026-04-18T15:17:24.209Z] |                        ^
[2026-04-18T15:17:24.209Z] 2  |  import { twMerge } from "tailwind-merge";
[2026-04-18T15:17:24.209Z] 3  |  export function cn(...inputs) {
[2026-04-18T15:17:24.210Z] 11:17:23 AM [vite] (client) Pre-transform error: Failed to resolve import "clsx" from "client/src/lib/utils.ts". Does the file exist?
[2026-04-18T15:17:24.210Z] Plugin: vite:import-analysis
[2026-04-18T15:17:24.210Z] File: /home/ubuntu/viaoceanica-ai/client/src/lib/utils.ts:1:38
[2026-04-18T15:17:24.210Z] 1  |  import { clsx } from "clsx";
[2026-04-18T15:17:24.210Z] |                        ^
[2026-04-18T15:17:24.210Z] 2  |  import { twMerge } from "tailwind-merge";
[2026-04-18T15:17:24.211Z] 3  |  export function cn(...inputs) {
[2026-04-18T15:17:24.211Z] 11:17:23 AM [vite] (client) Pre-transform error: Failed to resolve import "clsx" from "client/src/lib/utils.ts". Does the file exist?
[2026-04-18T15:17:24.211Z] Plugin: vite:import-analysis
[2026-04-18T15:17:24.212Z] File: /home/ubuntu/viaoceanica-ai/client/src/lib/utils.ts:1:38
[2026-04-18T15:17:24.212Z] 1  |  import { clsx } from "clsx";
[2026-04-18T15:17:24.212Z] |                        ^
[2026-04-18T15:17:24.212Z] 2  |  import { twMerge } from "tailwind-merge";
[2026-04-18T15:17:24.213Z] 3  |  export function cn(...inputs) {
[2026-04-18T15:17:24.213Z] 11:17:23 AM [vite] (client) Pre-transform error: Failed to resolve import "clsx" from "client/src/lib/utils.ts". Does the file exist?
[2026-04-18T15:17:24.213Z] Plugin: vite:import-analysis
[2026-04-18T15:17:24.214Z] File: /home/ubuntu/viaoceanica-ai/client/src/lib/utils.ts:1:38
[2026-04-18T15:17:24.214Z] 1  |  import { clsx } from "clsx";
[2026-04-18T15:17:24.214Z] |                        ^
[2026-04-18T15:17:24.214Z] 2  |  import { twMerge } from "tailwind-merge";
[2026-04-18T15:17:24.215Z] 3  |  export function cn(...inputs) {
[2026-04-18T15:17:24.215Z] 11:17:23 AM [vite] (client) Pre-transform error: Failed to resolve import "clsx" from "client/src/lib/utils.ts". Does the file exist?
[2026-04-18T15:17:24.215Z] Plugin: vite:import-analysis
[2026-04-18T15:17:24.215Z] File: /home/ubuntu/viaoceanica-ai/client/src/lib/utils.ts:1:38
[2026-04-18T15:17:24.215Z] 1  |  import { clsx } from "clsx";
[2026-04-18T15:17:24.216Z] |                        ^
[2026-04-18T15:17:24.216Z] 2  |  import { twMerge } from "tailwind-merge";
[2026-04-18T15:17:24.216Z] 3  |  export function cn(...inputs) {
[2026-04-18T15:17:24.216Z] 11:17:23 AM [vite] (client) Pre-transform error: Failed to resolve import "clsx" from "client/src/lib/utils.ts". Does the file exist?
[2026-04-18T15:17:24.216Z] Plugin: vite:import-analysis
[2026-04-18T15:17:24.217Z] File: /home/ubuntu/viaoceanica-ai/client/src/lib/utils.ts:1:38
[2026-04-18T15:17:24.217Z] 1  |  import { clsx } from "clsx";
[2026-04-18T15:17:24.217Z] |                        ^
[2026-04-18T15:17:24.217Z] 2  |  import { twMerge } from "tailwind-merge";
[2026-04-18T15:17:24.217Z] 3  |  export function cn(...inputs) {
[2026-04-18T15:17:24.217Z] 11:17:23 AM [vite] (client) Pre-transform error: Failed to resolve import "react/jsx-dev-runtime" from "client/src/components/ui/tabs.tsx". Does the file exist?
[2026-04-18T15:17:24.218Z] Plugin: vite:import-analysis
[2026-04-18T15:17:24.218Z] File: /home/ubuntu/viaoceanica-ai/client/src/components/ui/tabs.tsx:11:4
[2026-04-18T15:17:24.218Z] 1  |  import { jsxDEV } from "react/jsx-dev-runtime";
[2026-04-18T15:17:24.218Z] |                          ^
[2026-04-18T15:17:24.218Z] 2  |  import * as TabsPrimitive from "@radix-ui/react-tabs";
[2026-04-18T15:17:24.219Z] 3  |  import { cn } from "@/lib/utils";
[2026-04-18T15:17:24.219Z] 11:17:23 AM [vite] (client) Pre-transform error: Failed to resolve import "clsx" from "client/src/lib/utils.ts". Does the file exist?
[2026-04-18T15:17:24.219Z] Plugin: vite:import-analysis
[2026-04-18T15:17:24.219Z] File: /home/ubuntu/viaoceanica-ai/client/src/lib/utils.ts:1:38
[2026-04-18T15:17:24.219Z] 1  |  import { clsx } from "clsx";
[2026-04-18T15:17:24.220Z] |                        ^
[2026-04-18T15:17:24.220Z] 2  |  import { twMerge } from "tailwind-merge";
[2026-04-18T15:17:24.220Z] 3  |  export function cn(...inputs) {
[2026-04-18T15:17:24.220Z] 11:17:23 AM [vite] (client) Pre-transform error: Failed to resolve import "react/jsx-dev-runtime" from "client/src/components/ui/chart.tsx". Does the file exist?
[2026-04-18T15:17:24.220Z] Plugin: vite:import-analysis
[2026-04-18T15:17:24.221Z] File: /home/ubuntu/viaoceanica-ai/client/src/components/ui/chart.tsx:61:8
[2026-04-18T15:17:24.221Z] 1  |  import { Fragment, jsxDEV } from "react/jsx-dev-runtime";
[2026-04-18T15:17:24.221Z] |                                    ^
[2026-04-18T15:17:24.221Z] 2  |  var _s = $RefreshSig$(), _s2 = $RefreshSig$(), _s3 = $RefreshSig$(), _s4 = $RefreshSig$();
[2026-04-18T15:17:24.221Z] 3  |  import * as React from "react";
[2026-04-18T15:17:24.222Z] 11:17:23 AM [vite] (client) Pre-transform error: Failed to resolve import "react/jsx-dev-runtime" from "client/src/App.tsx". Does the file exist?
[2026-04-18T15:17:24.222Z] Plugin: vite:import-analysis
[2026-04-18T15:17:24.222Z] File: /home/ubuntu/viaoceanica-ai/client/src/App.tsx:44:14
[2026-04-18T15:17:24.222Z] 1  |  import { jsxDEV } from "react/jsx-dev-runtime";
[2026-04-18T15:17:24.223Z] |                          ^
[2026-04-18T15:17:24.223Z] 2  |  var _s = $RefreshSig$(), _s2 = $RefreshSig$(), _s3 = $RefreshSig$();
[2026-04-18T15:17:24.223Z] 3  |  import { Toaster } from "@/components/ui/sonner";
[2026-04-18T15:17:24.223Z] 11:17:23 AM [vite] (client) Pre-transform error: Failed to load PostCSS config (searchPath: /home/ubuntu/viaoceanica-ai/client): [SyntaxError] Expected double-quoted property name in JSON at position 1922 (line 49 column 1)
[2026-04-18T15:17:24.223Z] SyntaxError: Expected double-quoted property name in JSON at position 1922 (line 49 column 1)
[2026-04-18T15:17:24.224Z] at JSON.parse (<anonymous>)
[2026-04-18T15:17:24.224Z] at jsonLoader (/home/ubuntu/viaoceanica-ai/node_modules/.pnpm/vite@7.1.9_@types+node@24.7.0_jiti@2.6.1_lightningcss@1.30.1_tsx@4.20.6/node_modules/vite/dist/node/chunks/dep-Chhhsdoe.js:8141:42)
[2026-04-18T15:17:24.224Z] at Object.search (/home/ubuntu/viaoceanica-ai/node_modules/.pnpm/vite@7.1.9_@types+node@24.7.0_jiti@2.6.1_lightningcss@1.30.1_tsx@4.20.6/node_modules/vite/dist/node/chunks/dep-Chhhsdoe.js:8257:26)
[2026-04-18T15:17:24.225Z] Plugin: vite:css
[2026-04-18T15:17:24.225Z] File: /home/ubuntu/viaoceanica-ai/client/src/index.css
[2026-04-18T15:17:24.267Z] 11:17:24 AM [vite] (client) Pre-transform error: Failed to resolve import "react/jsx-dev-runtime" from "client/src/components/ui/button.tsx". Does the file exist?
[2026-04-18T15:17:24.268Z] Plugin: vite:import-analysis
[2026-04-18T15:17:24.268Z] File: /home/ubuntu/viaoceanica-ai/client/src/components/ui/button.tsx:52:4
[2026-04-18T15:17:24.269Z] 1  |  import { jsxDEV } from "react/jsx-dev-runtime";
[2026-04-18T15:17:24.269Z] |                          ^
[2026-04-18T15:17:24.269Z] 2  |  import { Slot } from "@radix-ui/react-slot";
[2026-04-18T15:17:24.269Z] 3  |  import { cva } from "class-variance-authority";
[2026-04-18T15:17:24.269Z] 11:17:24 AM [vite] (client) Pre-transform error: Failed to resolve import "react/jsx-dev-runtime" from "client/src/components/ui/tooltip.tsx". Does the file exist?
[2026-04-18T15:17:24.270Z] Plugin: vite:import-analysis
[2026-04-18T15:17:24.270Z] File: /home/ubuntu/viaoceanica-ai/client/src/components/ui/tooltip.tsx:11:4
[2026-04-18T15:17:24.270Z] 1  |  import { jsxDEV } from "react/jsx-dev-runtime";
[2026-04-18T15:17:24.270Z] |                          ^
[2026-04-18T15:17:24.270Z] 2  |  import * as TooltipPrimitive from "@radix-ui/react-tooltip";
[2026-04-18T15:17:24.270Z] 3  |  import { cn } from "@/lib/utils";
[2026-04-18T15:17:24.271Z] 11:17:24 AM [vite] (client) Pre-transform error: Failed to resolve import "react" from "client/src/hooks/useComposition.ts". Does the file exist?
[2026-04-18T15:17:24.271Z] Plugin: vite:import-analysis
[2026-04-18T15:17:24.271Z] File: /home/ubuntu/viaoceanica-ai/client/src/hooks/useComposition.ts:1:23
[2026-04-18T15:17:24.271Z] 1  |  import { useRef } from "react";
[2026-04-18T15:17:24.271Z] |                          ^
[2026-04-18T15:17:24.272Z] 2  |  import { usePersistFn } from "./usePersistFn";
[2026-04-18T15:17:24.272Z] 3  |  export function useComposition(options = {}) {
[2026-04-18T15:17:24.272Z] 11:17:24 AM [vite] (client) Pre-transform error: Failed to resolve import "react/jsx-dev-runtime" from "client/src/components/ui/button.tsx". Does the file exist?
[2026-04-18T15:17:24.272Z] Plugin: vite:import-analysis
[2026-04-18T15:17:24.272Z] File: /home/ubuntu/viaoceanica-ai/client/src/components/ui/button.tsx:52:4
[2026-04-18T15:17:24.272Z] 1  |  import { jsxDEV } from "react/jsx-dev-runtime";
[2026-04-18T15:17:24.273Z] |                          ^
[2026-04-18T15:17:24.273Z] 2  |  import { Slot } from "@radix-ui/react-slot";
[2026-04-18T15:17:24.273Z] 3  |  import { cva } from "class-variance-authority";
[2026-04-18T15:17:24.273Z] 11:17:24 AM [vite] (client) Pre-transform error: Failed to resolve import "react/jsx-dev-runtime" from "client/src/components/ui/input.tsx". Does the file exist?
[2026-04-18T15:17:24.273Z] Plugin: vite:import-analysis
[2026-04-18T15:17:24.273Z] File: /home/ubuntu/viaoceanica-ai/client/src/components/ui/input.tsx:53:4
[2026-04-18T15:17:24.274Z] 1  |  import { jsxDEV } from "react/jsx-dev-runtime";
[2026-04-18T15:17:24.274Z] |                          ^
[2026-04-18T15:17:24.274Z] 2  |  var _s = $RefreshSig$();
[2026-04-18T15:17:24.274Z] 3  |  import { useDialogComposition } from "@/components/ui/dialog";
[2026-04-18T15:17:24.274Z] 11:17:24 AM [vite] (client) Pre-transform error: Failed to resolve import "react/jsx-dev-runtime" from "client/src/components/ui/tooltip.tsx". Does the file exist?
[2026-04-18T15:17:24.274Z] Plugin: vite:import-analysis
[2026-04-18T15:17:24.275Z] File: /home/ubuntu/viaoceanica-ai/client/src/components/ui/tooltip.tsx:11:4
[2026-04-18T15:17:24.275Z] 1  |  import { jsxDEV } from "react/jsx-dev-runtime";
[2026-04-18T15:17:24.276Z] |                          ^
[2026-04-18T15:17:24.276Z] 2  |  import * as TooltipPrimitive from "@radix-ui/react-tooltip";
[2026-04-18T15:17:24.277Z] 3  |  import { cn } from "@/lib/utils";
[2026-04-18T15:17:24.277Z] 11:17:24 AM [vite] (client) Pre-transform error: Failed to resolve import "react" from "client/src/hooks/useComposition.ts". Does the file exist?
[2026-04-18T15:17:24.277Z] Plugin: vite:import-analysis
[2026-04-18T15:17:24.278Z] File: /home/ubuntu/viaoceanica-ai/client/src/hooks/useComposition.ts:1:23
[2026-04-18T15:17:24.278Z] 1  |  import { useRef } from "react";
[2026-04-18T15:17:24.278Z] |                          ^
[2026-04-18T15:17:24.278Z] 2  |  import { usePersistFn } from "./usePersistFn";
[2026-04-18T15:17:24.278Z] 3  |  export function useComposition(options = {}) {
[2026-04-18T15:17:24.279Z] 11:17:24 AM [vite] (client) Pre-transform error: Failed to resolve import "react/jsx-dev-runtime" from "client/src/components/ui/sheet.tsx". Does the file exist?
[2026-04-18T15:17:24.279Z] Plugin: vite:import-analysis
[2026-04-18T15:17:24.279Z] File: /home/ubuntu/viaoceanica-ai/client/src/components/ui/sheet.tsx:10:9
[2026-04-18T15:17:24.279Z] 1  |  "use client";
[2026-04-18T15:17:24.279Z] 2  |  import { jsxDEV } from "react/jsx-dev-runtime";
[2026-04-18T15:17:24.279Z] |                          ^
[2026-04-18T15:17:24.280Z] 3  |  import * as SheetPrimitive from "@radix-ui/react-dialog";
[2026-04-18T15:17:24.280Z] 4  |  import { XIcon } from "lucide-react";
[2026-04-18T15:17:24.280Z] 11:17:24 AM [vite] (client) Pre-transform error: Failed to resolve import "react" from "client/src/hooks/useMobile.tsx". Does the file exist?
[2026-04-18T15:17:24.280Z] Plugin: vite:import-analysis
[2026-04-18T15:17:24.280Z] File: /home/ubuntu/viaoceanica-ai/client/src/hooks/useMobile.tsx:1:23
[2026-04-18T15:17:24.281Z] 1  |  var _s = $RefreshSig$();
[2026-04-18T15:17:24.281Z] 2  |  import * as React from "react";
[2026-04-18T15:17:24.281Z] |                          ^
[2026-04-18T15:17:24.281Z] 3  |  const MOBILE_BREAKPOINT = 768;
[2026-04-18T15:17:24.281Z] 4  |  export function useIsMobile() {
[2026-04-18T15:17:24.282Z] 11:17:24 AM [vite] (client) Pre-transform error: Failed to resolve import "react/jsx-dev-runtime" from "client/src/components/ui/dialog.tsx". Does the file exist?
[2026-04-18T15:17:24.282Z] Plugin: vite:import-analysis
[2026-04-18T15:17:24.282Z] File: /home/ubuntu/viaoceanica-ai/client/src/components/ui/dialog.tsx:51:6
[2026-04-18T15:17:24.282Z] 1  |  import { jsxDEV } from "react/jsx-dev-runtime";
[2026-04-18T15:17:24.282Z] |                          ^
[2026-04-18T15:17:24.283Z] 2  |  var _s = $RefreshSig$(), _s2 = $RefreshSig$(), _s3 = $RefreshSig$();
[2026-04-18T15:17:24.283Z] 3  |  import { cn } from "@/lib/utils";
[2026-04-18T15:17:24.283Z] 11:17:24 AM [vite] (client) Pre-transform error: Failed to resolve import "react/jsx-dev-runtime" from "client/src/components/ui/dialog.tsx". Does the file exist?
[2026-04-18T15:17:24.283Z] Plugin: vite:import-analysis
[2026-04-18T15:17:24.284Z] File: /home/ubuntu/viaoceanica-ai/client/src/components/ui/dialog.tsx:51:6
[2026-04-18T15:17:24.284Z] 1  |  import { jsxDEV } from "react/jsx-dev-runtime";
[2026-04-18T15:17:24.284Z] |                          ^
[2026-04-18T15:17:24.284Z] 2  |  var _s = $RefreshSig$(), _s2 = $RefreshSig$(), _s3 = $RefreshSig$();
[2026-04-18T15:17:24.284Z] 3  |  import { cn } from "@/lib/utils";
[2026-04-18T15:17:24.284Z] 11:17:24 AM [vite] (client) Pre-transform error: Failed to resolve import "react/jsx-dev-runtime" from "client/src/components/ErrorBoundary.tsx". Does the file exist?
[2026-04-18T15:17:24.285Z] Plugin: vite:import-analysis
[2026-04-18T15:17:24.285Z] File: /home/ubuntu/viaoceanica-ai/client/src/components/ErrorBoundary.tsx:29:12
[2026-04-18T15:17:24.285Z] 1  |  import { jsxDEV } from "react/jsx-dev-runtime";
[2026-04-18T15:17:24.285Z] |                          ^
[2026-04-18T15:17:24.285Z] 2  |  import { cn } from "@/lib/utils";
[2026-04-18T15:17:24.285Z] 3  |  import { AlertTriangle, RotateCcw } from "lucide-react";
[2026-04-18T15:17:24.286Z] 11:17:24 AM [vite] (client) Pre-transform error: Failed to resolve import "react/jsx-dev-runtime" from "client/src/contexts/ThemeContext.tsx". Does the file exist?
[2026-04-18T15:17:24.286Z] Plugin: vite:import-analysis
[2026-04-18T15:17:24.286Z] File: /home/ubuntu/viaoceanica-ai/client/src/contexts/ThemeContext.tsx:52:4
[2026-04-18T15:17:24.286Z] 1  |  import { jsxDEV } from "react/jsx-dev-runtime";
[2026-04-18T15:17:24.286Z] |                          ^
[2026-04-18T15:17:24.286Z] 2  |  var _s = $RefreshSig$(), _s2 = $RefreshSig$();
[2026-04-18T15:17:24.287Z] 3  |  import { createContext, useContext, useEffect, useState } from "react";
[2026-04-18T15:17:24.287Z] 11:17:24 AM [vite] (client) Pre-transform error: Failed to resolve import "react/jsx-dev-runtime" from "client/src/pages/Home.tsx". Does the file exist?
[2026-04-18T15:17:24.287Z] Plugin: vite:import-analysis
[2026-04-18T15:17:24.287Z] File: /home/ubuntu/viaoceanica-ai/client/src/pages/Home.tsx:17:12
[2026-04-18T15:17:24.287Z] 1  |  import { Fragment, jsxDEV } from "react/jsx-dev-runtime";
[2026-04-18T15:17:24.288Z] |                                    ^
[2026-04-18T15:17:24.288Z] 2  |  var _s = $RefreshSig$();
[2026-04-18T15:17:24.288Z] 3  |  import { useAuth } from "@/_core/hooks/useAuth";
[2026-04-18T15:17:24.288Z] 11:17:24 AM [vite] (client) Pre-transform error: Failed to resolve import "react/jsx-dev-runtime" from "client/src/components/DashboardLayout.tsx". Does the file exist?
[2026-04-18T15:17:24.289Z] Plugin: vite:import-analysis
[2026-04-18T15:17:24.290Z] File: /home/ubuntu/viaoceanica-ai/client/src/components/DashboardLayout.tsx:109:11
[2026-04-18T15:17:24.291Z] 1  |  import { Fragment, jsxDEV } from "react/jsx-dev-runtime";
[2026-04-18T15:17:24.291Z] |                                    ^
[2026-04-18T15:17:24.291Z] 2  |  var _s = $RefreshSig$(), _s2 = $RefreshSig$();
[2026-04-18T15:17:24.292Z] 3  |  import { useAuth } from "@/_core/hooks/useAuth";
[2026-04-18T15:17:31.915Z] 11:17:31 AM [vite] (client) Pre-transform error: Failed to resolve import "react/jsx-dev-runtime" from "client/src/pages/Register.tsx". Does the file exist?
[2026-04-18T15:17:31.915Z] Plugin: vite:import-analysis
[2026-04-18T15:17:31.916Z] File: /home/ubuntu/viaoceanica-ai/client/src/pages/Register.tsx:75:12
[2026-04-18T15:17:31.916Z] 1  |  import { jsxDEV } from "react/jsx-dev-runtime";
[2026-04-18T15:17:31.916Z] |                          ^
[2026-04-18T15:17:31.916Z] 2  |  var _s = $RefreshSig$();
[2026-04-18T15:17:31.917Z] 3  |  import { Button } from "@/components/ui/button";
[2026-04-18T15:17:31.917Z] 11:17:31 AM [vite] (client) Pre-transform error: Failed to resolve import "react/jsx-dev-runtime" from "client/src/pages/ForgotPassword.tsx". Does the file exist?
[2026-04-18T15:17:31.917Z] Plugin: vite:import-analysis
[2026-04-18T15:17:31.917Z] File: /home/ubuntu/viaoceanica-ai/client/src/pages/ForgotPassword.tsx:54:12
[2026-04-18T15:17:31.918Z] 1  |  import { Fragment, jsxDEV } from "react/jsx-dev-runtime";
[2026-04-18T15:17:31.918Z] |                                    ^
[2026-04-18T15:17:31.918Z] 2  |  var _s = $RefreshSig$();
[2026-04-18T15:17:31.918Z] 3  |  import { Button } from "@/components/ui/button";
[2026-04-18T15:17:31.920Z] 11:17:31 AM [vite] (client) Pre-transform error: Failed to resolve import "react/jsx-dev-runtime" from "client/src/pages/Login.tsx". Does the file exist?
[2026-04-18T15:17:31.921Z] Plugin: vite:import-analysis
[2026-04-18T15:17:31.921Z] File: /home/ubuntu/viaoceanica-ai/client/src/pages/Login.tsx:55:12
[2026-04-18T15:17:31.922Z] 1  |  import { jsxDEV } from "react/jsx-dev-runtime";
[2026-04-18T15:17:31.922Z] |                          ^
[2026-04-18T15:17:31.922Z] 2  |  var _s = $RefreshSig$();
[2026-04-18T15:17:31.923Z] 3  |  import { Button } from "@/components/ui/button";
[2026-04-18T15:17:31.923Z] 11:17:31 AM [vite] (client) Pre-transform error: Failed to resolve import "react/jsx-dev-runtime" from "client/src/pages/Dashboard.tsx". Does the file exist?
[2026-04-18T15:17:31.923Z] Plugin: vite:import-analysis
[2026-04-18T15:17:31.923Z] File: /home/ubuntu/viaoceanica-ai/client/src/pages/Dashboard.tsx:37:8
[2026-04-18T15:17:31.923Z] 1  |  import { jsxDEV } from "react/jsx-dev-runtime";
[2026-04-18T15:17:31.923Z] |                          ^
[2026-04-18T15:17:31.923Z] 2  |  var _s = $RefreshSig$();
[2026-04-18T15:17:31.924Z] 3  |  import { useAuth } from "@/_core/hooks/useAuth";
[2026-04-18T15:17:31.925Z] 11:17:31 AM [vite] (client) Pre-transform error: Failed to resolve import "react/jsx-dev-runtime" from "client/src/pages/ResetPassword.tsx". Does the file exist?
[2026-04-18T15:17:31.925Z] Plugin: vite:import-analysis
[2026-04-18T15:17:31.926Z] File: /home/ubuntu/viaoceanica-ai/client/src/pages/ResetPassword.tsx:99:10
[2026-04-18T15:17:31.926Z] 1  |  import { Fragment, jsxDEV } from "react/jsx-dev-runtime";
[2026-04-18T15:17:31.926Z] |                                    ^
[2026-04-18T15:17:31.927Z] 2  |  var _s = $RefreshSig$();
[2026-04-18T15:17:31.927Z] 3  |  import { Button } from "@/components/ui/button";
[2026-04-18T15:17:31.935Z] 11:17:31 AM [vite] (client) Pre-transform error: Failed to resolve import "react/jsx-dev-runtime" from "client/src/pages/TeamManagement.tsx". Does the file exist?
[2026-04-18T15:17:31.936Z] Plugin: vite:import-analysis
[2026-04-18T15:17:31.936Z] File: /home/ubuntu/viaoceanica-ai/client/src/pages/TeamManagement.tsx:60:27
[2026-04-18T15:17:31.937Z] 1  |  import { jsxDEV } from "react/jsx-dev-runtime";
[2026-04-18T15:17:31.937Z] |                          ^
[2026-04-18T15:17:31.937Z] 2  |  var _s = $RefreshSig$();
[2026-04-18T15:17:31.937Z] 3  |  import { Card, CardContent, CardDescription, CardHeader, CardTitle } from "@/components/ui/card";
[2026-04-18T15:17:31.938Z] 11:17:31 AM [vite] (client) Pre-transform error: Failed to resolve import "react/jsx-dev-runtime" from "client/src/pages/Tokens.tsx". Does the file exist?
[2026-04-18T15:17:31.938Z] Plugin: vite:import-analysis
[2026-04-18T15:17:31.938Z] File: /home/ubuntu/viaoceanica-ai/client/src/pages/Tokens.tsx:18:8
[2026-04-18T15:17:31.938Z] 1  |  import { jsxDEV } from "react/jsx-dev-runtime";
[2026-04-18T15:17:31.939Z] |                          ^
[2026-04-18T15:17:31.939Z] 2  |  var _s = $RefreshSig$();
[2026-04-18T15:17:31.939Z] 3  |  import { Card, CardContent, CardDescription, CardHeader, CardTitle } from "@/components/ui/card";
[2026-04-18T15:17:31.940Z] 11:17:31 AM [vite] (client) Pre-transform error: Failed to resolve import "react/jsx-dev-runtime" from "client/src/pages/Modules.tsx". Does the file exist?
[2026-04-18T15:17:31.941Z] Plugin: vite:import-analysis
[2026-04-18T15:17:31.941Z] File: /home/ubuntu/viaoceanica-ai/client/src/pages/Modules.tsx:128:8
[2026-04-18T15:17:31.942Z] 1  |  import { jsxDEV } from "react/jsx-dev-runtime";
[2026-04-18T15:17:31.942Z] |                          ^
[2026-04-18T15:17:31.942Z] 2  |  var _s = $RefreshSig$();
[2026-04-18T15:17:31.943Z] 3  |  import { Card, CardContent, CardDescription, CardHeader, CardTitle } from "@/components/ui/card";
[2026-04-18T15:17:31.947Z] 11:17:31 AM [vite] (client) Pre-transform error: Failed to resolve import "react/jsx-dev-runtime" from "client/src/pages/CompanyProfile.tsx". Does the file exist?
[2026-04-18T15:17:31.947Z] Plugin: vite:import-analysis
[2026-04-18T15:17:31.948Z] File: /home/ubuntu/viaoceanica-ai/client/src/pages/CompanyProfile.tsx:53:8
[2026-04-18T15:17:31.948Z] 1  |  import { jsxDEV } from "react/jsx-dev-runtime";
[2026-04-18T15:17:31.948Z] |                          ^
[2026-04-18T15:17:31.949Z] 2  |  var _s = $RefreshSig$();
[2026-04-18T15:17:31.949Z] 3  |  import { Card, CardContent, CardDescription, CardHeader, CardTitle } from "@/components/ui/card";
[2026-04-18T15:17:31.949Z] 11:17:31 AM [vite] (client) Pre-transform error: Failed to resolve import "react/jsx-dev-runtime" from "client/src/pages/SettingsPage.tsx". Does the file exist?
[2026-04-18T15:17:31.949Z] Plugin: vite:import-analysis
[2026-04-18T15:17:31.950Z] File: /home/ubuntu/viaoceanica-ai/client/src/pages/SettingsPage.tsx:35:8
[2026-04-18T15:17:31.950Z] 1  |  import { jsxDEV } from "react/jsx-dev-runtime";
[2026-04-18T15:17:31.952Z] |                          ^
[2026-04-18T15:17:31.952Z] 2  |  var _s = $RefreshSig$();
[2026-04-18T15:17:31.953Z] 3  |  import { useAuth } from "@/_core/hooks/useAuth";
[2026-04-18T15:17:31.953Z] 11:17:31 AM [vite] (client) Pre-transform error: Failed to resolve import "react/jsx-dev-runtime" from "client/src/pages/UserProfile.tsx". Does the file exist?
[2026-04-18T15:17:31.953Z] Plugin: vite:import-analysis
[2026-04-18T15:17:31.953Z] File: /home/ubuntu/viaoceanica-ai/client/src/pages/UserProfile.tsx:48:15
[2026-04-18T15:17:31.954Z] 1  |  import { jsxDEV } from "react/jsx-dev-runtime";
[2026-04-18T15:17:31.954Z] |                          ^
[2026-04-18T15:17:31.954Z] 2  |  var _s = $RefreshSig$();
[2026-04-18T15:17:31.955Z] 3  |  import { Card, CardContent, CardDescription, CardHeader, CardTitle } from "@/components/ui/card";
[2026-04-18T15:17:31.955Z] 11:17:31 AM [vite] (client) Pre-transform error: Failed to resolve import "react/jsx-dev-runtime" from "client/src/pages/ModulePage.tsx". Does the file exist?
[2026-04-18T15:17:31.955Z] Plugin: vite:import-analysis
[2026-04-18T15:17:31.955Z] File: /home/ubuntu/viaoceanica-ai/client/src/pages/ModulePage.tsx:60:8
[2026-04-18T15:17:31.956Z] 1  |  import { jsxDEV } from "react/jsx-dev-runtime";
[2026-04-18T15:17:31.956Z] |                          ^
[2026-04-18T15:17:31.956Z] 2  |  var _s = $RefreshSig$();
[2026-04-18T15:17:31.956Z] 3  |  import { useLocation } from "wouter";
[2026-04-18T15:17:31.959Z] 11:17:31 AM [vite] (client) Pre-transform error: Failed to resolve import "react/jsx-dev-runtime" from "client/src/pages/admin/AdminDashboard.tsx". Does the file exist?
[2026-04-18T15:17:31.959Z] Plugin: vite:import-analysis
[2026-04-18T15:17:31.959Z] File: /home/ubuntu/viaoceanica-ai/client/src/pages/admin/AdminDashboard.tsx:22:8
[2026-04-18T15:17:31.960Z] 1  |  import { jsxDEV } from "react/jsx-dev-runtime";
[2026-04-18T15:17:31.960Z] |                          ^
[2026-04-18T15:17:31.960Z] 2  |  var _s = $RefreshSig$();
[2026-04-18T15:17:31.960Z] 3  |  import { Card, CardContent, CardDescription, CardHeader, CardTitle } from "@/components/ui/card";
[2026-04-18T15:17:31.964Z] 11:17:31 AM [vite] (client) Pre-transform error: Failed to resolve import "react/jsx-dev-runtime" from "client/src/pages/Billing.tsx". Does the file exist?
[2026-04-18T15:17:31.964Z] Plugin: vite:import-analysis
[2026-04-18T15:17:31.965Z] File: /home/ubuntu/viaoceanica-ai/client/src/pages/Billing.tsx:150:8
[2026-04-18T15:17:31.965Z] 1  |  import { jsxDEV } from "react/jsx-dev-runtime";
[2026-04-18T15:17:31.965Z] |                          ^
[2026-04-18T15:17:31.966Z] 2  |  var _s = $RefreshSig$();
[2026-04-18T15:17:31.966Z] 3  |  import { Card, CardContent, CardDescription, CardHeader, CardTitle } from "@/components/ui/card";
[2026-04-18T15:17:31.976Z] 11:17:31 AM [vite] (client) Pre-transform error: Failed to resolve import "react/jsx-dev-runtime" from "client/src/pages/admin/AdminCompanies.tsx". Does the file exist?
[2026-04-18T15:17:31.977Z] Plugin: vite:import-analysis
[2026-04-18T15:17:31.977Z] File: /home/ubuntu/viaoceanica-ai/client/src/pages/admin/AdminCompanies.tsx:168:10
[2026-04-18T15:17:31.977Z] 1  |  import { jsxDEV } from "react/jsx-dev-runtime";
[2026-04-18T15:17:31.977Z] |                          ^
[2026-04-18T15:17:31.978Z] 2  |  var _s = $RefreshSig$();
[2026-04-18T15:17:31.978Z] 3  |  import { Card, CardContent, CardDescription, CardHeader, CardTitle } from "@/components/ui/card";
[2026-04-18T15:17:31.978Z] 11:17:31 AM [vite] (client) Pre-transform error: Failed to resolve import "react/jsx-dev-runtime" from "client/src/pages/admin/AdminTokens.tsx". Does the file exist?
[2026-04-18T15:17:31.978Z] Plugin: vite:import-analysis
[2026-04-18T15:17:31.978Z] File: /home/ubuntu/viaoceanica-ai/client/src/pages/admin/AdminTokens.tsx:19:8
[2026-04-18T15:17:31.979Z] 1  |  import { jsxDEV } from "react/jsx-dev-runtime";
[2026-04-18T15:17:31.979Z] |                          ^
[2026-04-18T15:17:31.979Z] 2  |  var _s = $RefreshSig$();
[2026-04-18T15:17:31.979Z] 3  |  import { Card, CardContent, CardDescription, CardHeader, CardTitle } from "@/components/ui/card";
[2026-04-18T15:17:31.979Z] 11:17:31 AM [vite] (client) Pre-transform error: Failed to resolve import "react/jsx-dev-runtime" from "client/src/pages/admin/AdminLogin.tsx". Does the file exist?
[2026-04-18T15:17:31.980Z] Plugin: vite:import-analysis
[2026-04-18T15:17:31.980Z] File: /home/ubuntu/viaoceanica-ai/client/src/pages/admin/AdminLogin.tsx:49:10
[2026-04-18T15:17:31.980Z] 1  |  import { jsxDEV } from "react/jsx-dev-runtime";
[2026-04-18T15:17:31.980Z] |                          ^
[2026-04-18T15:17:31.980Z] 2  |  var _s = $RefreshSig$();
[2026-04-18T15:17:31.981Z] 3  |  import { Button } from "@/components/ui/button";
[2026-04-18T15:17:31.994Z] 11:17:31 AM [vite] (client) Pre-transform error: Failed to resolve import "react/jsx-dev-runtime" from "client/src/pages/admin/AdminModules.tsx". Does the file exist?
[2026-04-18T15:17:31.995Z] Plugin: vite:import-analysis
[2026-04-18T15:17:31.995Z] File: /home/ubuntu/viaoceanica-ai/client/src/pages/admin/AdminModules.tsx:162:16
[2026-04-18T15:17:31.995Z] 1  |  import { Fragment, jsxDEV } from "react/jsx-dev-runtime";
[2026-04-18T15:17:31.995Z] |                                    ^
[2026-04-18T15:17:31.996Z] 2  |  var _s = $RefreshSig$(), _s2 = $RefreshSig$();
[2026-04-18T15:17:31.996Z] 3  |  import { Card, CardContent, CardDescription, CardHeader, CardTitle } from "@/components/ui/card";
[2026-04-18T15:17:31.999Z] 11:17:31 AM [vite] (client) Pre-transform error: Failed to resolve import "react/jsx-dev-runtime" from "client/src/pages/admin/AdminBilling.tsx". Does the file exist?
[2026-04-18T15:17:32.000Z] Plugin: vite:import-analysis
[2026-04-18T15:17:32.000Z] File: /home/ubuntu/viaoceanica-ai/client/src/pages/admin/AdminBilling.tsx:19:8
[2026-04-18T15:17:32.000Z] 1  |  import { jsxDEV } from "react/jsx-dev-runtime";
[2026-04-18T15:17:32.001Z] |                          ^
[2026-04-18T15:17:32.001Z] 2  |  var _s = $RefreshSig$();
[2026-04-18T15:17:32.001Z] 3  |  import { Card, CardContent, CardDescription, CardHeader, CardTitle } from "@/components/ui/card";
[2026-04-18T15:17:32.002Z] 11:17:31 AM [vite] (client) Pre-transform error: Failed to resolve import "react" from "client/src/hooks/useComposition.ts". Does the file exist?
[2026-04-18T15:17:32.002Z] Plugin: vite:import-analysis
[2026-04-18T15:17:32.002Z] File: /home/ubuntu/viaoceanica-ai/client/src/hooks/useComposition.ts:1:23
[2026-04-18T15:17:32.002Z] 1  |  import { useRef } from "react";
[2026-04-18T15:17:32.003Z] |                          ^
[2026-04-18T15:17:32.003Z] 2  |  import { usePersistFn } from "./usePersistFn";
[2026-04-18T15:17:32.003Z] 3  |  export function useComposition(options = {}) {
[2026-04-18T15:17:32.003Z] 11:17:31 AM [vite] (client) Pre-transform error: Failed to resolve import "react/jsx-dev-runtime" from "client/src/components/ui/sonner.tsx". Does the file exist?
[2026-04-18T15:17:32.003Z] Plugin: vite:import-analysis
[2026-04-18T15:17:32.004Z] File: /home/ubuntu/viaoceanica-ai/client/src/components/ui/sonner.tsx:8:4
[2026-04-18T15:17:32.004Z] 1  |  import { jsxDEV } from "react/jsx-dev-runtime";
[2026-04-18T15:17:32.004Z] |                          ^
[2026-04-18T15:17:32.004Z] 2  |  var _s = $RefreshSig$();
[2026-04-18T15:17:32.004Z] 3  |  import { useTheme } from "next-themes";
[2026-04-18T15:17:32.005Z] 11:17:32 AM [vite] (client) Pre-transform error: Failed to resolve import "react" from "client/src/hooks/usePersistFn.ts". Does the file exist?
[2026-04-18T15:17:32.005Z] Plugin: vite:import-analysis
[2026-04-18T15:17:32.005Z] File: /home/ubuntu/viaoceanica-ai/client/src/hooks/usePersistFn.ts:1:23
[2026-04-18T15:17:32.005Z] 1  |  import { useRef } from "react";
[2026-04-18T15:17:32.006Z] |                          ^
[2026-04-18T15:17:32.006Z] 2  |  export function usePersistFn(fn) {
[2026-04-18T15:17:32.006Z] 3  |    const fnRef = useRef(fn);
[2026-04-18T15:17:32.006Z] 11:17:32 AM [vite] (client) Pre-transform error: Failed to resolve import "react/jsx-dev-runtime" from "client/src/components/ui/button.tsx". Does the file exist?
[2026-04-18T15:17:32.007Z] Plugin: vite:import-analysis
[2026-04-18T15:17:32.007Z] File: /home/ubuntu/viaoceanica-ai/client/src/components/ui/button.tsx:52:4
[2026-04-18T15:17:32.007Z] 1  |  import { jsxDEV } from "react/jsx-dev-runtime";
[2026-04-18T15:17:32.007Z] |                          ^
[2026-04-18T15:17:32.007Z] 2  |  import { Slot } from "@radix-ui/react-slot";
[2026-04-18T15:17:32.008Z] 3  |  import { cva } from "class-variance-authority";
[2026-04-18T15:17:32.008Z] 11:17:32 AM [vite] (client) Pre-transform error: Failed to resolve import "react/jsx-dev-runtime" from "client/src/components/ui/button.tsx". Does the file exist?
[2026-04-18T15:17:32.008Z] Plugin: vite:import-analysis
[2026-04-18T15:17:32.008Z] File: /home/ubuntu/viaoceanica-ai/client/src/components/ui/button.tsx:52:4
[2026-04-18T15:17:32.008Z] 1  |  import { jsxDEV } from "react/jsx-dev-runtime";
[2026-04-18T15:17:32.008Z] |                          ^
[2026-04-18T15:17:32.009Z] 2  |  import { Slot } from "@radix-ui/react-slot";
[2026-04-18T15:17:32.009Z] 3  |  import { cva } from "class-variance-authority";
[2026-04-18T15:17:32.009Z] 11:17:32 AM [vite] (client) Pre-transform error: Failed to resolve import "react/jsx-dev-runtime" from "client/src/components/ui/button.tsx". Does the file exist?
[2026-04-18T15:17:32.009Z] Plugin: vite:import-analysis
[2026-04-18T15:17:32.009Z] File: /home/ubuntu/viaoceanica-ai/client/src/components/ui/button.tsx:52:4
[2026-04-18T15:17:32.010Z] 1  |  import { jsxDEV } from "react/jsx-dev-runtime";
[2026-04-18T15:17:32.011Z] |                          ^
[2026-04-18T15:17:32.012Z] 2  |  import { Slot } from "@radix-ui/react-slot";
[2026-04-18T15:17:32.013Z] 3  |  import { cva } from "class-variance-authority";
[2026-04-18T15:17:32.013Z] 11:17:32 AM [vite] (client) Pre-transform error: Failed to resolve import "react/jsx-dev-runtime" from "client/src/components/ui/button.tsx". Does the file exist?
[2026-04-18T15:17:32.013Z] Plugin: vite:import-analysis
[2026-04-18T15:17:32.013Z] File: /home/ubuntu/viaoceanica-ai/client/src/components/ui/button.tsx:52:4
[2026-04-18T15:17:32.014Z] 1  |  import { jsxDEV } from "react/jsx-dev-runtime";
[2026-04-18T15:17:32.014Z] |                          ^
[2026-04-18T15:17:32.014Z] 2  |  import { Slot } from "@radix-ui/react-slot";
[2026-04-18T15:17:32.014Z] 3  |  import { cva } from "class-variance-authority";
[2026-04-18T15:17:32.015Z] 11:17:32 AM [vite] (client) Pre-transform error: Failed to resolve import "react/jsx-dev-runtime" from "client/src/components/ui/button.tsx". Does the file exist?
[2026-04-18T15:17:32.015Z] Plugin: vite:import-analysis
[2026-04-18T15:17:32.015Z] File: /home/ubuntu/viaoceanica-ai/client/src/components/ui/button.tsx:52:4
[2026-04-18T15:17:32.015Z] 1  |  import { jsxDEV } from "react/jsx-dev-runtime";
[2026-04-18T15:17:32.015Z] |                          ^
[2026-04-18T15:17:32.016Z] 2  |  import { Slot } from "@radix-ui/react-slot";
[2026-04-18T15:17:32.016Z] 3  |  import { cva } from "class-variance-authority";
[2026-04-18T15:17:32.016Z] 11:17:32 AM [vite] (client) Pre-transform error: Failed to resolve import "react/jsx-dev-runtime" from "client/src/components/ui/button.tsx". Does the file exist?
[2026-04-18T15:17:32.016Z] Plugin: vite:import-analysis
[2026-04-18T15:17:32.016Z] File: /home/ubuntu/viaoceanica-ai/client/src/components/ui/button.tsx:52:4
[2026-04-18T15:17:32.017Z] 1  |  import { jsxDEV } from "react/jsx-dev-runtime";
[2026-04-18T15:17:32.017Z] |                          ^
[2026-04-18T15:17:32.017Z] 2  |  import { Slot } from "@radix-ui/react-slot";
[2026-04-18T15:17:32.017Z] 3  |  import { cva } from "class-variance-authority";
[2026-04-18T15:17:32.017Z] 11:17:32 AM [vite] (client) Pre-transform error: Failed to resolve import "react/jsx-dev-runtime" from "client/src/components/ui/button.tsx". Does the file exist?
[2026-04-18T15:17:32.018Z] Plugin: vite:import-analysis
[2026-04-18T15:17:32.018Z] File: /home/ubuntu/viaoceanica-ai/client/src/components/ui/button.tsx:52:4
[2026-04-18T15:17:32.018Z] 1  |  import { jsxDEV } from "react/jsx-dev-runtime";
[2026-04-18T15:17:32.018Z] |                          ^
[2026-04-18T15:17:32.018Z] 2  |  import { Slot } from "@radix-ui/react-slot";
[2026-04-18T15:17:32.019Z] 3  |  import { cva } from "class-variance-authority";
[2026-04-18T15:17:32.019Z] 11:17:32 AM [vite] (client) Pre-transform error: Failed to resolve import "react/jsx-dev-runtime" from "client/src/components/ui/button.tsx". Does the file exist?
[2026-04-18T15:17:32.019Z] Plugin: vite:import-analysis
[2026-04-18T15:17:32.019Z] File: /home/ubuntu/viaoceanica-ai/client/src/components/ui/button.tsx:52:4
[2026-04-18T15:17:32.019Z] 1  |  import { jsxDEV } from "react/jsx-dev-runtime";
[2026-04-18T15:17:32.019Z] |                          ^
[2026-04-18T15:17:32.020Z] 2  |  import { Slot } from "@radix-ui/react-slot";
[2026-04-18T15:17:32.020Z] 3  |  import { cva } from "class-variance-authority";
[2026-04-18T15:17:32.020Z] 11:17:32 AM [vite] (client) Pre-transform error: Failed to resolve import "react/jsx-dev-runtime" from "client/src/components/ui/button.tsx". Does the file exist?
[2026-04-18T15:17:32.020Z] Plugin: vite:import-analysis
[2026-04-18T15:17:32.020Z] File: /home/ubuntu/viaoceanica-ai/client/src/components/ui/button.tsx:52:4
[2026-04-18T15:17:32.021Z] 1  |  import { jsxDEV } from "react/jsx-dev-runtime";
[2026-04-18T15:17:32.021Z] |                          ^
[2026-04-18T15:17:32.021Z] 2  |  import { Slot } from "@radix-ui/react-slot";
[2026-04-18T15:17:32.021Z] 3  |  import { cva } from "class-variance-authority";
[2026-04-18T15:17:32.021Z] 11:17:32 AM [vite] (client) Pre-transform error: Failed to resolve import "react/jsx-dev-runtime" from "client/src/components/ui/button.tsx". Does the file exist?
[2026-04-18T15:17:32.022Z] Plugin: vite:import-analysis
[2026-04-18T15:17:32.022Z] File: /home/ubuntu/viaoceanica-ai/client/src/components/ui/button.tsx:52:4
[2026-04-18T15:17:32.022Z] 1  |  import { jsxDEV } from "react/jsx-dev-runtime";
[2026-04-18T15:17:32.022Z] |                          ^
[2026-04-18T15:17:32.023Z] 2  |  import { Slot } from "@radix-ui/react-slot";
[2026-04-18T15:17:32.023Z] 3  |  import { cva } from "class-variance-authority";
[2026-04-18T15:17:32.023Z] 11:17:32 AM [vite] (client) Pre-transform error: Failed to resolve import "react/jsx-dev-runtime" from "client/src/components/ui/button.tsx". Does the file exist?
[2026-04-18T15:17:32.023Z] Plugin: vite:import-analysis
[2026-04-18T15:17:32.023Z] File: /home/ubuntu/viaoceanica-ai/client/src/components/ui/button.tsx:52:4
[2026-04-18T15:17:32.024Z] 1  |  import { jsxDEV } from "react/jsx-dev-runtime";
[2026-04-18T15:17:32.024Z] |                          ^
[2026-04-18T15:17:32.024Z] 2  |  import { Slot } from "@radix-ui/react-slot";
[2026-04-18T15:17:32.024Z] 3  |  import { cva } from "class-variance-authority";
[2026-04-18T15:17:32.024Z] 11:17:32 AM [vite] (client) Pre-transform error: Failed to resolve import "react/jsx-dev-runtime" from "client/src/components/ui/button.tsx". Does the file exist?
[2026-04-18T15:17:32.025Z] Plugin: vite:import-analysis
[2026-04-18T15:17:32.025Z] File: /home/ubuntu/viaoceanica-ai/client/src/components/ui/button.tsx:52:4
[2026-04-18T15:17:32.025Z] 1  |  import { jsxDEV } from "react/jsx-dev-runtime";
[2026-04-18T15:17:32.026Z] |                          ^
[2026-04-18T15:17:32.026Z] 2  |  import { Slot } from "@radix-ui/react-slot";
[2026-04-18T15:17:32.026Z] 3  |  import { cva } from "class-variance-authority";
[2026-04-18T15:17:32.026Z] 11:17:32 AM [vite] (client) Pre-transform error: Failed to resolve import "react/jsx-dev-runtime" from "client/src/components/ui/button.tsx". Does the file exist?
[2026-04-18T15:17:32.026Z] Plugin: vite:import-analysis
[2026-04-18T15:17:32.026Z] File: /home/ubuntu/viaoceanica-ai/client/src/components/ui/button.tsx:52:4
[2026-04-18T15:17:32.027Z] 1  |  import { jsxDEV } from "react/jsx-dev-runtime";
[2026-04-18T15:17:32.027Z] |                          ^
[2026-04-18T15:17:32.027Z] 2  |  import { Slot } from "@radix-ui/react-slot";
[2026-04-18T15:17:32.027Z] 3  |  import { cva } from "class-variance-authority";
[2026-04-18T15:17:32.028Z] 11:17:32 AM [vite] (client) Pre-transform error: Failed to resolve import "react/jsx-dev-runtime" from "client/src/components/ui/button.tsx". Does the file exist?
[2026-04-18T15:17:32.028Z] Plugin: vite:import-analysis
[2026-04-18T15:17:32.028Z] File: /home/ubuntu/viaoceanica-ai/client/src/components/ui/button.tsx:52:4
[2026-04-18T15:17:32.028Z] 1  |  import { jsxDEV } from "react/jsx-dev-runtime";
[2026-04-18T15:17:32.028Z] |                          ^
[2026-04-18T15:17:32.029Z] 2  |  import { Slot } from "@radix-ui/react-slot";
[2026-04-18T15:17:32.029Z] 3  |  import { cva } from "class-variance-authority";
[2026-04-18T15:17:32.029Z] 11:17:32 AM [vite] (client) Pre-transform error: Failed to resolve import "react/jsx-dev-runtime" from "client/src/components/ui/button.tsx". Does the file exist?
[2026-04-18T15:17:32.029Z] Plugin: vite:import-analysis
[2026-04-18T15:17:32.030Z] File: /home/ubuntu/viaoceanica-ai/client/src/components/ui/button.tsx:52:4
[2026-04-18T15:17:32.030Z] 1  |  import { jsxDEV } from "react/jsx-dev-runtime";
[2026-04-18T15:17:32.030Z] |                          ^
[2026-04-18T15:17:32.030Z] 2  |  import { Slot } from "@radix-ui/react-slot";
[2026-04-18T15:17:32.030Z] 3  |  import { cva } from "class-variance-authority";
[2026-04-18T15:17:32.030Z] 11:17:32 AM [vite] (client) Pre-transform error: Failed to resolve import "react/jsx-dev-runtime" from "client/src/components/ui/button.tsx". Does the file exist?
[2026-04-18T15:17:32.031Z] Plugin: vite:import-analysis
[2026-04-18T15:17:32.031Z] File: /home/ubuntu/viaoceanica-ai/client/src/components/ui/button.tsx:52:4
[2026-04-18T15:17:32.031Z] 1  |  import { jsxDEV } from "react/jsx-dev-runtime";
[2026-04-18T15:17:32.032Z] |                          ^
[2026-04-18T15:17:32.032Z] 2  |  import { Slot } from "@radix-ui/react-slot";
[2026-04-18T15:17:32.032Z] 3  |  import { cva } from "class-variance-authority";
[2026-04-18T15:17:32.032Z] 11:17:32 AM [vite] (client) Pre-transform error: Failed to resolve import "clsx" from "client/src/lib/utils.ts". Does the file exist?
[2026-04-18T15:17:32.032Z] Plugin: vite:import-analysis
[2026-04-18T15:17:32.033Z] File: /home/ubuntu/viaoceanica-ai/client/src/lib/utils.ts:1:38
[2026-04-18T15:17:32.033Z] 1  |  import { clsx } from "clsx";
[2026-04-18T15:17:32.033Z] |                        ^
[2026-04-18T15:17:32.033Z] 2  |  import { twMerge } from "tailwind-merge";
[2026-04-18T15:17:32.033Z] 3  |  export function cn(...inputs) {
[2026-04-18T15:17:32.034Z] 11:17:32 AM [vite] (client) Pre-transform error: Failed to resolve import "clsx" from "client/src/lib/utils.ts". Does the file exist?
[2026-04-18T15:17:32.034Z] Plugin: vite:import-analysis
[2026-04-18T15:17:32.034Z] File: /home/ubuntu/viaoceanica-ai/client/src/lib/utils.ts:1:38
[2026-04-18T15:17:32.034Z] 1  |  import { clsx } from "clsx";
[2026-04-18T15:17:32.035Z] |                        ^
[2026-04-18T15:17:32.035Z] 2  |  import { twMerge } from "tailwind-merge";
[2026-04-18T15:17:32.035Z] 3  |  export function cn(...inputs) {
[2026-04-18T15:17:32.035Z] 11:17:32 AM [vite] (client) Pre-transform error: Failed to resolve import "clsx" from "client/src/lib/utils.ts". Does the file exist?
[2026-04-18T15:17:32.035Z] Plugin: vite:import-analysis
[2026-04-18T15:17:32.035Z] File: /home/ubuntu/viaoceanica-ai/client/src/lib/utils.ts:1:38
[2026-04-18T15:17:32.036Z] 1  |  import { clsx } from "clsx";
[2026-04-18T15:17:32.036Z] |                        ^
[2026-04-18T15:17:32.036Z] 2  |  import { twMerge } from "tailwind-merge";
[2026-04-18T15:17:32.036Z] 3  |  export function cn(...inputs) {
[2026-04-18T15:17:32.036Z] 11:17:32 AM [vite] (client) Pre-transform error: Failed to resolve import "clsx" from "client/src/lib/utils.ts". Does the file exist?
[2026-04-18T15:17:32.037Z] Plugin: vite:import-analysis
[2026-04-18T15:17:32.037Z] File: /home/ubuntu/viaoceanica-ai/client/src/lib/utils.ts:1:38
[2026-04-18T15:17:32.037Z] 1  |  import { clsx } from "clsx";
[2026-04-18T15:17:32.037Z] |                        ^
[2026-04-18T15:17:32.037Z] 2  |  import { twMerge } from "tailwind-merge";
[2026-04-18T15:17:32.037Z] 3  |  export function cn(...inputs) {
[2026-04-18T15:17:32.038Z] 11:17:32 AM [vite] (client) Pre-transform error: Failed to resolve import "clsx" from "client/src/lib/utils.ts". Does the file exist?
[2026-04-18T15:17:32.038Z] Plugin: vite:import-analysis
[2026-04-18T15:17:32.038Z] File: /home/ubuntu/viaoceanica-ai/client/src/lib/utils.ts:1:38
[2026-04-18T15:17:32.038Z] 1  |  import { clsx } from "clsx";
[2026-04-18T15:17:32.038Z] |                        ^
[2026-04-18T15:17:32.039Z] 2  |  import { twMerge } from "tailwind-merge";
[2026-04-18T15:17:32.039Z] 3  |  export function cn(...inputs) {
[2026-04-18T15:17:32.039Z] 11:17:32 AM [vite] (client) Pre-transform error: Failed to resolve import "clsx" from "client/src/lib/utils.ts". Does the file exist?
[2026-04-18T15:17:32.039Z] Plugin: vite:import-analysis
[2026-04-18T15:17:32.039Z] File: /home/ubuntu/viaoceanica-ai/client/src/lib/utils.ts:1:38
[2026-04-18T15:17:32.039Z] 1  |  import { clsx } from "clsx";
[2026-04-18T15:17:32.040Z] |                        ^
[2026-04-18T15:17:32.040Z] 2  |  import { twMerge } from "tailwind-merge";
[2026-04-18T15:17:32.040Z] 3  |  export function cn(...inputs) {
[2026-04-18T15:17:32.040Z] 11:17:32 AM [vite] (client) Pre-transform error: Failed to resolve import "clsx" from "client/src/lib/utils.ts". Does the file exist?
[2026-04-18T15:17:32.040Z] Plugin: vite:import-analysis
[2026-04-18T15:17:32.040Z] File: /home/ubuntu/viaoceanica-ai/client/src/lib/utils.ts:1:38
[2026-04-18T15:17:32.041Z] 1  |  import { clsx } from "clsx";
[2026-04-18T15:17:32.041Z] |                        ^
[2026-04-18T15:17:32.041Z] 2  |  import { twMerge } from "tailwind-merge";
[2026-04-18T15:17:32.042Z] 3  |  export function cn(...inputs) {
[2026-04-18T15:17:32.042Z] 11:17:32 AM [vite] (client) Pre-transform error: Failed to resolve import "react/jsx-dev-runtime" from "client/src/pages/admin/AdminSettings.tsx". Does the file exist?
[2026-04-18T15:17:32.042Z] Plugin: vite:import-analysis
[2026-04-18T15:17:32.042Z] File: /home/ubuntu/viaoceanica-ai/client/src/pages/admin/AdminSettings.tsx:56:8
[2026-04-18T15:17:32.042Z] 1  |  import { jsxDEV } from "react/jsx-dev-runtime";
[2026-04-18T15:17:32.043Z] |                          ^
[2026-04-18T15:17:32.043Z] 2  |  var _s = $RefreshSig$();
[2026-04-18T15:17:32.043Z] 3  |  import { Card, CardContent, CardDescription, CardHeader, CardTitle } from "@/components/ui/card";
[2026-04-18T15:17:32.043Z] 11:17:32 AM [vite] (client) Pre-transform error: Failed to resolve import "react" from "client/src/hooks/usePersistFn.ts". Does the file exist?
[2026-04-18T15:17:32.043Z] Plugin: vite:import-analysis
[2026-04-18T15:17:32.043Z] File: /home/ubuntu/viaoceanica-ai/client/src/hooks/usePersistFn.ts:1:23
[2026-04-18T15:17:32.044Z] 1  |  import { useRef } from "react";
[2026-04-18T15:17:32.044Z] |                          ^
[2026-04-18T15:17:32.044Z] 2  |  export function usePersistFn(fn) {
[2026-04-18T15:17:32.044Z] 3  |    const fnRef = useRef(fn);
[2026-04-18T15:17:32.044Z] 11:17:32 AM [vite] (client) Pre-transform error: Failed to resolve import "react/jsx-dev-runtime" from "client/src/components/ui/button.tsx". Does the file exist?
[2026-04-18T15:17:32.044Z] Plugin: vite:import-analysis
[2026-04-18T15:17:32.045Z] File: /home/ubuntu/viaoceanica-ai/client/src/components/ui/button.tsx:52:4
[2026-04-18T15:17:32.045Z] 1  |  import { jsxDEV } from "react/jsx-dev-runtime";
[2026-04-18T15:17:32.045Z] |                          ^
[2026-04-18T15:17:32.045Z] 2  |  import { Slot } from "@radix-ui/react-slot";
[2026-04-18T15:17:32.045Z] 3  |  import { cva } from "class-variance-authority";
[2026-04-18T15:17:32.045Z] 11:17:32 AM [vite] (client) Pre-transform error: Failed to resolve import "react/jsx-dev-runtime" from "client/src/components/DashboardLayoutSkeleton.tsx". Does the file exist?
[2026-04-18T15:17:32.046Z] Plugin: vite:import-analysis
[2026-04-18T15:17:32.046Z] File: /home/ubuntu/viaoceanica-ai/client/src/components/DashboardLayoutSkeleton.tsx:10:10
[2026-04-18T15:17:32.046Z] 1  |  import { jsxDEV } from "react/jsx-dev-runtime";
[2026-04-18T15:17:32.046Z] |                          ^
[2026-04-18T15:17:32.047Z] 2  |  import { Skeleton } from "./ui/skeleton";
[2026-04-18T15:17:32.047Z] 3  |  export function DashboardLayoutSkeleton() {
[2026-04-18T15:17:32.047Z] 11:17:32 AM [vite] (client) Pre-transform error: Failed to resolve import "clsx" from "client/src/lib/utils.ts". Does the file exist?
[2026-04-18T15:17:32.047Z] Plugin: vite:import-analysis
[2026-04-18T15:17:32.047Z] File: /home/ubuntu/viaoceanica-ai/client/src/lib/utils.ts:1:38
[2026-04-18T15:17:32.048Z] 1  |  import { clsx } from "clsx";
[2026-04-18T15:17:32.048Z] |                        ^
[2026-04-18T15:17:32.048Z] 2  |  import { twMerge } from "tailwind-merge";
[2026-04-18T15:17:32.048Z] 3  |  export function cn(...inputs) {
[2026-04-18T15:17:32.048Z] 11:17:32 AM [vite] (client) Pre-transform error: Failed to resolve import "react/jsx-dev-runtime" from "client/src/pages/NotFound.tsx". Does the file exist?
[2026-04-18T15:17:32.050Z] Plugin: vite:import-analysis
[2026-04-18T15:17:32.050Z] File: /home/ubuntu/viaoceanica-ai/client/src/pages/NotFound.tsx:19:14
[2026-04-18T15:17:32.050Z] 1  |  import { jsxDEV } from "react/jsx-dev-runtime";
[2026-04-18T15:17:32.050Z] |                          ^
[2026-04-18T15:17:32.051Z] 2  |  var _s = $RefreshSig$();
[2026-04-18T15:17:32.051Z] 3  |  import { Button } from "@/components/ui/button";
[2026-04-18T15:17:32.051Z] 11:17:32 AM [vite] (client) Pre-transform error: Failed to resolve import "react/jsx-dev-runtime" from "client/src/components/ui/avatar.tsx". Does the file exist?
[2026-04-18T15:17:32.051Z] Plugin: vite:import-analysis
[2026-04-18T15:17:32.051Z] File: /home/ubuntu/viaoceanica-ai/client/src/components/ui/avatar.tsx:11:4
[2026-04-18T15:17:32.052Z] 1  |  import { jsxDEV } from "react/jsx-dev-runtime";
[2026-04-18T15:17:32.052Z] |                          ^
[2026-04-18T15:17:32.052Z] 2  |  import * as AvatarPrimitive from "@radix-ui/react-avatar";
[2026-04-18T15:17:32.052Z] 3  |  import { cn } from "@/lib/utils";
[2026-04-18T15:17:32.052Z] 11:17:32 AM [vite] (client) Pre-transform error: Failed to resolve import "react" from "client/src/_core/hooks/useAuth.ts". Does the file exist?
[2026-04-18T15:17:32.053Z] Plugin: vite:import-analysis
[2026-04-18T15:17:32.053Z] File: /home/ubuntu/viaoceanica-ai/client/src/_core/hooks/useAuth.ts:1:58
[2026-04-18T15:17:32.053Z] 1  |  import { useCallback, useEffect, useMemo, useState } from "react";
[2026-04-18T15:17:32.053Z] |                                                             ^
[2026-04-18T15:17:32.053Z] 2  |  export function useAuth() {
[2026-04-18T15:17:32.054Z] 3  |    const [user, setUser] = useState(null);
[2026-04-18T15:17:32.054Z] 11:17:32 AM [vite] (client) Pre-transform error: Failed to resolve import "react" from "client/src/_core/hooks/useAuth.ts". Does the file exist?
[2026-04-18T15:17:32.054Z] Plugin: vite:import-analysis
[2026-04-18T15:17:32.054Z] File: /home/ubuntu/viaoceanica-ai/client/src/_core/hooks/useAuth.ts:1:58
[2026-04-18T15:17:32.054Z] 1  |  import { useCallback, useEffect, useMemo, useState } from "react";
[2026-04-18T15:17:32.055Z] |                                                             ^
[2026-04-18T15:17:32.055Z] 2  |  export function useAuth() {
[2026-04-18T15:17:32.055Z] 3  |    const [user, setUser] = useState(null);
[2026-04-18T15:17:32.055Z] 11:17:32 AM [vite] (client) Pre-transform error: Failed to resolve import "react" from "client/src/_core/hooks/useAuth.ts". Does the file exist?
[2026-04-18T15:17:32.055Z] Plugin: vite:import-analysis
[2026-04-18T15:17:32.055Z] File: /home/ubuntu/viaoceanica-ai/client/src/_core/hooks/useAuth.ts:1:58
[2026-04-18T15:17:32.056Z] 1  |  import { useCallback, useEffect, useMemo, useState } from "react";
[2026-04-18T15:17:32.056Z] |                                                             ^
[2026-04-18T15:17:32.056Z] 2  |  export function useAuth() {
[2026-04-18T15:17:32.056Z] 3  |    const [user, setUser] = useState(null);
[2026-04-18T15:17:32.056Z] 11:17:32 AM [vite] (client) Pre-transform error: Failed to resolve import "react" from "client/src/_core/hooks/useAuth.ts". Does the file exist?
[2026-04-18T15:17:32.057Z] Plugin: vite:import-analysis
[2026-04-18T15:17:32.057Z] File: /home/ubuntu/viaoceanica-ai/client/src/_core/hooks/useAuth.ts:1:58
[2026-04-18T15:17:32.057Z] 1  |  import { useCallback, useEffect, useMemo, useState } from "react";
[2026-04-18T15:17:32.057Z] |                                                             ^
[2026-04-18T15:17:32.057Z] 2  |  export function useAuth() {
[2026-04-18T15:17:32.058Z] 3  |    const [user, setUser] = useState(null);
[2026-04-18T15:17:32.058Z] 11:17:32 AM [vite] (client) Pre-transform error: Failed to resolve import "react" from "client/src/_core/hooks/useAuth.ts". Does the file exist?
[2026-04-18T15:17:32.058Z] Plugin: vite:import-analysis
[2026-04-18T15:17:32.058Z] File: /home/ubuntu/viaoceanica-ai/client/src/_core/hooks/useAuth.ts:1:58
[2026-04-18T15:17:32.058Z] 1  |  import { useCallback, useEffect, useMemo, useState } from "react";
[2026-04-18T15:17:32.059Z] |                                                             ^
[2026-04-18T15:17:32.059Z] 2  |  export function useAuth() {
[2026-04-18T15:17:32.059Z] 3  |    const [user, setUser] = useState(null);
[2026-04-18T15:17:32.059Z] 11:17:32 AM [vite] (client) Pre-transform error: Failed to resolve import "react/jsx-dev-runtime" from "client/src/components/ui/dropdown-menu.tsx". Does the file exist?
[2026-04-18T15:17:32.060Z] Plugin: vite:import-analysis
[2026-04-18T15:17:32.060Z] File: /home/ubuntu/viaoceanica-ai/client/src/components/ui/dropdown-menu.tsx:10:9
[2026-04-18T15:17:32.060Z] 1  |  import { jsxDEV } from "react/jsx-dev-runtime";
[2026-04-18T15:17:32.060Z] |                          ^
[2026-04-18T15:17:32.060Z] 2  |  import * as DropdownMenuPrimitive from "@radix-ui/react-dropdown-menu";
[2026-04-18T15:17:32.060Z] 3  |  import { CheckIcon, ChevronRightIcon, CircleIcon } from "lucide-react";
[2026-04-18T15:17:32.061Z] 11:17:32 AM [vite] (client) Pre-transform error: Failed to resolve import "react/jsx-dev-runtime" from "client/src/components/ui/avatar.tsx". Does the file exist?
[2026-04-18T15:17:32.061Z] Plugin: vite:import-analysis
[2026-04-18T15:17:32.061Z] File: /home/ubuntu/viaoceanica-ai/client/src/components/ui/avatar.tsx:11:4
[2026-04-18T15:17:32.061Z] 1  |  import { jsxDEV } from "react/jsx-dev-runtime";
[2026-04-18T15:17:32.061Z] |                          ^
[2026-04-18T15:17:32.062Z] 2  |  import * as AvatarPrimitive from "@radix-ui/react-avatar";
[2026-04-18T15:17:32.062Z] 3  |  import { cn } from "@/lib/utils";
[2026-04-18T15:17:32.062Z] 11:17:32 AM [vite] (client) Pre-transform error: Failed to resolve import "react" from "client/src/_core/hooks/useAuth.ts". Does the file exist?
[2026-04-18T15:17:32.062Z] Plugin: vite:import-analysis
[2026-04-18T15:17:32.062Z] File: /home/ubuntu/viaoceanica-ai/client/src/_core/hooks/useAuth.ts:1:58
[2026-04-18T15:17:32.063Z] 1  |  import { useCallback, useEffect, useMemo, useState } from "react";
[2026-04-18T15:17:32.063Z] |                                                             ^
[2026-04-18T15:17:32.063Z] 2  |  export function useAuth() {
[2026-04-18T15:17:32.064Z] 3  |    const [user, setUser] = useState(null);
[2026-04-18T15:17:32.064Z] 11:17:32 AM [vite] (client) Pre-transform error: Failed to resolve import "react/jsx-dev-runtime" from "client/src/components/ui/dropdown-menu.tsx". Does the file exist?
[2026-04-18T15:17:32.064Z] Plugin: vite:import-analysis
[2026-04-18T15:17:32.064Z] File: /home/ubuntu/viaoceanica-ai/client/src/components/ui/dropdown-menu.tsx:10:9
[2026-04-18T15:17:32.065Z] 1  |  import { jsxDEV } from "react/jsx-dev-runtime";
[2026-04-18T15:17:32.065Z] |                          ^
[2026-04-18T15:17:32.065Z] 2  |  import * as DropdownMenuPrimitive from "@radix-ui/react-dropdown-menu";
[2026-04-18T15:17:32.065Z] 3  |  import { CheckIcon, ChevronRightIcon, CircleIcon } from "lucide-react";
[2026-04-18T15:17:32.065Z] 11:17:32 AM [vite] (client) Pre-transform error: Failed to resolve import "react/jsx-dev-runtime" from "client/src/pages/admin/AdminPlans.tsx". Does the file exist?
[2026-04-18T15:17:32.066Z] Plugin: vite:import-analysis
[2026-04-18T15:17:32.066Z] File: /home/ubuntu/viaoceanica-ai/client/src/pages/admin/AdminPlans.tsx:146:10
[2026-04-18T15:17:32.066Z] 1  |  import { jsxDEV } from "react/jsx-dev-runtime";
[2026-04-18T15:17:32.066Z] |                          ^
[2026-04-18T15:17:32.066Z] 2  |  var _s = $RefreshSig$();
[2026-04-18T15:17:32.066Z] 3  |  import { Card, CardContent, CardDescription, CardHeader, CardTitle } from "@/components/ui/card";
[2026-04-18T15:17:32.067Z] 11:17:32 AM [vite] (client) Pre-transform error: Failed to resolve import "react/jsx-dev-runtime" from "client/src/components/ui/collapsible.tsx". Does the file exist?
[2026-04-18T15:17:32.067Z] Plugin: vite:import-analysis
[2026-04-18T15:17:32.067Z] File: /home/ubuntu/viaoceanica-ai/client/src/components/ui/collapsible.tsx:6:9
[2026-04-18T15:17:32.068Z] 1  |  import { jsxDEV } from "react/jsx-dev-runtime";
[2026-04-18T15:17:32.068Z] |                          ^
[2026-04-18T15:17:32.068Z] 2  |  import * as CollapsiblePrimitive from "@radix-ui/react-collapsible";
[2026-04-18T15:17:32.068Z] 3  |  function Collapsible({
[2026-04-18T15:17:32.068Z] 11:17:32 AM [vite] (client) Pre-transform error: Failed to resolve import "react/jsx-dev-runtime" from "client/src/pages/admin/AdminAIUsage.tsx". Does the file exist?
[2026-04-18T15:17:32.069Z] Plugin: vite:import-analysis
[2026-04-18T15:17:32.069Z] File: /home/ubuntu/viaoceanica-ai/client/src/pages/admin/AdminAIUsage.tsx:120:10
[2026-04-18T15:17:32.069Z] 1  |  import { jsxDEV } from "react/jsx-dev-runtime";
[2026-04-18T15:17:32.069Z] |                          ^
[2026-04-18T15:17:32.069Z] 2  |  var _s = $RefreshSig$();
[2026-04-18T15:17:32.070Z] 3  |  import { Card, CardContent, CardDescription, CardHeader, CardTitle } from "@/components/ui/card";
[2026-04-18T15:17:32.070Z] 11:17:32 AM [vite] (client) Pre-transform error: Failed to resolve import "react" from "client/src/hooks/useApi.ts". Does the file exist?
[2026-04-18T15:17:32.070Z] Plugin: vite:import-analysis
[2026-04-18T15:17:32.070Z] File: /home/ubuntu/viaoceanica-ai/client/src/hooks/useApi.ts:12:57
[2026-04-18T15:17:32.070Z] 1  |  import { useState, useEffect, useCallback, useRef } from "react";
[2026-04-18T15:17:32.071Z] |                                                            ^
[2026-04-18T15:17:32.071Z] 2  |  async function apiFetch(path, init) {
[2026-04-18T15:17:32.071Z] 3  |    const res = await fetch(path, {
[2026-04-18T15:17:32.071Z] 11:17:32 AM [vite] (client) Pre-transform error: Failed to resolve import "react" from "client/src/hooks/useApi.ts". Does the file exist?
[2026-04-18T15:17:32.071Z] Plugin: vite:import-analysis
[2026-04-18T15:17:32.071Z] File: /home/ubuntu/viaoceanica-ai/client/src/hooks/useApi.ts:12:57
[2026-04-18T15:17:32.072Z] 1  |  import { useState, useEffect, useCallback, useRef } from "react";
[2026-04-18T15:17:32.072Z] |                                                            ^
[2026-04-18T15:17:32.072Z] 2  |  async function apiFetch(path, init) {
[2026-04-18T15:17:32.072Z] 3  |    const res = await fetch(path, {
[2026-04-18T15:17:32.072Z] 11:17:32 AM [vite] (client) Pre-transform error: Failed to resolve import "react" from "client/src/hooks/useApi.ts". Does the file exist?
[2026-04-18T15:17:32.073Z] Plugin: vite:import-analysis
[2026-04-18T15:17:32.073Z] File: /home/ubuntu/viaoceanica-ai/client/src/hooks/useApi.ts:12:57
[2026-04-18T15:17:32.073Z] 1  |  import { useState, useEffect, useCallback, useRef } from "react";
[2026-04-18T15:17:32.073Z] |                                                            ^
[2026-04-18T15:17:32.073Z] 2  |  async function apiFetch(path, init) {
[2026-04-18T15:17:32.073Z] 3  |    const res = await fetch(path, {
[2026-04-18T15:17:32.074Z] 11:17:32 AM [vite] (client) Pre-transform error: Failed to resolve import "react" from "client/src/hooks/useApi.ts". Does the file exist?
[2026-04-18T15:17:32.074Z] Plugin: vite:import-analysis
[2026-04-18T15:17:32.074Z] File: /home/ubuntu/viaoceanica-ai/client/src/hooks/useApi.ts:12:57
[2026-04-18T15:17:32.074Z] 1  |  import { useState, useEffect, useCallback, useRef } from "react";
[2026-04-18T15:17:32.074Z] |                                                            ^
[2026-04-18T15:17:32.075Z] 2  |  async function apiFetch(path, init) {
[2026-04-18T15:17:32.075Z] 3  |    const res = await fetch(path, {
[2026-04-18T15:17:32.075Z] 11:17:32 AM [vite] (client) Pre-transform error: Failed to resolve import "react" from "client/src/hooks/useApi.ts". Does the file exist?
[2026-04-18T15:17:32.075Z] Plugin: vite:import-analysis
[2026-04-18T15:17:32.075Z] File: /home/ubuntu/viaoceanica-ai/client/src/hooks/useApi.ts:12:57
[2026-04-18T15:17:32.076Z] 1  |  import { useState, useEffect, useCallback, useRef } from "react";
[2026-04-18T15:17:32.076Z] |                                                            ^
[2026-04-18T15:17:32.076Z] 2  |  async function apiFetch(path, init) {
[2026-04-18T15:17:32.076Z] 3  |    const res = await fetch(path, {
[2026-04-18T15:17:32.076Z] 11:17:32 AM [vite] (client) Pre-transform error: Failed to resolve import "react" from "client/src/hooks/useApi.ts". Does the file exist?
[2026-04-18T15:17:32.077Z] Plugin: vite:import-analysis
[2026-04-18T15:17:32.077Z] File: /home/ubuntu/viaoceanica-ai/client/src/hooks/useApi.ts:12:57
[2026-04-18T15:17:32.077Z] 1  |  import { useState, useEffect, useCallback, useRef } from "react";
[2026-04-18T15:17:32.077Z] |                                                            ^
[2026-04-18T15:17:32.077Z] 2  |  async function apiFetch(path, init) {
[2026-04-18T15:17:32.077Z] 3  |    const res = await fetch(path, {
[2026-04-18T15:17:32.078Z] 11:17:32 AM [vite] (client) Pre-transform error: Failed to resolve import "react" from "client/src/hooks/useApi.ts". Does the file exist?
[2026-04-18T15:17:32.078Z] Plugin: vite:import-analysis
[2026-04-18T15:17:32.078Z] File: /home/ubuntu/viaoceanica-ai/client/src/hooks/useApi.ts:12:57
[2026-04-18T15:17:32.078Z] 1  |  import { useState, useEffect, useCallback, useRef } from "react";
[2026-04-18T15:17:32.078Z] |                                                            ^
[2026-04-18T15:17:32.078Z] 2  |  async function apiFetch(path, init) {
[2026-04-18T15:17:32.079Z] 3  |    const res = await fetch(path, {
[2026-04-18T15:17:32.079Z] 11:17:32 AM [vite] (client) Pre-transform error: Failed to resolve import "react" from "client/src/hooks/useApi.ts". Does the file exist?
[2026-04-18T15:17:32.079Z] Plugin: vite:import-analysis
[2026-04-18T15:17:32.079Z] File: /home/ubuntu/viaoceanica-ai/client/src/hooks/useApi.ts:12:57
[2026-04-18T15:17:32.080Z] 1  |  import { useState, useEffect, useCallback, useRef } from "react";
[2026-04-18T15:17:32.080Z] |                                                            ^
[2026-04-18T15:17:32.080Z] 2  |  async function apiFetch(path, init) {
[2026-04-18T15:17:32.081Z] 3  |    const res = await fetch(path, {
[2026-04-18T15:17:32.081Z] 11:17:32 AM [vite] (client) Pre-transform error: Failed to resolve import "react" from "client/src/hooks/useApi.ts". Does the file exist?
[2026-04-18T15:17:32.081Z] Plugin: vite:import-analysis
[2026-04-18T15:17:32.081Z] File: /home/ubuntu/viaoceanica-ai/client/src/hooks/useApi.ts:12:57
[2026-04-18T15:17:32.081Z] 1  |  import { useState, useEffect, useCallback, useRef } from "react";
[2026-04-18T15:17:32.082Z] |                                                            ^
[2026-04-18T15:17:32.082Z] 2  |  async function apiFetch(path, init) {
[2026-04-18T15:17:32.093Z] 3  |    const res = await fetch(path, {
[2026-04-18T15:17:32.108Z] 11:17:32 AM [vite] (client) Pre-transform error: Failed to resolve import "react" from "client/src/hooks/useApi.ts". Does the file exist?
[2026-04-18T15:17:32.109Z] Plugin: vite:import-analysis
[2026-04-18T15:17:32.110Z] File: /home/ubuntu/viaoceanica-ai/client/src/hooks/useApi.ts:12:57
[2026-04-18T15:17:32.110Z] 1  |  import { useState, useEffect, useCallback, useRef } from "react";
[2026-04-18T15:17:32.110Z] |                                                            ^
[2026-04-18T15:17:32.111Z] 2  |  async function apiFetch(path, init) {
[2026-04-18T15:17:32.111Z] 3  |    const res = await fetch(path, {
[2026-04-18T15:17:32.112Z] 11:17:32 AM [vite] (client) Pre-transform error: Failed to resolve import "react" from "client/src/hooks/useMobile.tsx". Does the file exist?
[2026-04-18T15:17:32.115Z] Plugin: vite:import-analysis
[2026-04-18T15:17:32.115Z] File: /home/ubuntu/viaoceanica-ai/client/src/hooks/useMobile.tsx:1:23
[2026-04-18T15:17:32.116Z] 1  |  var _s = $RefreshSig$();
[2026-04-18T15:17:32.117Z] 2  |  import * as React from "react";
[2026-04-18T15:17:32.117Z] |                          ^
[2026-04-18T15:17:32.118Z] 3  |  const MOBILE_BREAKPOINT = 768;
[2026-04-18T15:17:32.118Z] 4  |  export function useIsMobile() {
[2026-04-18T15:17:32.118Z] 11:17:32 AM [vite] (client) Pre-transform error: Failed to resolve import "react" from "client/src/hooks/useApi.ts". Does the file exist?
[2026-04-18T15:17:32.118Z] Plugin: vite:import-analysis
[2026-04-18T15:17:32.119Z] File: /home/ubuntu/viaoceanica-ai/client/src/hooks/useApi.ts:12:57
[2026-04-18T15:17:32.119Z] 1  |  import { useState, useEffect, useCallback, useRef } from "react";
[2026-04-18T15:17:32.119Z] |                                                            ^
[2026-04-18T15:17:32.119Z] 2  |  async function apiFetch(path, init) {
[2026-04-18T15:17:32.119Z] 3  |    const res = await fetch(path, {
[2026-04-18T15:17:32.120Z] 11:17:32 AM [vite] (client) Pre-transform error: Failed to resolve import "react/jsx-dev-runtime" from "client/src/components/ui/sidebar.tsx". Does the file exist?
[2026-04-18T15:17:32.120Z] Plugin: vite:import-analysis
[2026-04-18T15:17:32.120Z] File: /home/ubuntu/viaoceanica-ai/client/src/components/ui/sidebar.tsx:131:8
[2026-04-18T15:17:32.120Z] 1  |  "use client";
[2026-04-18T15:17:32.121Z] 2  |  import { jsxDEV } from "react/jsx-dev-runtime";
[2026-04-18T15:17:32.121Z] |                          ^
[2026-04-18T15:17:32.121Z] 3  |  var _s = $RefreshSig$(), _s2 = $RefreshSig$(), _s3 = $RefreshSig$(), _s4 = $RefreshSig$(), _s5 = $RefreshSig$(), _s6 ...
[2026-04-18T15:17:32.121Z] 4  |  import { Button } from "@/components/ui/button";
[2026-04-18T15:17:32.122Z] 11:17:32 AM [vite] (client) Pre-transform error: Failed to resolve import "react/jsx-dev-runtime" from "client/src/components/ui/skeleton.tsx". Does the file exist?
[2026-04-18T15:17:32.122Z] Plugin: vite:import-analysis
[2026-04-18T15:17:32.122Z] File: /home/ubuntu/viaoceanica-ai/client/src/components/ui/skeleton.tsx:5:4
[2026-04-18T15:17:32.122Z] 1  |  import { jsxDEV } from "react/jsx-dev-runtime";
[2026-04-18T15:17:32.123Z] |                          ^
[2026-04-18T15:17:32.123Z] 2  |  import { cn } from "@/lib/utils";
[2026-04-18T15:17:32.123Z] 3  |  function Skeleton({ className, ...props }) {
[2026-04-18T15:17:32.123Z] 11:17:32 AM [vite] (client) Pre-transform error: Failed to resolve import "react/jsx-dev-runtime" from "client/src/components/ui/skeleton.tsx". Does the file exist?
[2026-04-18T15:17:32.123Z] Plugin: vite:import-analysis
[2026-04-18T15:17:32.123Z] File: /home/ubuntu/viaoceanica-ai/client/src/components/ui/skeleton.tsx:5:4
[2026-04-18T15:17:32.124Z] 1  |  import { jsxDEV } from "react/jsx-dev-runtime";
[2026-04-18T15:17:32.124Z] |                          ^
[2026-04-18T15:17:32.124Z] 2  |  import { cn } from "@/lib/utils";
[2026-04-18T15:17:32.124Z] 3  |  function Skeleton({ className, ...props }) {
[2026-04-18T15:17:32.125Z] 11:17:32 AM [vite] (client) Pre-transform error: Failed to resolve import "react/jsx-dev-runtime" from "client/src/components/ui/skeleton.tsx". Does the file exist?
[2026-04-18T15:17:32.125Z] Plugin: vite:import-analysis
[2026-04-18T15:17:32.125Z] File: /home/ubuntu/viaoceanica-ai/client/src/components/ui/skeleton.tsx:5:4
[2026-04-18T15:17:32.125Z] 1  |  import { jsxDEV } from "react/jsx-dev-runtime";
[2026-04-18T15:17:32.125Z] |                          ^
[2026-04-18T15:17:32.125Z] 2  |  import { cn } from "@/lib/utils";
[2026-04-18T15:17:32.126Z] 3  |  function Skeleton({ className, ...props }) {
[2026-04-18T15:17:32.126Z] 11:17:32 AM [vite] (client) Pre-transform error: Failed to resolve import "react/jsx-dev-runtime" from "client/src/components/ui/skeleton.tsx". Does the file exist?
[2026-04-18T15:17:32.126Z] Plugin: vite:import-analysis
[2026-04-18T15:17:32.126Z] File: /home/ubuntu/viaoceanica-ai/client/src/components/ui/skeleton.tsx:5:4
[2026-04-18T15:17:32.126Z] 1  |  import { jsxDEV } from "react/jsx-dev-runtime";
[2026-04-18T15:17:32.127Z] |                          ^
[2026-04-18T15:17:32.127Z] 2  |  import { cn } from "@/lib/utils";
[2026-04-18T15:17:32.127Z] 3  |  function Skeleton({ className, ...props }) {
[2026-04-18T15:17:32.127Z] 11:17:32 AM [vite] (client) Pre-transform error: Failed to resolve import "react/jsx-dev-runtime" from "client/src/components/ui/skeleton.tsx". Does the file exist?
[2026-04-18T15:17:32.127Z] Plugin: vite:import-analysis
[2026-04-18T15:17:32.128Z] File: /home/ubuntu/viaoceanica-ai/client/src/components/ui/skeleton.tsx:5:4
[2026-04-18T15:17:32.128Z] 1  |  import { jsxDEV } from "react/jsx-dev-runtime";
[2026-04-18T15:17:32.128Z] |                          ^
[2026-04-18T15:17:32.128Z] 2  |  import { cn } from "@/lib/utils";
[2026-04-18T15:17:32.128Z] 3  |  function Skeleton({ className, ...props }) {
[2026-04-18T15:17:32.129Z] 11:17:32 AM [vite] (client) Pre-transform error: Failed to resolve import "react/jsx-dev-runtime" from "client/src/components/ui/skeleton.tsx". Does the file exist?
[2026-04-18T15:17:32.129Z] Plugin: vite:import-analysis
[2026-04-18T15:17:32.129Z] File: /home/ubuntu/viaoceanica-ai/client/src/components/ui/skeleton.tsx:5:4
[2026-04-18T15:17:32.129Z] 1  |  import { jsxDEV } from "react/jsx-dev-runtime";
[2026-04-18T15:17:32.129Z] |                          ^
[2026-04-18T15:17:32.130Z] 2  |  import { cn } from "@/lib/utils";
[2026-04-18T15:17:32.130Z] 3  |  function Skeleton({ className, ...props }) {
[2026-04-18T15:17:32.130Z] 11:17:32 AM [vite] (client) Pre-transform error: Failed to resolve import "react/jsx-dev-runtime" from "client/src/components/ui/skeleton.tsx". Does the file exist?
[2026-04-18T15:17:32.130Z] Plugin: vite:import-analysis
[2026-04-18T15:17:32.131Z] File: /home/ubuntu/viaoceanica-ai/client/src/components/ui/skeleton.tsx:5:4
[2026-04-18T15:17:32.131Z] 1  |  import { jsxDEV } from "react/jsx-dev-runtime";
[2026-04-18T15:17:32.131Z] |                          ^
[2026-04-18T15:17:32.131Z] 2  |  import { cn } from "@/lib/utils";
[2026-04-18T15:17:32.131Z] 3  |  function Skeleton({ className, ...props }) {
[2026-04-18T15:17:32.131Z] 11:17:32 AM [vite] (client) Pre-transform error: Failed to resolve import "react/jsx-dev-runtime" from "client/src/components/ui/skeleton.tsx". Does the file exist?
[2026-04-18T15:17:32.132Z] Plugin: vite:import-analysis
[2026-04-18T15:17:32.132Z] File: /home/ubuntu/viaoceanica-ai/client/src/components/ui/skeleton.tsx:5:4
[2026-04-18T15:17:32.132Z] 1  |  import { jsxDEV } from "react/jsx-dev-runtime";
[2026-04-18T15:17:32.132Z] |                          ^
[2026-04-18T15:17:32.132Z] 2  |  import { cn } from "@/lib/utils";
[2026-04-18T15:17:32.133Z] 3  |  function Skeleton({ className, ...props }) {
[2026-04-18T15:17:32.133Z] 11:17:32 AM [vite] (client) Pre-transform error: Failed to resolve import "react/jsx-dev-runtime" from "client/src/components/ui/skeleton.tsx". Does the file exist?
[2026-04-18T15:17:32.133Z] Plugin: vite:import-analysis
[2026-04-18T15:17:32.133Z] File: /home/ubuntu/viaoceanica-ai/client/src/components/ui/skeleton.tsx:5:4
[2026-04-18T15:17:32.133Z] 1  |  import { jsxDEV } from "react/jsx-dev-runtime";
[2026-04-18T15:17:32.133Z] |                          ^
[2026-04-18T15:17:32.133Z] 2  |  import { cn } from "@/lib/utils";
[2026-04-18T15:17:32.134Z] 3  |  function Skeleton({ className, ...props }) {
[2026-04-18T15:17:32.134Z] 11:17:32 AM [vite] (client) Pre-transform error: Failed to resolve import "react/jsx-dev-runtime" from "client/src/components/ui/skeleton.tsx". Does the file exist?
[2026-04-18T15:17:32.134Z] Plugin: vite:import-analysis
[2026-04-18T15:17:32.134Z] File: /home/ubuntu/viaoceanica-ai/client/src/components/ui/skeleton.tsx:5:4
[2026-04-18T15:17:32.135Z] 1  |  import { jsxDEV } from "react/jsx-dev-runtime";
[2026-04-18T15:17:32.135Z] |                          ^
[2026-04-18T15:17:32.135Z] 2  |  import { cn } from "@/lib/utils";
[2026-04-18T15:17:32.135Z] 3  |  function Skeleton({ className, ...props }) {
[2026-04-18T15:17:32.135Z] 11:17:32 AM [vite] (client) Pre-transform error: Failed to resolve import "react/jsx-dev-runtime" from "client/src/components/ui/skeleton.tsx". Does the file exist?
[2026-04-18T15:17:32.136Z] Plugin: vite:import-analysis
[2026-04-18T15:17:32.136Z] File: /home/ubuntu/viaoceanica-ai/client/src/components/ui/skeleton.tsx:5:4
[2026-04-18T15:17:32.136Z] 1  |  import { jsxDEV } from "react/jsx-dev-runtime";
[2026-04-18T15:17:32.136Z] |                          ^
[2026-04-18T15:17:32.137Z] 2  |  import { cn } from "@/lib/utils";
[2026-04-18T15:17:32.137Z] 3  |  function Skeleton({ className, ...props }) {
[2026-04-18T15:17:32.137Z] 11:17:32 AM [vite] (client) Pre-transform error: Failed to resolve import "react/jsx-dev-runtime" from "client/src/components/ui/skeleton.tsx". Does the file exist?
[2026-04-18T15:17:32.137Z] Plugin: vite:import-analysis
[2026-04-18T15:17:32.137Z] File: /home/ubuntu/viaoceanica-ai/client/src/components/ui/skeleton.tsx:5:4
[2026-04-18T15:17:32.137Z] 1  |  import { jsxDEV } from "react/jsx-dev-runtime";
[2026-04-18T15:17:32.138Z] |                          ^
[2026-04-18T15:17:32.138Z] 2  |  import { cn } from "@/lib/utils";
[2026-04-18T15:17:32.138Z] 3  |  function Skeleton({ className, ...props }) {
[2026-04-18T15:17:32.138Z] 11:17:32 AM [vite] (client) Pre-transform error: Failed to resolve import "react/jsx-dev-runtime" from "client/src/components/ui/skeleton.tsx". Does the file exist?
[2026-04-18T15:17:32.138Z] Plugin: vite:import-analysis
[2026-04-18T15:17:32.139Z] File: /home/ubuntu/viaoceanica-ai/client/src/components/ui/skeleton.tsx:5:4
[2026-04-18T15:17:32.139Z] 1  |  import { jsxDEV } from "react/jsx-dev-runtime";
[2026-04-18T15:17:32.139Z] |                          ^
[2026-04-18T15:17:32.139Z] 2  |  import { cn } from "@/lib/utils";
[2026-04-18T15:17:32.140Z] 3  |  function Skeleton({ className, ...props }) {
[2026-04-18T15:17:32.140Z] 11:17:32 AM [vite] (client) Pre-transform error: Failed to resolve import "react/jsx-dev-runtime" from "client/src/components/ui/skeleton.tsx". Does the file exist?
[2026-04-18T15:17:32.140Z] Plugin: vite:import-analysis
[2026-04-18T15:17:32.140Z] File: /home/ubuntu/viaoceanica-ai/client/src/components/ui/skeleton.tsx:5:4
[2026-04-18T15:17:32.140Z] 1  |  import { jsxDEV } from "react/jsx-dev-runtime";
[2026-04-18T15:17:32.141Z] |                          ^
[2026-04-18T15:17:32.141Z] 2  |  import { cn } from "@/lib/utils";
[2026-04-18T15:17:32.141Z] 3  |  function Skeleton({ className, ...props }) {
[2026-04-18T15:17:32.141Z] 11:17:32 AM [vite] (client) Pre-transform error: Failed to resolve import "react/jsx-dev-runtime" from "client/src/components/ui/skeleton.tsx". Does the file exist?
[2026-04-18T15:17:32.141Z] Plugin: vite:import-analysis
[2026-04-18T15:17:32.143Z] File: /home/ubuntu/viaoceanica-ai/client/src/components/ui/skeleton.tsx:5:4
[2026-04-18T15:17:32.143Z] 1  |  import { jsxDEV } from "react/jsx-dev-runtime";
[2026-04-18T15:17:32.143Z] |                          ^
[2026-04-18T15:17:32.143Z] 2  |  import { cn } from "@/lib/utils";
[2026-04-18T15:17:32.144Z] 3  |  function Skeleton({ className, ...props }) {
[2026-04-18T15:17:32.144Z] 11:17:32 AM [vite] (client) Pre-transform error: Failed to resolve import "react/jsx-dev-runtime" from "client/src/components/ui/label.tsx". Does the file exist?
[2026-04-18T15:17:32.144Z] Plugin: vite:import-analysis
[2026-04-18T15:17:32.144Z] File: /home/ubuntu/viaoceanica-ai/client/src/components/ui/label.tsx:11:4
[2026-04-18T15:17:32.145Z] 1  |  import { jsxDEV } from "react/jsx-dev-runtime";
[2026-04-18T15:17:32.145Z] |                          ^
[2026-04-18T15:17:32.145Z] 2  |  import * as LabelPrimitive from "@radix-ui/react-label";
[2026-04-18T15:17:32.145Z] 3  |  import { cn } from "@/lib/utils";
[2026-04-18T15:17:32.145Z] 11:17:32 AM [vite] (client) Pre-transform error: Failed to resolve import "react/jsx-dev-runtime" from "client/src/components/ui/label.tsx". Does the file exist?
[2026-04-18T15:17:32.145Z] Plugin: vite:import-analysis
[2026-04-18T15:17:32.146Z] File: /home/ubuntu/viaoceanica-ai/client/src/components/ui/label.tsx:11:4
[2026-04-18T15:17:32.146Z] 1  |  import { jsxDEV } from "react/jsx-dev-runtime";
[2026-04-18T15:17:32.146Z] |                          ^
[2026-04-18T15:17:32.146Z] 2  |  import * as LabelPrimitive from "@radix-ui/react-label";
[2026-04-18T15:17:32.146Z] 3  |  import { cn } from "@/lib/utils";
[2026-04-18T15:17:32.146Z] 11:17:32 AM [vite] (client) Pre-transform error: Failed to resolve import "react/jsx-dev-runtime" from "client/src/components/ui/label.tsx". Does the file exist?
[2026-04-18T15:17:32.147Z] Plugin: vite:import-analysis
[2026-04-18T15:17:32.147Z] File: /home/ubuntu/viaoceanica-ai/client/src/components/ui/label.tsx:11:4
[2026-04-18T15:17:32.147Z] 1  |  import { jsxDEV } from "react/jsx-dev-runtime";
[2026-04-18T15:17:32.148Z] |                          ^
[2026-04-18T15:17:32.148Z] 2  |  import * as LabelPrimitive from "@radix-ui/react-label";
[2026-04-18T15:17:32.149Z] 3  |  import { cn } from "@/lib/utils";
[2026-04-18T15:17:32.149Z] 11:17:32 AM [vite] (client) Pre-transform error: Failed to resolve import "react/jsx-dev-runtime" from "client/src/components/ui/label.tsx". Does the file exist?
[2026-04-18T15:17:32.149Z] Plugin: vite:import-analysis
[2026-04-18T15:17:32.149Z] File: /home/ubuntu/viaoceanica-ai/client/src/components/ui/label.tsx:11:4
[2026-04-18T15:17:32.149Z] 1  |  import { jsxDEV } from "react/jsx-dev-runtime";
[2026-04-18T15:17:32.150Z] |                          ^
[2026-04-18T15:17:32.150Z] 2  |  import * as LabelPrimitive from "@radix-ui/react-label";
[2026-04-18T15:17:32.150Z] 3  |  import { cn } from "@/lib/utils";
[2026-04-18T15:17:32.150Z] 11:17:32 AM [vite] (client) Pre-transform error: Failed to resolve import "react/jsx-dev-runtime" from "client/src/components/ui/label.tsx". Does the file exist?
[2026-04-18T15:17:32.150Z] Plugin: vite:import-analysis
[2026-04-18T15:17:32.151Z] File: /home/ubuntu/viaoceanica-ai/client/src/components/ui/label.tsx:11:4
[2026-04-18T15:17:32.151Z] 1  |  import { jsxDEV } from "react/jsx-dev-runtime";
[2026-04-18T15:17:32.151Z] |                          ^
[2026-04-18T15:17:32.152Z] 2  |  import * as LabelPrimitive from "@radix-ui/react-label";
[2026-04-18T15:17:32.152Z] 3  |  import { cn } from "@/lib/utils";
[2026-04-18T15:17:32.152Z] 11:17:32 AM [vite] (client) Pre-transform error: Failed to resolve import "react/jsx-dev-runtime" from "client/src/components/ui/label.tsx". Does the file exist?
[2026-04-18T15:17:32.152Z] Plugin: vite:import-analysis
[2026-04-18T15:17:32.153Z] File: /home/ubuntu/viaoceanica-ai/client/src/components/ui/label.tsx:11:4
[2026-04-18T15:17:32.153Z] 1  |  import { jsxDEV } from "react/jsx-dev-runtime";
[2026-04-18T15:17:32.153Z] |                          ^
[2026-04-18T15:17:32.153Z] 2  |  import * as LabelPrimitive from "@radix-ui/react-label";
[2026-04-18T15:17:32.153Z] 3  |  import { cn } from "@/lib/utils";
[2026-04-18T15:17:32.153Z] 11:17:32 AM [vite] (client) Pre-transform error: Failed to resolve import "react/jsx-dev-runtime" from "client/src/components/ui/label.tsx". Does the file exist?
[2026-04-18T15:17:32.154Z] Plugin: vite:import-analysis
[2026-04-18T15:17:32.154Z] File: /home/ubuntu/viaoceanica-ai/client/src/components/ui/label.tsx:11:4
[2026-04-18T15:17:32.154Z] 1  |  import { jsxDEV } from "react/jsx-dev-runtime";
[2026-04-18T15:17:32.154Z] |                          ^
[2026-04-18T15:17:32.154Z] 2  |  import * as LabelPrimitive from "@radix-ui/react-label";
[2026-04-18T15:17:32.155Z] 3  |  import { cn } from "@/lib/utils";
[2026-04-18T15:17:32.155Z] 11:17:32 AM [vite] (client) Pre-transform error: Failed to resolve import "react/jsx-dev-runtime" from "client/src/components/ui/label.tsx". Does the file exist?
[2026-04-18T15:17:32.155Z] Plugin: vite:import-analysis
[2026-04-18T15:17:32.155Z] File: /home/ubuntu/viaoceanica-ai/client/src/components/ui/label.tsx:11:4
[2026-04-18T15:17:32.156Z] 1  |  import { jsxDEV } from "react/jsx-dev-runtime";
[2026-04-18T15:17:32.156Z] |                          ^
[2026-04-18T15:17:32.156Z] 2  |  import * as LabelPrimitive from "@radix-ui/react-label";
[2026-04-18T15:17:32.156Z] 3  |  import { cn } from "@/lib/utils";
[2026-04-18T15:17:32.156Z] 11:17:32 AM [vite] (client) Pre-transform error: Failed to resolve import "react/jsx-dev-runtime" from "client/src/components/ui/label.tsx". Does the file exist?
[2026-04-18T15:17:32.157Z] Plugin: vite:import-analysis
[2026-04-18T15:17:32.157Z] File: /home/ubuntu/viaoceanica-ai/client/src/components/ui/label.tsx:11:4
[2026-04-18T15:17:32.157Z] 1  |  import { jsxDEV } from "react/jsx-dev-runtime";
[2026-04-18T15:17:32.157Z] |                          ^
[2026-04-18T15:17:32.157Z] 2  |  import * as LabelPrimitive from "@radix-ui/react-label";
[2026-04-18T15:17:32.157Z] 3  |  import { cn } from "@/lib/utils";
[2026-04-18T15:17:32.158Z] 11:17:32 AM [vite] (client) Pre-transform error: Failed to resolve import "react/jsx-dev-runtime" from "client/src/components/ui/label.tsx". Does the file exist?
[2026-04-18T15:17:32.159Z] Plugin: vite:import-analysis
[2026-04-18T15:17:32.159Z] File: /home/ubuntu/viaoceanica-ai/client/src/components/ui/label.tsx:11:4
[2026-04-18T15:17:32.159Z] 1  |  import { jsxDEV } from "react/jsx-dev-runtime";
[2026-04-18T15:17:32.159Z] |                          ^
[2026-04-18T15:17:32.160Z] 2  |  import * as LabelPrimitive from "@radix-ui/react-label";
[2026-04-18T15:17:32.160Z] 3  |  import { cn } from "@/lib/utils";
[2026-04-18T15:17:32.160Z] 11:17:32 AM [vite] (client) Pre-transform error: Failed to resolve import "react/jsx-dev-runtime" from "client/src/components/ui/label.tsx". Does the file exist?
[2026-04-18T15:17:32.160Z] Plugin: vite:import-analysis
[2026-04-18T15:17:32.160Z] File: /home/ubuntu/viaoceanica-ai/client/src/components/ui/label.tsx:11:4
[2026-04-18T15:17:32.160Z] 1  |  import { jsxDEV } from "react/jsx-dev-runtime";
[2026-04-18T15:17:32.161Z] |                          ^
[2026-04-18T15:17:32.161Z] 2  |  import * as LabelPrimitive from "@radix-ui/react-label";
[2026-04-18T15:17:32.161Z] 3  |  import { cn } from "@/lib/utils";
[2026-04-18T15:17:32.161Z] 11:17:32 AM [vite] (client) Pre-transform error: Failed to resolve import "react/jsx-dev-runtime" from "client/src/components/ui/label.tsx". Does the file exist?
[2026-04-18T15:17:32.161Z] Plugin: vite:import-analysis
[2026-04-18T15:17:32.161Z] File: /home/ubuntu/viaoceanica-ai/client/src/components/ui/label.tsx:11:4
[2026-04-18T15:17:32.162Z] 1  |  import { jsxDEV } from "react/jsx-dev-runtime";
[2026-04-18T15:17:32.162Z] |                          ^
[2026-04-18T15:17:32.162Z] 2  |  import * as LabelPrimitive from "@radix-ui/react-label";
[2026-04-18T15:17:32.162Z] 3  |  import { cn } from "@/lib/utils";
[2026-04-18T15:17:32.162Z] 11:17:32 AM [vite] (client) Pre-transform error: Failed to resolve import "react/jsx-dev-runtime" from "client/src/components/ui/input.tsx". Does the file exist?
[2026-04-18T15:17:32.163Z] Plugin: vite:import-analysis
[2026-04-18T15:17:32.163Z] File: /home/ubuntu/viaoceanica-ai/client/src/components/ui/input.tsx:53:4
[2026-04-18T15:17:32.163Z] 1  |  import { jsxDEV } from "react/jsx-dev-runtime";
[2026-04-18T15:17:32.163Z] |                          ^
[2026-04-18T15:17:32.164Z] 2  |  var _s = $RefreshSig$();
[2026-04-18T15:17:32.164Z] 3  |  import { useDialogComposition } from "@/components/ui/dialog";
[2026-04-18T15:17:32.164Z] 11:17:32 AM [vite] (client) Pre-transform error: Failed to resolve import "react/jsx-dev-runtime" from "client/src/components/ui/input.tsx". Does the file exist?
[2026-04-18T15:17:32.164Z] Plugin: vite:import-analysis
[2026-04-18T15:17:32.164Z] File: /home/ubuntu/viaoceanica-ai/client/src/components/ui/input.tsx:53:4
[2026-04-18T15:17:32.165Z] 1  |  import { jsxDEV } from "react/jsx-dev-runtime";
[2026-04-18T15:17:32.165Z] |                          ^
[2026-04-18T15:17:32.165Z] 2  |  var _s = $RefreshSig$();
[2026-04-18T15:17:32.165Z] 3  |  import { useDialogComposition } from "@/components/ui/dialog";
[2026-04-18T15:17:32.166Z] 11:17:32 AM [vite] (client) Pre-transform error: Failed to resolve import "react/jsx-dev-runtime" from "client/src/components/ui/input.tsx". Does the file exist?
[2026-04-18T15:17:32.166Z] Plugin: vite:import-analysis
[2026-04-18T15:17:32.166Z] File: /home/ubuntu/viaoceanica-ai/client/src/components/ui/input.tsx:53:4
[2026-04-18T15:17:32.166Z] 1  |  import { jsxDEV } from "react/jsx-dev-runtime";
[2026-04-18T15:17:32.166Z] |                          ^
[2026-04-18T15:17:32.167Z] 2  |  var _s = $RefreshSig$();
[2026-04-18T15:17:32.167Z] 3  |  import { useDialogComposition } from "@/components/ui/dialog";
[2026-04-18T15:17:32.167Z] 11:17:32 AM [vite] (client) Pre-transform error: Failed to resolve import "react/jsx-dev-runtime" from "client/src/components/ui/input.tsx". Does the file exist?
[2026-04-18T15:17:32.167Z] Plugin: vite:import-analysis
[2026-04-18T15:17:32.167Z] File: /home/ubuntu/viaoceanica-ai/client/src/components/ui/input.tsx:53:4
[2026-04-18T15:17:32.168Z] 1  |  import { jsxDEV } from "react/jsx-dev-runtime";
[2026-04-18T15:17:32.168Z] |                          ^
[2026-04-18T15:17:32.168Z] 2  |  var _s = $RefreshSig$();
[2026-04-18T15:17:32.169Z] 3  |  import { useDialogComposition } from "@/components/ui/dialog";
[2026-04-18T15:17:32.169Z] 11:17:32 AM [vite] (client) Pre-transform error: Failed to resolve import "react/jsx-dev-runtime" from "client/src/components/ui/input.tsx". Does the file exist?
[2026-04-18T15:17:32.169Z] Plugin: vite:import-analysis
[2026-04-18T15:17:32.169Z] File: /home/ubuntu/viaoceanica-ai/client/src/components/ui/input.tsx:53:4
[2026-04-18T15:17:32.169Z] 1  |  import { jsxDEV } from "react/jsx-dev-runtime";
[2026-04-18T15:17:32.170Z] |                          ^
[2026-04-18T15:17:32.170Z] 2  |  var _s = $RefreshSig$();
[2026-04-18T15:17:32.170Z] 3  |  import { useDialogComposition } from "@/components/ui/dialog";
[2026-04-18T15:17:32.170Z] 11:17:32 AM [vite] (client) Pre-transform error: Failed to resolve import "react/jsx-dev-runtime" from "client/src/components/ui/input.tsx". Does the file exist?
[2026-04-18T15:17:32.170Z] Plugin: vite:import-analysis
[2026-04-18T15:17:32.171Z] File: /home/ubuntu/viaoceanica-ai/client/src/components/ui/input.tsx:53:4
[2026-04-18T15:17:32.171Z] 1  |  import { jsxDEV } from "react/jsx-dev-runtime";
[2026-04-18T15:17:32.171Z] |                          ^
[2026-04-18T15:17:32.171Z] 2  |  var _s = $RefreshSig$();
[2026-04-18T15:17:32.171Z] 3  |  import { useDialogComposition } from "@/components/ui/dialog";
[2026-04-18T15:17:32.172Z] 11:17:32 AM [vite] (client) Pre-transform error: Failed to resolve import "react/jsx-dev-runtime" from "client/src/components/ui/input.tsx". Does the file exist?
[2026-04-18T15:17:32.172Z] Plugin: vite:import-analysis
[2026-04-18T15:17:32.172Z] File: /home/ubuntu/viaoceanica-ai/client/src/components/ui/input.tsx:53:4
[2026-04-18T15:17:32.172Z] 1  |  import { jsxDEV } from "react/jsx-dev-runtime";
[2026-04-18T15:17:32.172Z] |                          ^
[2026-04-18T15:17:32.173Z] 2  |  var _s = $RefreshSig$();
[2026-04-18T15:17:32.173Z] 3  |  import { useDialogComposition } from "@/components/ui/dialog";
[2026-04-18T15:17:32.173Z] 11:17:32 AM [vite] (client) Pre-transform error: Failed to resolve import "react/jsx-dev-runtime" from "client/src/components/ui/input.tsx". Does the file exist?
[2026-04-18T15:17:32.173Z] Plugin: vite:import-analysis
[2026-04-18T15:17:32.173Z] File: /home/ubuntu/viaoceanica-ai/client/src/components/ui/input.tsx:53:4
[2026-04-18T15:17:32.173Z] 1  |  import { jsxDEV } from "react/jsx-dev-runtime";
[2026-04-18T15:17:32.174Z] |                          ^
[2026-04-18T15:17:32.174Z] 2  |  var _s = $RefreshSig$();
[2026-04-18T15:17:32.174Z] 3  |  import { useDialogComposition } from "@/components/ui/dialog";
[2026-04-18T15:17:32.174Z] 11:17:32 AM [vite] (client) Pre-transform error: Failed to resolve import "react/jsx-dev-runtime" from "client/src/components/ui/input.tsx". Does the file exist?
[2026-04-18T15:17:32.174Z] Plugin: vite:import-analysis
[2026-04-18T15:17:32.174Z] File: /home/ubuntu/viaoceanica-ai/client/src/components/ui/input.tsx:53:4
[2026-04-18T15:17:32.175Z] 1  |  import { jsxDEV } from "react/jsx-dev-runtime";
[2026-04-18T15:17:32.175Z] |                          ^
[2026-04-18T15:17:32.175Z] 2  |  var _s = $RefreshSig$();
[2026-04-18T15:17:32.176Z] 3  |  import { useDialogComposition } from "@/components/ui/dialog";
[2026-04-18T15:17:32.176Z] 11:17:32 AM [vite] (client) Pre-transform error: Failed to resolve import "react/jsx-dev-runtime" from "client/src/components/ui/input.tsx". Does the file exist?
[2026-04-18T15:17:32.176Z] Plugin: vite:import-analysis
[2026-04-18T15:17:32.176Z] File: /home/ubuntu/viaoceanica-ai/client/src/components/ui/input.tsx:53:4
[2026-04-18T15:17:32.177Z] 1  |  import { jsxDEV } from "react/jsx-dev-runtime";
[2026-04-18T15:17:32.177Z] |                          ^
[2026-04-18T15:17:32.177Z] 2  |  var _s = $RefreshSig$();
[2026-04-18T15:17:32.177Z] 3  |  import { useDialogComposition } from "@/components/ui/dialog";
[2026-04-18T15:17:32.177Z] 11:17:32 AM [vite] (client) Pre-transform error: Failed to resolve import "react/jsx-dev-runtime" from "client/src/components/ui/input.tsx". Does the file exist?
[2026-04-18T15:17:32.178Z] Plugin: vite:import-analysis
[2026-04-18T15:17:32.178Z] File: /home/ubuntu/viaoceanica-ai/client/src/components/ui/input.tsx:53:4
[2026-04-18T15:17:32.178Z] 1  |  import { jsxDEV } from "react/jsx-dev-runtime";
[2026-04-18T15:17:32.178Z] |                          ^
[2026-04-18T15:17:32.178Z] 2  |  var _s = $RefreshSig$();
[2026-04-18T15:17:32.178Z] 3  |  import { useDialogComposition } from "@/components/ui/dialog";
[2026-04-18T15:17:32.179Z] 11:17:32 AM [vite] (client) Pre-transform error: Failed to resolve import "react/jsx-dev-runtime" from "client/src/components/ui/input.tsx". Does the file exist?
[2026-04-18T15:17:32.179Z] Plugin: vite:import-analysis
[2026-04-18T15:17:32.179Z] File: /home/ubuntu/viaoceanica-ai/client/src/components/ui/input.tsx:53:4
[2026-04-18T15:17:32.179Z] 1  |  import { jsxDEV } from "react/jsx-dev-runtime";
[2026-04-18T15:17:32.179Z] |                          ^
[2026-04-18T15:17:32.180Z] 2  |  var _s = $RefreshSig$();
[2026-04-18T15:17:32.180Z] 3  |  import { useDialogComposition } from "@/components/ui/dialog";
[2026-04-18T15:17:32.180Z] 11:17:32 AM [vite] (client) Pre-transform error: Failed to resolve import "react/jsx-dev-runtime" from "client/src/components/ui/input.tsx". Does the file exist?
[2026-04-18T15:17:32.180Z] Plugin: vite:import-analysis
[2026-04-18T15:17:32.181Z] File: /home/ubuntu/viaoceanica-ai/client/src/components/ui/input.tsx:53:4
[2026-04-18T15:17:32.181Z] 1  |  import { jsxDEV } from "react/jsx-dev-runtime";
[2026-04-18T15:17:32.181Z] |                          ^
[2026-04-18T15:17:32.181Z] 2  |  var _s = $RefreshSig$();
[2026-04-18T15:17:32.181Z] 3  |  import { useDialogComposition } from "@/components/ui/dialog";
[2026-04-18T15:17:32.182Z] 11:17:32 AM [vite] (client) Pre-transform error: Failed to resolve import "react/jsx-dev-runtime" from "client/src/components/ui/input.tsx". Does the file exist?
[2026-04-18T15:17:32.182Z] Plugin: vite:import-analysis
[2026-04-18T15:17:32.182Z] File: /home/ubuntu/viaoceanica-ai/client/src/components/ui/input.tsx:53:4
[2026-04-18T15:17:32.182Z] 1  |  import { jsxDEV } from "react/jsx-dev-runtime";
[2026-04-18T15:17:32.183Z] |                          ^
[2026-04-18T15:17:32.183Z] 2  |  var _s = $RefreshSig$();
[2026-04-18T15:17:32.183Z] 3  |  import { useDialogComposition } from "@/components/ui/dialog";
[2026-04-18T15:17:32.183Z] 11:17:32 AM [vite] (client) Pre-transform error: Failed to resolve import "react/jsx-dev-runtime" from "client/src/components/ui/badge.tsx". Does the file exist?
[2026-04-18T15:17:32.183Z] Plugin: vite:import-analysis
[2026-04-18T15:17:32.183Z] File: /home/ubuntu/viaoceanica-ai/client/src/components/ui/badge.tsx:38:4
[2026-04-18T15:17:32.184Z] 1  |  import { jsxDEV } from "react/jsx-dev-runtime";
[2026-04-18T15:17:32.184Z] |                          ^
[2026-04-18T15:17:32.184Z] 2  |  import { Slot } from "@radix-ui/react-slot";
[2026-04-18T15:17:32.185Z] 3  |  import { cva } from "class-variance-authority";
[2026-04-18T15:17:32.185Z] 11:17:32 AM [vite] (client) Pre-transform error: Failed to resolve import "react/jsx-dev-runtime" from "client/src/components/ui/badge.tsx". Does the file exist?
[2026-04-18T15:17:32.185Z] Plugin: vite:import-analysis
[2026-04-18T15:17:32.185Z] File: /home/ubuntu/viaoceanica-ai/client/src/components/ui/badge.tsx:38:4
[2026-04-18T15:17:32.185Z] 1  |  import { jsxDEV } from "react/jsx-dev-runtime";
[2026-04-18T15:17:32.186Z] |                          ^
[2026-04-18T15:17:32.186Z] 2  |  import { Slot } from "@radix-ui/react-slot";
[2026-04-18T15:17:32.186Z] 3  |  import { cva } from "class-variance-authority";
[2026-04-18T15:17:32.186Z] 11:17:32 AM [vite] (client) Pre-transform error: Failed to resolve import "react/jsx-dev-runtime" from "client/src/components/ui/badge.tsx". Does the file exist?
[2026-04-18T15:17:32.186Z] Plugin: vite:import-analysis
[2026-04-18T15:17:32.186Z] File: /home/ubuntu/viaoceanica-ai/client/src/components/ui/badge.tsx:38:4
[2026-04-18T15:17:32.187Z] 1  |  import { jsxDEV } from "react/jsx-dev-runtime";
[2026-04-18T15:17:32.187Z] |                          ^
[2026-04-18T15:17:32.187Z] 2  |  import { Slot } from "@radix-ui/react-slot";
[2026-04-18T15:17:32.187Z] 3  |  import { cva } from "class-variance-authority";
[2026-04-18T15:17:32.187Z] 11:17:32 AM [vite] (client) Pre-transform error: Failed to resolve import "react/jsx-dev-runtime" from "client/src/components/ui/badge.tsx". Does the file exist?
[2026-04-18T15:17:32.187Z] Plugin: vite:import-analysis
[2026-04-18T15:17:32.188Z] File: /home/ubuntu/viaoceanica-ai/client/src/components/ui/badge.tsx:38:4
[2026-04-18T15:17:32.188Z] 1  |  import { jsxDEV } from "react/jsx-dev-runtime";
[2026-04-18T15:17:32.188Z] |                          ^
[2026-04-18T15:17:32.188Z] 2  |  import { Slot } from "@radix-ui/react-slot";
[2026-04-18T15:17:32.188Z] 3  |  import { cva } from "class-variance-authority";
[2026-04-18T15:17:32.189Z] 11:17:32 AM [vite] (client) Pre-transform error: Failed to resolve import "react/jsx-dev-runtime" from "client/src/components/ui/badge.tsx". Does the file exist?
[2026-04-18T15:17:32.189Z] Plugin: vite:import-analysis
[2026-04-18T15:17:32.189Z] File: /home/ubuntu/viaoceanica-ai/client/src/components/ui/badge.tsx:38:4
[2026-04-18T15:17:32.189Z] 1  |  import { jsxDEV } from "react/jsx-dev-runtime";
[2026-04-18T15:17:32.189Z] |                          ^
[2026-04-18T15:17:32.190Z] 2  |  import { Slot } from "@radix-ui/react-slot";
[2026-04-18T15:17:32.190Z] 3  |  import { cva } from "class-variance-authority";
[2026-04-18T15:17:32.190Z] 11:17:32 AM [vite] (client) Pre-transform error: Failed to resolve import "react/jsx-dev-runtime" from "client/src/components/ui/badge.tsx". Does the file exist?
[2026-04-18T15:17:32.190Z] Plugin: vite:import-analysis
[2026-04-18T15:17:32.190Z] File: /home/ubuntu/viaoceanica-ai/client/src/components/ui/badge.tsx:38:4
[2026-04-18T15:17:32.191Z] 1  |  import { jsxDEV } from "react/jsx-dev-runtime";
[2026-04-18T15:17:32.191Z] |                          ^
[2026-04-18T15:17:32.191Z] 2  |  import { Slot } from "@radix-ui/react-slot";
[2026-04-18T15:17:32.191Z] 3  |  import { cva } from "class-variance-authority";
[2026-04-18T15:17:32.191Z] 11:17:32 AM [vite] (client) Pre-transform error: Failed to resolve import "react/jsx-dev-runtime" from "client/src/components/ui/badge.tsx". Does the file exist?
[2026-04-18T15:17:32.192Z] Plugin: vite:import-analysis
[2026-04-18T15:17:32.192Z] File: /home/ubuntu/viaoceanica-ai/client/src/components/ui/badge.tsx:38:4
[2026-04-18T15:17:32.192Z] 1  |  import { jsxDEV } from "react/jsx-dev-runtime";
[2026-04-18T15:17:32.192Z] |                          ^
[2026-04-18T15:17:32.192Z] 2  |  import { Slot } from "@radix-ui/react-slot";
[2026-04-18T15:17:32.193Z] 3  |  import { cva } from "class-variance-authority";
[2026-04-18T15:17:32.193Z] 11:17:32 AM [vite] (client) Pre-transform error: Failed to resolve import "react/jsx-dev-runtime" from "client/src/components/ui/badge.tsx". Does the file exist?
[2026-04-18T15:17:32.193Z] Plugin: vite:import-analysis
[2026-04-18T15:17:32.193Z] File: /home/ubuntu/viaoceanica-ai/client/src/components/ui/badge.tsx:38:4
[2026-04-18T15:17:32.193Z] 1  |  import { jsxDEV } from "react/jsx-dev-runtime";
[2026-04-18T15:17:32.194Z] |                          ^
[2026-04-18T15:17:32.194Z] 2  |  import { Slot } from "@radix-ui/react-slot";
[2026-04-18T15:17:32.194Z] 3  |  import { cva } from "class-variance-authority";
[2026-04-18T15:17:32.194Z] 11:17:32 AM [vite] (client) Pre-transform error: Failed to resolve import "react/jsx-dev-runtime" from "client/src/components/ui/badge.tsx". Does the file exist?
[2026-04-18T15:17:32.194Z] Plugin: vite:import-analysis
[2026-04-18T15:17:32.194Z] File: /home/ubuntu/viaoceanica-ai/client/src/components/ui/badge.tsx:38:4
[2026-04-18T15:17:32.195Z] 1  |  import { jsxDEV } from "react/jsx-dev-runtime";
[2026-04-18T15:17:32.195Z] |                          ^
[2026-04-18T15:17:32.195Z] 2  |  import { Slot } from "@radix-ui/react-slot";
[2026-04-18T15:17:32.195Z] 3  |  import { cva } from "class-variance-authority";
[2026-04-18T15:17:32.195Z] 11:17:32 AM [vite] (client) Pre-transform error: Failed to resolve import "react/jsx-dev-runtime" from "client/src/components/ui/badge.tsx". Does the file exist?
[2026-04-18T15:17:32.195Z] Plugin: vite:import-analysis
[2026-04-18T15:17:32.195Z] File: /home/ubuntu/viaoceanica-ai/client/src/components/ui/badge.tsx:38:4
[2026-04-18T15:17:32.196Z] 1  |  import { jsxDEV } from "react/jsx-dev-runtime";
[2026-04-18T15:17:32.196Z] |                          ^
[2026-04-18T15:17:32.196Z] 2  |  import { Slot } from "@radix-ui/react-slot";
[2026-04-18T15:17:32.196Z] 3  |  import { cva } from "class-variance-authority";
[2026-04-18T15:17:32.196Z] 11:17:32 AM [vite] (client) Pre-transform error: Failed to resolve import "react/jsx-dev-runtime" from "client/src/components/ui/badge.tsx". Does the file exist?
[2026-04-18T15:17:32.197Z] Plugin: vite:import-analysis
[2026-04-18T15:17:32.197Z] File: /home/ubuntu/viaoceanica-ai/client/src/components/ui/badge.tsx:38:4
[2026-04-18T15:17:32.197Z] 1  |  import { jsxDEV } from "react/jsx-dev-runtime";
[2026-04-18T15:17:32.197Z] |                          ^
[2026-04-18T15:17:32.198Z] 2  |  import { Slot } from "@radix-ui/react-slot";
[2026-04-18T15:17:32.198Z] 3  |  import { cva } from "class-variance-authority";
[2026-04-18T15:17:32.198Z] 11:17:32 AM [vite] (client) Pre-transform error: Failed to resolve import "react/jsx-dev-runtime" from "client/src/components/ui/badge.tsx". Does the file exist?
[2026-04-18T15:17:32.198Z] Plugin: vite:import-analysis
[2026-04-18T15:17:32.198Z] File: /home/ubuntu/viaoceanica-ai/client/src/components/ui/badge.tsx:38:4
[2026-04-18T15:17:32.198Z] 1  |  import { jsxDEV } from "react/jsx-dev-runtime";
[2026-04-18T15:17:32.199Z] |                          ^
[2026-04-18T15:17:32.199Z] 2  |  import { Slot } from "@radix-ui/react-slot";
[2026-04-18T15:17:32.199Z] 3  |  import { cva } from "class-variance-authority";
[2026-04-18T15:17:32.199Z] 11:17:32 AM [vite] (client) Pre-transform error: Failed to resolve import "react/jsx-dev-runtime" from "client/src/components/ui/badge.tsx". Does the file exist?
[2026-04-18T15:17:32.199Z] Plugin: vite:import-analysis
[2026-04-18T15:17:32.199Z] File: /home/ubuntu/viaoceanica-ai/client/src/components/ui/badge.tsx:38:4
[2026-04-18T15:17:32.200Z] 1  |  import { jsxDEV } from "react/jsx-dev-runtime";
[2026-04-18T15:17:32.200Z] |                          ^
[2026-04-18T15:17:32.200Z] 2  |  import { Slot } from "@radix-ui/react-slot";
[2026-04-18T15:17:32.200Z] 3  |  import { cva } from "class-variance-authority";
[2026-04-18T15:17:32.200Z] 11:17:32 AM [vite] (client) Pre-transform error: Failed to resolve import "react/jsx-dev-runtime" from "client/src/components/ui/card.tsx". Does the file exist?
[2026-04-18T15:17:32.200Z] Plugin: vite:import-analysis
[2026-04-18T15:17:32.201Z] File: /home/ubuntu/viaoceanica-ai/client/src/components/ui/card.tsx:7:4
[2026-04-18T15:17:32.201Z] 1  |  import { jsxDEV } from "react/jsx-dev-runtime";
[2026-04-18T15:17:32.201Z] |                          ^
[2026-04-18T15:17:32.201Z] 2  |  import { cn } from "@/lib/utils";
[2026-04-18T15:17:32.202Z] 3  |  function Card({ className, ...props }) {
[2026-04-18T15:17:32.202Z] 11:17:32 AM [vite] (client) Pre-transform error: Failed to resolve import "react/jsx-dev-runtime" from "client/src/components/ui/card.tsx". Does the file exist?
[2026-04-18T15:17:32.202Z] Plugin: vite:import-analysis
[2026-04-18T15:17:32.202Z] File: /home/ubuntu/viaoceanica-ai/client/src/components/ui/card.tsx:7:4
[2026-04-18T15:17:32.202Z] 1  |  import { jsxDEV } from "react/jsx-dev-runtime";
[2026-04-18T15:17:32.202Z] |                          ^
[2026-04-18T15:17:32.203Z] 2  |  import { cn } from "@/lib/utils";
[2026-04-18T15:17:32.203Z] 3  |  function Card({ className, ...props }) {
[2026-04-18T15:17:32.203Z] 11:17:32 AM [vite] (client) Pre-transform error: Failed to resolve import "react/jsx-dev-runtime" from "client/src/components/ui/card.tsx". Does the file exist?
[2026-04-18T15:17:32.203Z] Plugin: vite:import-analysis
[2026-04-18T15:17:32.203Z] File: /home/ubuntu/viaoceanica-ai/client/src/components/ui/card.tsx:7:4
[2026-04-18T15:17:32.204Z] 1  |  import { jsxDEV } from "react/jsx-dev-runtime";
[2026-04-18T15:17:32.204Z] |                          ^
[2026-04-18T15:17:32.204Z] 2  |  import { cn } from "@/lib/utils";
[2026-04-18T15:17:32.204Z] 3  |  function Card({ className, ...props }) {
[2026-04-18T15:17:32.204Z] 11:17:32 AM [vite] (client) Pre-transform error: Failed to resolve import "react/jsx-dev-runtime" from "client/src/components/ui/card.tsx". Does the file exist?
[2026-04-18T15:17:32.204Z] Plugin: vite:import-analysis
[2026-04-18T15:17:32.205Z] File: /home/ubuntu/viaoceanica-ai/client/src/components/ui/card.tsx:7:4
[2026-04-18T15:17:32.205Z] 1  |  import { jsxDEV } from "react/jsx-dev-runtime";
[2026-04-18T15:17:32.205Z] |                          ^
[2026-04-18T15:17:32.205Z] 2  |  import { cn } from "@/lib/utils";
[2026-04-18T15:17:32.205Z] 3  |  function Card({ className, ...props }) {
[2026-04-18T15:17:32.206Z] 11:17:32 AM [vite] (client) Pre-transform error: Failed to resolve import "react/jsx-dev-runtime" from "client/src/components/ui/card.tsx". Does the file exist?
[2026-04-18T15:17:32.206Z] Plugin: vite:import-analysis
[2026-04-18T15:17:32.206Z] File: /home/ubuntu/viaoceanica-ai/client/src/components/ui/card.tsx:7:4
[2026-04-18T15:17:32.206Z] 1  |  import { jsxDEV } from "react/jsx-dev-runtime";
[2026-04-18T15:17:32.206Z] |                          ^
[2026-04-18T15:17:32.207Z] 2  |  import { cn } from "@/lib/utils";
[2026-04-18T15:17:32.207Z] 3  |  function Card({ className, ...props }) {
[2026-04-18T15:17:32.207Z] 11:17:32 AM [vite] (client) Pre-transform error: Failed to resolve import "react/jsx-dev-runtime" from "client/src/components/ui/card.tsx". Does the file exist?
[2026-04-18T15:17:32.207Z] Plugin: vite:import-analysis
[2026-04-18T15:17:32.207Z] File: /home/ubuntu/viaoceanica-ai/client/src/components/ui/card.tsx:7:4
[2026-04-18T15:17:32.207Z] 1  |  import { jsxDEV } from "react/jsx-dev-runtime";
[2026-04-18T15:17:32.208Z] |                          ^
[2026-04-18T15:17:32.208Z] 2  |  import { cn } from "@/lib/utils";
[2026-04-18T15:17:32.208Z] 3  |  function Card({ className, ...props }) {
[2026-04-18T15:17:32.208Z] 11:17:32 AM [vite] (client) Pre-transform error: Failed to resolve import "react/jsx-dev-runtime" from "client/src/components/ui/card.tsx". Does the file exist?
[2026-04-18T15:17:32.209Z] Plugin: vite:import-analysis
[2026-04-18T15:17:32.209Z] File: /home/ubuntu/viaoceanica-ai/client/src/components/ui/card.tsx:7:4
[2026-04-18T15:17:32.209Z] 1  |  import { jsxDEV } from "react/jsx-dev-runtime";
[2026-04-18T15:17:32.209Z] |                          ^
[2026-04-18T15:17:32.210Z] 2  |  import { cn } from "@/lib/utils";
[2026-04-18T15:17:32.210Z] 3  |  function Card({ className, ...props }) {
[2026-04-18T15:17:32.210Z] 11:17:32 AM [vite] (client) Pre-transform error: Failed to resolve import "react/jsx-dev-runtime" from "client/src/components/ui/card.tsx". Does the file exist?
[2026-04-18T15:17:32.210Z] Plugin: vite:import-analysis
[2026-04-18T15:17:32.210Z] File: /home/ubuntu/viaoceanica-ai/client/src/components/ui/card.tsx:7:4
[2026-04-18T15:17:32.211Z] 1  |  import { jsxDEV } from "react/jsx-dev-runtime";
[2026-04-18T15:17:32.211Z] |                          ^
[2026-04-18T15:17:32.211Z] 2  |  import { cn } from "@/lib/utils";
[2026-04-18T15:17:32.211Z] 3  |  function Card({ className, ...props }) {
[2026-04-18T15:17:32.211Z] 11:17:32 AM [vite] (client) Pre-transform error: Failed to resolve import "react/jsx-dev-runtime" from "client/src/components/ui/card.tsx". Does the file exist?
[2026-04-18T15:17:32.212Z] Plugin: vite:import-analysis
[2026-04-18T15:17:32.212Z] File: /home/ubuntu/viaoceanica-ai/client/src/components/ui/card.tsx:7:4
[2026-04-18T15:17:32.212Z] 1  |  import { jsxDEV } from "react/jsx-dev-runtime";
[2026-04-18T15:17:32.212Z] |                          ^
[2026-04-18T15:17:32.212Z] 2  |  import { cn } from "@/lib/utils";
[2026-04-18T15:17:32.213Z] 3  |  function Card({ className, ...props }) {
[2026-04-18T15:17:32.213Z] 11:17:32 AM [vite] (client) Pre-transform error: Failed to resolve import "react/jsx-dev-runtime" from "client/src/components/ui/card.tsx". Does the file exist?
[2026-04-18T15:17:32.213Z] Plugin: vite:import-analysis
[2026-04-18T15:17:32.213Z] File: /home/ubuntu/viaoceanica-ai/client/src/components/ui/card.tsx:7:4
[2026-04-18T15:17:32.213Z] 1  |  import { jsxDEV } from "react/jsx-dev-runtime";
[2026-04-18T15:17:32.213Z] |                          ^
[2026-04-18T15:17:32.214Z] 2  |  import { cn } from "@/lib/utils";
[2026-04-18T15:17:32.214Z] 3  |  function Card({ className, ...props }) {
[2026-04-18T15:17:32.214Z] 11:17:32 AM [vite] (client) Pre-transform error: Failed to resolve import "react/jsx-dev-runtime" from "client/src/components/ui/card.tsx". Does the file exist?
[2026-04-18T15:17:32.214Z] Plugin: vite:import-analysis
[2026-04-18T15:17:32.215Z] File: /home/ubuntu/viaoceanica-ai/client/src/components/ui/card.tsx:7:4
[2026-04-18T15:17:32.215Z] 1  |  import { jsxDEV } from "react/jsx-dev-runtime";
[2026-04-18T15:17:32.216Z] |                          ^
[2026-04-18T15:17:32.216Z] 2  |  import { cn } from "@/lib/utils";
[2026-04-18T15:17:32.216Z] 3  |  function Card({ className, ...props }) {
[2026-04-18T15:17:32.217Z] 11:17:32 AM [vite] (client) Pre-transform error: Failed to resolve import "react/jsx-dev-runtime" from "client/src/components/ui/card.tsx". Does the file exist?
[2026-04-18T15:17:32.218Z] Plugin: vite:import-analysis
[2026-04-18T15:17:32.218Z] File: /home/ubuntu/viaoceanica-ai/client/src/components/ui/card.tsx:7:4
[2026-04-18T15:17:32.218Z] 1  |  import { jsxDEV } from "react/jsx-dev-runtime";
[2026-04-18T15:17:32.218Z] |                          ^
[2026-04-18T15:17:32.218Z] 2  |  import { cn } from "@/lib/utils";
[2026-04-18T15:17:32.219Z] 3  |  function Card({ className, ...props }) {
[2026-04-18T15:17:32.219Z] 11:17:32 AM [vite] (client) Pre-transform error: Failed to resolve import "react/jsx-dev-runtime" from "client/src/components/ui/card.tsx". Does the file exist?
[2026-04-18T15:17:32.219Z] Plugin: vite:import-analysis
[2026-04-18T15:17:32.220Z] File: /home/ubuntu/viaoceanica-ai/client/src/components/ui/card.tsx:7:4
[2026-04-18T15:17:32.220Z] 1  |  import { jsxDEV } from "react/jsx-dev-runtime";
[2026-04-18T15:17:32.220Z] |                          ^
[2026-04-18T15:17:32.220Z] 2  |  import { cn } from "@/lib/utils";
[2026-04-18T15:17:32.220Z] 3  |  function Card({ className, ...props }) {
[2026-04-18T15:17:32.221Z] 11:17:32 AM [vite] (client) Pre-transform error: Failed to resolve import "react/jsx-dev-runtime" from "client/src/components/ui/card.tsx". Does the file exist?
[2026-04-18T15:17:32.221Z] Plugin: vite:import-analysis
[2026-04-18T15:17:32.221Z] File: /home/ubuntu/viaoceanica-ai/client/src/components/ui/card.tsx:7:4
[2026-04-18T15:17:32.221Z] 1  |  import { jsxDEV } from "react/jsx-dev-runtime";
[2026-04-18T15:17:32.221Z] |                          ^
[2026-04-18T15:17:32.221Z] 2  |  import { cn } from "@/lib/utils";
[2026-04-18T15:17:32.222Z] 3  |  function Card({ className, ...props }) {
[2026-04-18T15:17:32.222Z] 11:17:32 AM [vite] (client) Pre-transform error: Failed to resolve import "react/jsx-dev-runtime" from "client/src/components/ui/card.tsx". Does the file exist?
[2026-04-18T15:17:32.222Z] Plugin: vite:import-analysis
[2026-04-18T15:17:32.222Z] File: /home/ubuntu/viaoceanica-ai/client/src/components/ui/card.tsx:7:4
[2026-04-18T15:17:32.234Z] 1  |  import { jsxDEV } from "react/jsx-dev-runtime";
[2026-04-18T15:17:32.235Z] |                          ^
[2026-04-18T15:17:32.252Z] 2  |  import { cn } from "@/lib/utils";
[2026-04-18T15:17:32.252Z] 3  |  function Card({ className, ...props }) {
[2026-04-18T15:17:32.252Z] 11:17:32 AM [vite] (client) Pre-transform error: Failed to resolve import "react/jsx-dev-runtime" from "client/src/components/ui/card.tsx". Does the file exist?
[2026-04-18T15:17:32.252Z] Plugin: vite:import-analysis
[2026-04-18T15:17:32.253Z] File: /home/ubuntu/viaoceanica-ai/client/src/components/ui/card.tsx:7:4
[2026-04-18T15:17:32.253Z] 1  |  import { jsxDEV } from "react/jsx-dev-runtime";
[2026-04-18T15:17:32.253Z] |                          ^
[2026-04-18T15:17:32.253Z] 2  |  import { cn } from "@/lib/utils";
[2026-04-18T15:17:32.254Z] 3  |  function Card({ className, ...props }) {
[2026-04-18T15:17:32.254Z] 11:17:32 AM [vite] (client) Pre-transform error: Failed to resolve import "react/jsx-dev-runtime" from "client/src/components/ui/card.tsx". Does the file exist?
[2026-04-18T15:17:32.254Z] Plugin: vite:import-analysis
[2026-04-18T15:17:32.255Z] File: /home/ubuntu/viaoceanica-ai/client/src/components/ui/card.tsx:7:4
[2026-04-18T15:17:32.255Z] 1  |  import { jsxDEV } from "react/jsx-dev-runtime";
[2026-04-18T15:17:32.255Z] |                          ^
[2026-04-18T15:17:32.256Z] 2  |  import { cn } from "@/lib/utils";
[2026-04-18T15:17:32.256Z] 3  |  function Card({ className, ...props }) {
[2026-04-18T15:17:32.256Z] 11:17:32 AM [vite] (client) Pre-transform error: Failed to resolve import "react/jsx-dev-runtime" from "client/src/components/ui/card.tsx". Does the file exist?
[2026-04-18T15:17:32.257Z] Plugin: vite:import-analysis
[2026-04-18T15:17:32.257Z] File: /home/ubuntu/viaoceanica-ai/client/src/components/ui/card.tsx:7:4
[2026-04-18T15:17:32.257Z] 1  |  import { jsxDEV } from "react/jsx-dev-runtime";
[2026-04-18T15:17:32.258Z] |                          ^
[2026-04-18T15:17:32.258Z] 2  |  import { cn } from "@/lib/utils";
[2026-04-18T15:17:32.258Z] 3  |  function Card({ className, ...props }) {
[2026-04-18T15:17:32.259Z] 11:17:32 AM [vite] (client) Pre-transform error: Failed to resolve import "react/jsx-dev-runtime" from "client/src/components/ui/card.tsx". Does the file exist?
[2026-04-18T15:17:32.259Z] Plugin: vite:import-analysis
[2026-04-18T15:17:32.259Z] File: /home/ubuntu/viaoceanica-ai/client/src/components/ui/card.tsx:7:4
[2026-04-18T15:17:32.259Z] 1  |  import { jsxDEV } from "react/jsx-dev-runtime";
[2026-04-18T15:17:32.260Z] |                          ^
[2026-04-18T15:17:32.260Z] 2  |  import { cn } from "@/lib/utils";
[2026-04-18T15:17:32.260Z] 3  |  function Card({ className, ...props }) {
[2026-04-18T15:17:32.260Z] 11:17:32 AM [vite] (client) Pre-transform error: Failed to resolve import "react/jsx-dev-runtime" from "client/src/components/ui/card.tsx". Does the file exist?
[2026-04-18T15:17:32.261Z] Plugin: vite:import-analysis
[2026-04-18T15:17:32.261Z] File: /home/ubuntu/viaoceanica-ai/client/src/components/ui/card.tsx:7:4
[2026-04-18T15:17:32.261Z] 1  |  import { jsxDEV } from "react/jsx-dev-runtime";
[2026-04-18T15:17:32.262Z] |                          ^
[2026-04-18T15:17:32.262Z] 2  |  import { cn } from "@/lib/utils";
[2026-04-18T15:17:32.262Z] 3  |  function Card({ className, ...props }) {
[2026-04-18T15:17:32.262Z] 11:17:32 AM [vite] (client) Pre-transform error: Failed to resolve import "react/jsx-dev-runtime" from "client/src/components/ui/card.tsx". Does the file exist?
[2026-04-18T15:17:32.262Z] Plugin: vite:import-analysis
[2026-04-18T15:17:32.263Z] File: /home/ubuntu/viaoceanica-ai/client/src/components/ui/card.tsx:7:4
[2026-04-18T15:17:32.263Z] 1  |  import { jsxDEV } from "react/jsx-dev-runtime";
[2026-04-18T15:17:32.263Z] |                          ^
[2026-04-18T15:17:32.263Z] 2  |  import { cn } from "@/lib/utils";
[2026-04-18T15:17:32.264Z] 3  |  function Card({ className, ...props }) {
[2026-04-18T15:17:32.264Z] 11:17:32 AM [vite] (client) Pre-transform error: Failed to resolve import "react/jsx-dev-runtime" from "client/src/components/ui/card.tsx". Does the file exist?
[2026-04-18T15:17:32.264Z] Plugin: vite:import-analysis
[2026-04-18T15:17:32.265Z] File: /home/ubuntu/viaoceanica-ai/client/src/components/ui/card.tsx:7:4
[2026-04-18T15:17:32.265Z] 1  |  import { jsxDEV } from "react/jsx-dev-runtime";
[2026-04-18T15:17:32.265Z] |                          ^
[2026-04-18T15:17:32.266Z] 2  |  import { cn } from "@/lib/utils";
[2026-04-18T15:17:32.266Z] 3  |  function Card({ className, ...props }) {
[2026-04-18T15:17:32.266Z] 11:17:32 AM [vite] (client) Pre-transform error: Failed to resolve import "react/jsx-dev-runtime" from "client/src/main.tsx?v=zlSnHPT82hJBWNsrk0yLm". Does the file exist?
[2026-04-18T15:17:32.267Z] Plugin: vite:import-analysis
[2026-04-18T15:17:32.267Z] File: /home/ubuntu/viaoceanica-ai/client/src/main.tsx?v=zlSnHPT82hJBWNsrk0yLm:30:6
[2026-04-18T15:17:32.267Z] 1  |  import { jsxDEV } from "react/jsx-dev-runtime";
[2026-04-18T15:17:32.267Z] |                          ^
[2026-04-18T15:17:32.268Z] 2  |  import { createRoot } from "react-dom/client";
[2026-04-18T15:17:32.268Z] 3  |  import { QueryClient, QueryClientProvider } from "@tanstack/react-query";
[2026-04-18T15:17:32.268Z] 11:17:32 AM [vite] (client) Pre-transform error: Failed to resolve import "react/jsx-dev-runtime" from "client/src/components/ui/skeleton.tsx". Does the file exist?
[2026-04-18T15:17:32.268Z] Plugin: vite:import-analysis
[2026-04-18T15:17:32.269Z] File: /home/ubuntu/viaoceanica-ai/client/src/components/ui/skeleton.tsx:5:4
[2026-04-18T15:17:32.269Z] 1  |  import { jsxDEV } from "react/jsx-dev-runtime";
[2026-04-18T15:17:32.269Z] |                          ^
[2026-04-18T15:17:32.269Z] 2  |  import { cn } from "@/lib/utils";
[2026-04-18T15:17:32.269Z] 3  |  function Skeleton({ className, ...props }) {
[2026-04-18T15:17:32.269Z] 11:17:32 AM [vite] (client) Pre-transform error: Failed to resolve import "react/jsx-dev-runtime" from "client/src/components/ui/label.tsx". Does the file exist?
[2026-04-18T15:17:32.270Z] Plugin: vite:import-analysis
[2026-04-18T15:17:32.270Z] File: /home/ubuntu/viaoceanica-ai/client/src/components/ui/label.tsx:11:4
[2026-04-18T15:17:32.270Z] 1  |  import { jsxDEV } from "react/jsx-dev-runtime";
[2026-04-18T15:17:32.270Z] |                          ^
[2026-04-18T15:17:32.270Z] 2  |  import * as LabelPrimitive from "@radix-ui/react-label";
[2026-04-18T15:17:32.271Z] 3  |  import { cn } from "@/lib/utils";
[2026-04-18T15:17:32.271Z] 11:17:32 AM [vite] (client) Pre-transform error: Failed to resolve import "react/jsx-dev-runtime" from "client/src/components/ui/input.tsx". Does the file exist?
[2026-04-18T15:17:32.271Z] Plugin: vite:import-analysis
[2026-04-18T15:17:32.271Z] File: /home/ubuntu/viaoceanica-ai/client/src/components/ui/input.tsx:53:4
[2026-04-18T15:17:32.271Z] 1  |  import { jsxDEV } from "react/jsx-dev-runtime";
[2026-04-18T15:17:32.271Z] |                          ^
[2026-04-18T15:17:32.272Z] 2  |  var _s = $RefreshSig$();
[2026-04-18T15:17:32.272Z] 3  |  import { useDialogComposition } from "@/components/ui/dialog";
[2026-04-18T15:17:32.272Z] 11:17:32 AM [vite] (client) Pre-transform error: Failed to resolve import "react/jsx-dev-runtime" from "client/src/components/ui/badge.tsx". Does the file exist?
[2026-04-18T15:17:32.272Z] Plugin: vite:import-analysis
[2026-04-18T15:17:32.273Z] File: /home/ubuntu/viaoceanica-ai/client/src/components/ui/badge.tsx:38:4
[2026-04-18T15:17:32.273Z] 1  |  import { jsxDEV } from "react/jsx-dev-runtime";
[2026-04-18T15:17:32.273Z] |                          ^
[2026-04-18T15:17:32.273Z] 2  |  import { Slot } from "@radix-ui/react-slot";
[2026-04-18T15:17:32.273Z] 3  |  import { cva } from "class-variance-authority";
[2026-04-18T15:17:32.274Z] 11:17:32 AM [vite] (client) Pre-transform error: Failed to resolve import "react/jsx-dev-runtime" from "client/src/components/ui/card.tsx". Does the file exist?
[2026-04-18T15:17:32.274Z] Plugin: vite:import-analysis
[2026-04-18T15:17:32.274Z] File: /home/ubuntu/viaoceanica-ai/client/src/components/ui/card.tsx:7:4
[2026-04-18T15:17:32.274Z] 1  |  import { jsxDEV } from "react/jsx-dev-runtime";
[2026-04-18T15:17:32.274Z] |                          ^
[2026-04-18T15:17:32.274Z] 2  |  import { cn } from "@/lib/utils";
[2026-04-18T15:17:32.275Z] 3  |  function Card({ className, ...props }) {
[2026-04-18T15:17:32.275Z] 11:17:32 AM [vite] (client) Pre-transform error: Failed to resolve import "react/jsx-dev-runtime" from "client/src/components/ui/dialog.tsx". Does the file exist?
[2026-04-18T15:17:32.275Z] Plugin: vite:import-analysis
[2026-04-18T15:17:32.275Z] File: /home/ubuntu/viaoceanica-ai/client/src/components/ui/dialog.tsx:51:6
[2026-04-18T15:17:32.275Z] 1  |  import { jsxDEV } from "react/jsx-dev-runtime";
[2026-04-18T15:17:32.276Z] |                          ^
[2026-04-18T15:17:32.276Z] 2  |  var _s = $RefreshSig$(), _s2 = $RefreshSig$(), _s3 = $RefreshSig$();
[2026-04-18T15:17:32.276Z] 3  |  import { cn } from "@/lib/utils";
[2026-04-18T15:17:32.276Z] 11:17:32 AM [vite] (client) Pre-transform error: Failed to resolve import "react/jsx-dev-runtime" from "client/src/components/ui/dialog.tsx". Does the file exist?
[2026-04-18T15:17:32.277Z] Plugin: vite:import-analysis
[2026-04-18T15:17:32.277Z] File: /home/ubuntu/viaoceanica-ai/client/src/components/ui/dialog.tsx:51:6
[2026-04-18T15:17:32.277Z] 1  |  import { jsxDEV } from "react/jsx-dev-runtime";
[2026-04-18T15:17:32.277Z] |                          ^
[2026-04-18T15:17:32.277Z] 2  |  var _s = $RefreshSig$(), _s2 = $RefreshSig$(), _s3 = $RefreshSig$();
[2026-04-18T15:17:32.277Z] 3  |  import { cn } from "@/lib/utils";
[2026-04-18T15:17:32.278Z] 11:17:32 AM [vite] (client) Pre-transform error: Failed to resolve import "react/jsx-dev-runtime" from "client/src/components/ui/dialog.tsx". Does the file exist?
[2026-04-18T15:17:32.278Z] Plugin: vite:import-analysis
[2026-04-18T15:17:32.278Z] File: /home/ubuntu/viaoceanica-ai/client/src/components/ui/dialog.tsx:51:6
[2026-04-18T15:17:32.278Z] 1  |  import { jsxDEV } from "react/jsx-dev-runtime";
[2026-04-18T15:17:32.278Z] |                          ^
[2026-04-18T15:17:32.278Z] 2  |  var _s = $RefreshSig$(), _s2 = $RefreshSig$(), _s3 = $RefreshSig$();
[2026-04-18T15:17:32.279Z] 3  |  import { cn } from "@/lib/utils";
[2026-04-18T15:17:32.279Z] 11:17:32 AM [vite] (client) Pre-transform error: Failed to resolve import "react/jsx-dev-runtime" from "client/src/components/ui/dialog.tsx". Does the file exist?
[2026-04-18T15:17:32.279Z] Plugin: vite:import-analysis
[2026-04-18T15:17:32.279Z] File: /home/ubuntu/viaoceanica-ai/client/src/components/ui/dialog.tsx:51:6
[2026-04-18T15:17:32.280Z] 1  |  import { jsxDEV } from "react/jsx-dev-runtime";
[2026-04-18T15:17:32.280Z] |                          ^
[2026-04-18T15:17:32.280Z] 2  |  var _s = $RefreshSig$(), _s2 = $RefreshSig$(), _s3 = $RefreshSig$();
[2026-04-18T15:17:32.280Z] 3  |  import { cn } from "@/lib/utils";
[2026-04-18T15:17:32.281Z] 11:17:32 AM [vite] (client) Pre-transform error: Failed to resolve import "react/jsx-dev-runtime" from "client/src/components/ui/dialog.tsx". Does the file exist?
[2026-04-18T15:17:32.281Z] Plugin: vite:import-analysis
[2026-04-18T15:17:32.281Z] File: /home/ubuntu/viaoceanica-ai/client/src/components/ui/dialog.tsx:51:6
[2026-04-18T15:17:32.281Z] 1  |  import { jsxDEV } from "react/jsx-dev-runtime";
[2026-04-18T15:17:32.282Z] |                          ^
[2026-04-18T15:17:32.282Z] 2  |  var _s = $RefreshSig$(), _s2 = $RefreshSig$(), _s3 = $RefreshSig$();
[2026-04-18T15:17:32.282Z] 3  |  import { cn } from "@/lib/utils";
[2026-04-18T15:17:32.283Z] 11:17:32 AM [vite] (client) Pre-transform error: Failed to resolve import "react/jsx-dev-runtime" from "client/src/components/ui/select.tsx". Does the file exist?
[2026-04-18T15:17:32.283Z] Plugin: vite:import-analysis
[2026-04-18T15:17:32.283Z] File: /home/ubuntu/viaoceanica-ai/client/src/components/ui/select.tsx:10:9
[2026-04-18T15:17:32.283Z] 1  |  import { jsxDEV } from "react/jsx-dev-runtime";
[2026-04-18T15:17:32.283Z] |                          ^
[2026-04-18T15:17:32.285Z] 2  |  import * as SelectPrimitive from "@radix-ui/react-select";
[2026-04-18T15:17:32.285Z] 3  |  import { CheckIcon, ChevronDownIcon, ChevronUpIcon } from "lucide-react";
[2026-04-18T15:17:32.285Z] 11:17:32 AM [vite] (client) Pre-transform error: Failed to resolve import "react/jsx-dev-runtime" from "client/src/components/ui/select.tsx". Does the file exist?
[2026-04-18T15:17:32.286Z] Plugin: vite:import-analysis
[2026-04-18T15:17:32.286Z] File: /home/ubuntu/viaoceanica-ai/client/src/components/ui/select.tsx:10:9
[2026-04-18T15:17:32.287Z] 1  |  import { jsxDEV } from "react/jsx-dev-runtime";
[2026-04-18T15:17:32.287Z] |                          ^
[2026-04-18T15:17:32.287Z] 2  |  import * as SelectPrimitive from "@radix-ui/react-select";
[2026-04-18T15:17:32.288Z] 3  |  import { CheckIcon, ChevronDownIcon, ChevronUpIcon } from "lucide-react";
[2026-04-18T15:17:32.288Z] 11:17:32 AM [vite] (client) Pre-transform error: Failed to resolve import "react/jsx-dev-runtime" from "client/src/components/ui/select.tsx". Does the file exist?
[2026-04-18T15:17:32.288Z] Plugin: vite:import-analysis
[2026-04-18T15:17:32.288Z] File: /home/ubuntu/viaoceanica-ai/client/src/components/ui/select.tsx:10:9
[2026-04-18T15:17:32.289Z] 1  |  import { jsxDEV } from "react/jsx-dev-runtime";
[2026-04-18T15:17:32.289Z] |                          ^
[2026-04-18T15:17:32.289Z] 2  |  import * as SelectPrimitive from "@radix-ui/react-select";
[2026-04-18T15:17:32.289Z] 3  |  import { CheckIcon, ChevronDownIcon, ChevronUpIcon } from "lucide-react";
[2026-04-18T15:17:32.289Z] 11:17:32 AM [vite] (client) Pre-transform error: Failed to resolve import "react/jsx-dev-runtime" from "client/src/components/ui/table.tsx". Does the file exist?
[2026-04-18T15:17:32.290Z] Plugin: vite:import-analysis
[2026-04-18T15:17:32.290Z] File: /home/ubuntu/viaoceanica-ai/client/src/components/ui/table.tsx:11:6
[2026-04-18T15:17:32.291Z] 1  |  import { jsxDEV } from "react/jsx-dev-runtime";
[2026-04-18T15:17:32.291Z] |                          ^
[2026-04-18T15:17:32.291Z] 2  |  import { cn } from "@/lib/utils";
[2026-04-18T15:17:32.292Z] 3  |  function Table({ className, ...props }) {
[2026-04-18T15:17:32.292Z] 11:17:32 AM [vite] (client) Pre-transform error: Failed to resolve import "react/jsx-dev-runtime" from "client/src/components/ui/table.tsx". Does the file exist?
[2026-04-18T15:17:32.292Z] Plugin: vite:import-analysis
[2026-04-18T15:17:32.292Z] File: /home/ubuntu/viaoceanica-ai/client/src/components/ui/table.tsx:11:6
[2026-04-18T15:17:32.293Z] 1  |  import { jsxDEV } from "react/jsx-dev-runtime";
[2026-04-18T15:17:32.293Z] |                          ^
[2026-04-18T15:17:32.293Z] 2  |  import { cn } from "@/lib/utils";
[2026-04-18T15:17:32.293Z] 3  |  function Table({ className, ...props }) {
[2026-04-18T15:17:32.293Z] 11:17:32 AM [vite] (client) Pre-transform error: Failed to resolve import "react/jsx-dev-runtime" from "client/src/components/ui/table.tsx". Does the file exist?
[2026-04-18T15:17:32.294Z] Plugin: vite:import-analysis
[2026-04-18T15:17:32.294Z] File: /home/ubuntu/viaoceanica-ai/client/src/components/ui/table.tsx:11:6
[2026-04-18T15:17:32.294Z] 1  |  import { jsxDEV } from "react/jsx-dev-runtime";
[2026-04-18T15:17:32.294Z] |                          ^
[2026-04-18T15:17:32.294Z] 2  |  import { cn } from "@/lib/utils";
[2026-04-18T15:17:32.295Z] 3  |  function Table({ className, ...props }) {
[2026-04-18T15:17:32.295Z] 11:17:32 AM [vite] (client) Pre-transform error: Failed to resolve import "react/jsx-dev-runtime" from "client/src/components/ui/table.tsx". Does the file exist?
[2026-04-18T15:17:32.295Z] Plugin: vite:import-analysis
[2026-04-18T15:17:32.296Z] File: /home/ubuntu/viaoceanica-ai/client/src/components/ui/table.tsx:11:6
[2026-04-18T15:17:32.296Z] 1  |  import { jsxDEV } from "react/jsx-dev-runtime";
[2026-04-18T15:17:32.296Z] |                          ^
[2026-04-18T15:17:32.297Z] 2  |  import { cn } from "@/lib/utils";
[2026-04-18T15:17:32.297Z] 3  |  function Table({ className, ...props }) {
[2026-04-18T15:17:32.297Z] 11:17:32 AM [vite] (client) Pre-transform error: Failed to resolve import "react/jsx-dev-runtime" from "client/src/components/ui/table.tsx". Does the file exist?
[2026-04-18T15:17:32.298Z] Plugin: vite:import-analysis
[2026-04-18T15:17:32.298Z] File: /home/ubuntu/viaoceanica-ai/client/src/components/ui/table.tsx:11:6
[2026-04-18T15:17:32.298Z] 1  |  import { jsxDEV } from "react/jsx-dev-runtime";
[2026-04-18T15:17:32.299Z] |                          ^
[2026-04-18T15:17:32.299Z] 2  |  import { cn } from "@/lib/utils";
[2026-04-18T15:17:32.299Z] 3  |  function Table({ className, ...props }) {
[2026-04-18T15:17:32.299Z] 11:17:32 AM [vite] (client) Pre-transform error: Failed to resolve import "react/jsx-dev-runtime" from "client/src/components/ui/dialog.tsx". Does the file exist?
[2026-04-18T15:17:32.299Z] Plugin: vite:import-analysis
[2026-04-18T15:17:32.299Z] File: /home/ubuntu/viaoceanica-ai/client/src/components/ui/dialog.tsx:51:6
[2026-04-18T15:17:32.299Z] 1  |  import { jsxDEV } from "react/jsx-dev-runtime";
[2026-04-18T15:17:32.300Z] |                          ^
[2026-04-18T15:17:32.300Z] 2  |  var _s = $RefreshSig$(), _s2 = $RefreshSig$(), _s3 = $RefreshSig$();
[2026-04-18T15:17:32.300Z] 3  |  import { cn } from "@/lib/utils";
[2026-04-18T15:17:32.300Z] 11:17:32 AM [vite] (client) Pre-transform error: Failed to resolve import "react/jsx-dev-runtime" from "client/src/components/ui/alert-dialog.tsx". Does the file exist?
[2026-04-18T15:17:32.300Z] Plugin: vite:import-analysis
[2026-04-18T15:17:32.301Z] File: /home/ubuntu/viaoceanica-ai/client/src/components/ui/alert-dialog.tsx:10:9
[2026-04-18T15:17:32.301Z] 1  |  import { jsxDEV } from "react/jsx-dev-runtime";
[2026-04-18T15:17:32.301Z] |                          ^
[2026-04-18T15:17:32.301Z] 2  |  import * as AlertDialogPrimitive from "@radix-ui/react-alert-dialog";
[2026-04-18T15:17:32.301Z] 3  |  import { cn } from "@/lib/utils";
[2026-04-18T15:17:32.301Z] 11:17:32 AM [vite] (client) Pre-transform error: Failed to resolve import "react/jsx-dev-runtime" from "client/src/components/ui/select.tsx". Does the file exist?
[2026-04-18T15:17:32.302Z] Plugin: vite:import-analysis
[2026-04-18T15:17:32.302Z] File: /home/ubuntu/viaoceanica-ai/client/src/components/ui/select.tsx:10:9
[2026-04-18T15:17:32.302Z] 1  |  import { jsxDEV } from "react/jsx-dev-runtime";
[2026-04-18T15:17:32.302Z] |                          ^
[2026-04-18T15:17:32.302Z] 2  |  import * as SelectPrimitive from "@radix-ui/react-select";
[2026-04-18T15:17:32.303Z] 3  |  import { CheckIcon, ChevronDownIcon, ChevronUpIcon } from "lucide-react";
[2026-04-18T15:17:32.303Z] 11:17:32 AM [vite] (client) Pre-transform error: Failed to resolve import "react/jsx-dev-runtime" from "client/src/components/ui/table.tsx". Does the file exist?
[2026-04-18T15:17:32.303Z] Plugin: vite:import-analysis
[2026-04-18T15:17:32.303Z] File: /home/ubuntu/viaoceanica-ai/client/src/components/ui/table.tsx:11:6
[2026-04-18T15:17:32.303Z] 1  |  import { jsxDEV } from "react/jsx-dev-runtime";
[2026-04-18T15:17:32.303Z] |                          ^
[2026-04-18T15:17:32.304Z] 2  |  import { cn } from "@/lib/utils";
[2026-04-18T15:17:32.304Z] 3  |  function Table({ className, ...props }) {
[2026-04-18T15:17:32.304Z] 11:17:32 AM [vite] (client) Pre-transform error: Failed to resolve import "react/jsx-dev-runtime" from "client/src/components/ui/switch.tsx". Does the file exist?
[2026-04-18T15:17:32.304Z] Plugin: vite:import-analysis
[2026-04-18T15:17:32.304Z] File: /home/ubuntu/viaoceanica-ai/client/src/components/ui/switch.tsx:19:6
[2026-04-18T15:17:32.305Z] 1  |  import { jsxDEV } from "react/jsx-dev-runtime";
[2026-04-18T15:17:32.305Z] |                          ^
[2026-04-18T15:17:32.305Z] 2  |  import * as SwitchPrimitive from "@radix-ui/react-switch";
[2026-04-18T15:17:32.305Z] 3  |  import { cn } from "@/lib/utils";
[2026-04-18T15:17:32.305Z] 11:17:32 AM [vite] (client) Pre-transform error: Failed to resolve import "react/jsx-dev-runtime" from "client/src/components/ui/switch.tsx". Does the file exist?
[2026-04-18T15:17:32.305Z] Plugin: vite:import-analysis
[2026-04-18T15:17:32.305Z] File: /home/ubuntu/viaoceanica-ai/client/src/components/ui/switch.tsx:19:6
[2026-04-18T15:17:32.306Z] 1  |  import { jsxDEV } from "react/jsx-dev-runtime";
[2026-04-18T15:17:32.306Z] |                          ^
[2026-04-18T15:17:32.306Z] 2  |  import * as SwitchPrimitive from "@radix-ui/react-switch";
[2026-04-18T15:17:32.306Z] 3  |  import { cn } from "@/lib/utils";
[2026-04-18T15:17:32.307Z] 11:17:32 AM [vite] (client) Pre-transform error: Failed to resolve import "@trpc/react-query" from "client/src/lib/trpc.ts". Does the file exist?
[2026-04-18T15:17:32.307Z] Plugin: vite:import-analysis
[2026-04-18T15:17:32.307Z] File: /home/ubuntu/viaoceanica-ai/client/src/lib/trpc.ts:1:32
[2026-04-18T15:17:32.307Z] 1  |  import { createTRPCReact } from "@trpc/react-query";
[2026-04-18T15:17:32.307Z] |                                   ^
[2026-04-18T15:17:32.307Z] 2  |  export const trpc = createTRPCReact();
[2026-04-18T15:17:32.308Z] 3  |
[2026-04-18T15:17:32.308Z] 11:17:32 AM [vite] (client) Pre-transform error: Failed to resolve import "@trpc/react-query" from "client/src/lib/trpc.ts". Does the file exist?
[2026-04-18T15:17:32.308Z] Plugin: vite:import-analysis
[2026-04-18T15:17:32.308Z] File: /home/ubuntu/viaoceanica-ai/client/src/lib/trpc.ts:1:32
[2026-04-18T15:17:32.309Z] 1  |  import { createTRPCReact } from "@trpc/react-query";
[2026-04-18T15:17:32.309Z] |                                   ^
[2026-04-18T15:17:32.309Z] 2  |  export const trpc = createTRPCReact();
[2026-04-18T15:17:32.310Z] 3  |
[2026-04-18T15:17:32.310Z] 11:17:32 AM [vite] (client) Pre-transform error: Failed to resolve import "@trpc/react-query" from "client/src/lib/trpc.ts". Does the file exist?
[2026-04-18T15:17:32.310Z] Plugin: vite:import-analysis
[2026-04-18T15:17:32.310Z] File: /home/ubuntu/viaoceanica-ai/client/src/lib/trpc.ts:1:32
[2026-04-18T15:17:32.310Z] 1  |  import { createTRPCReact } from "@trpc/react-query";
[2026-04-18T15:17:32.311Z] |                                   ^
[2026-04-18T15:17:32.311Z] 2  |  export const trpc = createTRPCReact();
[2026-04-18T15:17:32.311Z] 3  |
[2026-04-18T15:17:32.311Z] 11:17:32 AM [vite] (client) Pre-transform error: Failed to resolve import "@trpc/react-query" from "client/src/lib/trpc.ts". Does the file exist?
[2026-04-18T15:17:32.312Z] Plugin: vite:import-analysis
[2026-04-18T15:17:32.312Z] File: /home/ubuntu/viaoceanica-ai/client/src/lib/trpc.ts:1:32
[2026-04-18T15:17:32.312Z] 1  |  import { createTRPCReact } from "@trpc/react-query";
[2026-04-18T15:17:32.312Z] |                                   ^
[2026-04-18T15:17:32.312Z] 2  |  export const trpc = createTRPCReact();
[2026-04-18T15:17:32.313Z] 3  |
[2026-04-18T15:17:32.313Z] 11:17:32 AM [vite] (client) Pre-transform error: Failed to resolve import "@trpc/react-query" from "client/src/lib/trpc.ts". Does the file exist?
[2026-04-18T15:17:32.313Z] Plugin: vite:import-analysis
[2026-04-18T15:17:32.313Z] File: /home/ubuntu/viaoceanica-ai/client/src/lib/trpc.ts:1:32
[2026-04-18T15:17:32.313Z] 1  |  import { createTRPCReact } from "@trpc/react-query";
[2026-04-18T15:17:32.314Z] |                                   ^
[2026-04-18T15:17:32.314Z] 2  |  export const trpc = createTRPCReact();
[2026-04-18T15:17:32.314Z] 3  |
[2026-04-18T15:17:32.314Z] 11:17:32 AM [vite] (client) Pre-transform error: Failed to resolve import "@trpc/react-query" from "client/src/lib/trpc.ts". Does the file exist?
[2026-04-18T15:17:32.314Z] Plugin: vite:import-analysis
[2026-04-18T15:17:32.315Z] File: /home/ubuntu/viaoceanica-ai/client/src/lib/trpc.ts:1:32
[2026-04-18T15:17:32.315Z] 1  |  import { createTRPCReact } from "@trpc/react-query";
[2026-04-18T15:17:32.315Z] |                                   ^
[2026-04-18T15:17:32.315Z] 2  |  export const trpc = createTRPCReact();
[2026-04-18T15:17:32.315Z] 3  |
[2026-04-18T15:17:32.315Z] 11:17:32 AM [vite] (client) Pre-transform error: Failed to resolve import "@trpc/react-query" from "client/src/lib/trpc.ts". Does the file exist?
[2026-04-18T15:17:32.316Z] Plugin: vite:import-analysis
[2026-04-18T15:17:32.316Z] File: /home/ubuntu/viaoceanica-ai/client/src/lib/trpc.ts:1:32
[2026-04-18T15:17:32.316Z] 1  |  import { createTRPCReact } from "@trpc/react-query";
[2026-04-18T15:17:32.316Z] |                                   ^
[2026-04-18T15:17:32.317Z] 2  |  export const trpc = createTRPCReact();
[2026-04-18T15:17:32.317Z] 3  |
[2026-04-18T15:17:32.317Z] 11:17:32 AM [vite] (client) Pre-transform error: Failed to resolve import "react/jsx-dev-runtime" from "client/src/components/ui/separator.tsx". Does the file exist?
[2026-04-18T15:17:32.317Z] Plugin: vite:import-analysis
[2026-04-18T15:17:32.317Z] File: /home/ubuntu/viaoceanica-ai/client/src/components/ui/separator.tsx:13:4
[2026-04-18T15:17:32.320Z] 1  |  import { jsxDEV } from "react/jsx-dev-runtime";
[2026-04-18T15:17:32.320Z] |                          ^
[2026-04-18T15:17:32.320Z] 2  |  import * as SeparatorPrimitive from "@radix-ui/react-separator";
[2026-04-18T15:17:32.321Z] 3  |  import { cn } from "@/lib/utils";
[2026-04-18T15:17:32.321Z] 11:17:32 AM [vite] (client) Pre-transform error: Failed to resolve import "react/jsx-dev-runtime" from "client/src/components/ui/separator.tsx". Does the file exist?
[2026-04-18T15:17:32.321Z] Plugin: vite:import-analysis
[2026-04-18T15:17:32.321Z] File: /home/ubuntu/viaoceanica-ai/client/src/components/ui/separator.tsx:13:4
[2026-04-18T15:17:32.321Z] 1  |  import { jsxDEV } from "react/jsx-dev-runtime";
[2026-04-18T15:17:32.322Z] |                          ^
[2026-04-18T15:17:32.322Z] 2  |  import * as SeparatorPrimitive from "@radix-ui/react-separator";
[2026-04-18T15:17:32.322Z] 3  |  import { cn } from "@/lib/utils";
[2026-04-18T15:17:32.322Z] 11:17:32 AM [vite] (client) Pre-transform error: Failed to resolve import "react/jsx-dev-runtime" from "client/src/components/ui/separator.tsx". Does the file exist?
[2026-04-18T15:17:32.322Z] Plugin: vite:import-analysis
[2026-04-18T15:17:32.322Z] File: /home/ubuntu/viaoceanica-ai/client/src/components/ui/separator.tsx:13:4
[2026-04-18T15:17:32.323Z] 1  |  import { jsxDEV } from "react/jsx-dev-runtime";
[2026-04-18T15:17:32.323Z] |                          ^
[2026-04-18T15:17:32.323Z] 2  |  import * as SeparatorPrimitive from "@radix-ui/react-separator";
[2026-04-18T15:17:32.323Z] 3  |  import { cn } from "@/lib/utils";
[2026-04-18T15:17:32.323Z] 11:17:32 AM [vite] (client) Pre-transform error: Failed to resolve import "react/jsx-dev-runtime" from "client/src/components/ui/switch.tsx". Does the file exist?
[2026-04-18T15:17:32.323Z] Plugin: vite:import-analysis
[2026-04-18T15:17:32.324Z] File: /home/ubuntu/viaoceanica-ai/client/src/components/ui/switch.tsx:19:6
[2026-04-18T15:17:32.324Z] 1  |  import { jsxDEV } from "react/jsx-dev-runtime";
[2026-04-18T15:17:32.324Z] |                          ^
[2026-04-18T15:17:32.324Z] 2  |  import * as SwitchPrimitive from "@radix-ui/react-switch";
[2026-04-18T15:17:32.324Z] 3  |  import { cn } from "@/lib/utils";
[2026-04-18T15:17:32.325Z] 11:17:32 AM [vite] (client) Pre-transform error: Failed to resolve import "react/jsx-dev-runtime" from "client/src/components/ui/checkbox.tsx". Does the file exist?
[2026-04-18T15:17:32.325Z] Plugin: vite:import-analysis
[2026-04-18T15:17:32.326Z] File: /home/ubuntu/viaoceanica-ai/client/src/components/ui/checkbox.tsx:24:8
[2026-04-18T15:17:32.326Z] 1  |  import { jsxDEV } from "react/jsx-dev-runtime";
[2026-04-18T15:17:32.326Z] |                          ^
[2026-04-18T15:17:32.326Z] 2  |  import * as CheckboxPrimitive from "@radix-ui/react-checkbox";
[2026-04-18T15:17:32.326Z] 3  |  import { CheckIcon } from "lucide-react";
[2026-04-18T15:17:32.327Z] 11:17:32 AM [vite] (client) Pre-transform error: Failed to resolve import "@trpc/react-query" from "client/src/lib/trpc.ts". Does the file exist?
[2026-04-18T15:17:32.327Z] Plugin: vite:import-analysis
[2026-04-18T15:17:32.327Z] File: /home/ubuntu/viaoceanica-ai/client/src/lib/trpc.ts:1:32
[2026-04-18T15:17:32.327Z] 1  |  import { createTRPCReact } from "@trpc/react-query";
[2026-04-18T15:17:32.327Z] |                                   ^
[2026-04-18T15:17:32.328Z] 2  |  export const trpc = createTRPCReact();
[2026-04-18T15:17:32.328Z] 3  |
[2026-04-18T15:17:32.328Z] 11:17:32 AM [vite] (client) Pre-transform error: Failed to resolve import "react/jsx-dev-runtime" from "client/src/components/ui/separator.tsx". Does the file exist?
[2026-04-18T15:17:32.328Z] Plugin: vite:import-analysis
[2026-04-18T15:17:32.328Z] File: /home/ubuntu/viaoceanica-ai/client/src/components/ui/separator.tsx:13:4
[2026-04-18T15:17:32.329Z] 1  |  import { jsxDEV } from "react/jsx-dev-runtime";
[2026-04-18T15:17:32.329Z] |                          ^
[2026-04-18T15:17:32.329Z] 2  |  import * as SeparatorPrimitive from "@radix-ui/react-separator";
[2026-04-18T15:17:32.329Z] 3  |  import { cn } from "@/lib/utils";
[2026-04-18T15:17:32.329Z] 11:17:32 AM [vite] (client) Pre-transform error: Failed to resolve import "react/jsx-dev-runtime" from "client/src/components/ui/textarea.tsx". Does the file exist?
[2026-04-18T15:17:32.330Z] Plugin: vite:import-analysis
[2026-04-18T15:17:32.330Z] File: /home/ubuntu/viaoceanica-ai/client/src/components/ui/textarea.tsx:53:4
[2026-04-18T15:17:32.330Z] 1  |  import { jsxDEV } from "react/jsx-dev-runtime";
[2026-04-18T15:17:32.331Z] |                          ^
[2026-04-18T15:17:32.331Z] 2  |  var _s = $RefreshSig$();
[2026-04-18T15:17:32.331Z] 3  |  import { useDialogComposition } from "@/components/ui/dialog";
[2026-04-18T15:17:32.332Z] 11:17:32 AM [vite] (client) Pre-transform error: Failed to resolve import "react/jsx-dev-runtime" from "client/src/components/ui/tabs.tsx". Does the file exist?
[2026-04-18T15:17:32.332Z] Plugin: vite:import-analysis
[2026-04-18T15:17:32.332Z] File: /home/ubuntu/viaoceanica-ai/client/src/components/ui/tabs.tsx:11:4
[2026-04-18T15:17:32.332Z] 1  |  import { jsxDEV } from "react/jsx-dev-runtime";
[2026-04-18T15:17:32.332Z] |                          ^
[2026-04-18T15:17:32.333Z] 2  |  import * as TabsPrimitive from "@radix-ui/react-tabs";
[2026-04-18T15:17:32.333Z] 3  |  import { cn } from "@/lib/utils";
[2026-04-18T15:17:32.333Z] 11:17:32 AM [vite] (client) Pre-transform error: Failed to resolve import "clsx" from "client/src/lib/utils.ts". Does the file exist?
[2026-04-18T15:17:32.333Z] Plugin: vite:import-analysis
[2026-04-18T15:17:32.333Z] File: /home/ubuntu/viaoceanica-ai/client/src/lib/utils.ts:1:38
[2026-04-18T15:17:32.334Z] 1  |  import { clsx } from "clsx";
[2026-04-18T15:17:32.334Z] |                        ^
[2026-04-18T15:17:32.334Z] 2  |  import { twMerge } from "tailwind-merge";
[2026-04-18T15:17:32.334Z] 3  |  export function cn(...inputs) {
[2026-04-18T15:17:32.334Z] 11:17:32 AM [vite] (client) Pre-transform error: Failed to resolve import "clsx" from "client/src/lib/utils.ts". Does the file exist?
[2026-04-18T15:17:32.335Z] Plugin: vite:import-analysis
[2026-04-18T15:17:32.335Z] File: /home/ubuntu/viaoceanica-ai/client/src/lib/utils.ts:1:38
[2026-04-18T15:17:32.335Z] 1  |  import { clsx } from "clsx";
[2026-04-18T15:17:32.335Z] |                        ^
[2026-04-18T15:17:32.336Z] 2  |  import { twMerge } from "tailwind-merge";
[2026-04-18T15:17:32.336Z] 3  |  export function cn(...inputs) {
[2026-04-18T15:17:32.336Z] 11:17:32 AM [vite] (client) Pre-transform error: Failed to resolve import "clsx" from "client/src/lib/utils.ts". Does the file exist?
[2026-04-18T15:17:32.336Z] Plugin: vite:import-analysis
[2026-04-18T15:17:32.336Z] File: /home/ubuntu/viaoceanica-ai/client/src/lib/utils.ts:1:38
[2026-04-18T15:17:32.337Z] 1  |  import { clsx } from "clsx";
[2026-04-18T15:17:32.337Z] |                        ^
[2026-04-18T15:17:32.337Z] 2  |  import { twMerge } from "tailwind-merge";
[2026-04-18T15:17:32.337Z] 3  |  export function cn(...inputs) {
[2026-04-18T15:17:32.337Z] 11:17:32 AM [vite] (client) Pre-transform error: Failed to resolve import "clsx" from "client/src/lib/utils.ts". Does the file exist?
[2026-04-18T15:17:32.338Z] Plugin: vite:import-analysis
[2026-04-18T15:17:32.338Z] File: /home/ubuntu/viaoceanica-ai/client/src/lib/utils.ts:1:38
[2026-04-18T15:17:32.338Z] 1  |  import { clsx } from "clsx";
[2026-04-18T15:17:32.338Z] |                        ^
[2026-04-18T15:17:32.338Z] 2  |  import { twMerge } from "tailwind-merge";
[2026-04-18T15:17:32.339Z] 3  |  export function cn(...inputs) {
[2026-04-18T15:17:32.339Z] 11:17:32 AM [vite] (client) Pre-transform error: Failed to resolve import "clsx" from "client/src/lib/utils.ts". Does the file exist?
[2026-04-18T15:17:32.339Z] Plugin: vite:import-analysis
[2026-04-18T15:17:32.339Z] File: /home/ubuntu/viaoceanica-ai/client/src/lib/utils.ts:1:38
[2026-04-18T15:17:32.340Z] 1  |  import { clsx } from "clsx";
[2026-04-18T15:17:32.340Z] |                        ^
[2026-04-18T15:17:32.340Z] 2  |  import { twMerge } from "tailwind-merge";
[2026-04-18T15:17:32.340Z] 3  |  export function cn(...inputs) {
[2026-04-18T15:17:32.340Z] 11:17:32 AM [vite] (client) Pre-transform error: Failed to resolve import "clsx" from "client/src/lib/utils.ts". Does the file exist?
[2026-04-18T15:17:32.340Z] Plugin: vite:import-analysis
[2026-04-18T15:17:32.341Z] File: /home/ubuntu/viaoceanica-ai/client/src/lib/utils.ts:1:38
[2026-04-18T15:17:32.341Z] 1  |  import { clsx } from "clsx";
[2026-04-18T15:17:32.341Z] |                        ^
[2026-04-18T15:17:32.341Z] 2  |  import { twMerge } from "tailwind-merge";
[2026-04-18T15:17:32.342Z] 3  |  export function cn(...inputs) {
[2026-04-18T15:17:32.342Z] 11:17:32 AM [vite] (client) Pre-transform error: Failed to resolve import "clsx" from "client/src/lib/utils.ts". Does the file exist?
[2026-04-18T15:17:32.342Z] Plugin: vite:import-analysis
[2026-04-18T15:17:32.342Z] File: /home/ubuntu/viaoceanica-ai/client/src/lib/utils.ts:1:38
[2026-04-18T15:17:32.342Z] 1  |  import { clsx } from "clsx";
[2026-04-18T15:17:32.342Z] |                        ^
[2026-04-18T15:17:32.343Z] 2  |  import { twMerge } from "tailwind-merge";
[2026-04-18T15:17:32.343Z] 3  |  export function cn(...inputs) {
[2026-04-18T15:17:32.343Z] 11:17:32 AM [vite] (client) Pre-transform error: Failed to resolve import "clsx" from "client/src/lib/utils.ts". Does the file exist?
[2026-04-18T15:17:32.343Z] Plugin: vite:import-analysis
[2026-04-18T15:17:32.343Z] File: /home/ubuntu/viaoceanica-ai/client/src/lib/utils.ts:1:38
[2026-04-18T15:17:32.344Z] 1  |  import { clsx } from "clsx";
[2026-04-18T15:17:32.344Z] |                        ^
[2026-04-18T15:17:32.344Z] 2  |  import { twMerge } from "tailwind-merge";
[2026-04-18T15:17:32.344Z] 3  |  export function cn(...inputs) {
[2026-04-18T15:17:32.344Z] 11:17:32 AM [vite] (client) Pre-transform error: Failed to resolve import "clsx" from "client/src/lib/utils.ts". Does the file exist?
[2026-04-18T15:17:32.345Z] Plugin: vite:import-analysis
[2026-04-18T15:17:32.345Z] File: /home/ubuntu/viaoceanica-ai/client/src/lib/utils.ts:1:38
[2026-04-18T15:17:32.345Z] 1  |  import { clsx } from "clsx";
[2026-04-18T15:17:32.345Z] |                        ^
[2026-04-18T15:17:32.345Z] 2  |  import { twMerge } from "tailwind-merge";
[2026-04-18T15:17:32.345Z] 3  |  export function cn(...inputs) {
[2026-04-18T15:17:32.346Z] 11:17:32 AM [vite] (client) Pre-transform error: Failed to resolve import "clsx" from "client/src/lib/utils.ts". Does the file exist?
[2026-04-18T15:17:32.346Z] Plugin: vite:import-analysis
[2026-04-18T15:17:32.346Z] File: /home/ubuntu/viaoceanica-ai/client/src/lib/utils.ts:1:38
[2026-04-18T15:17:32.347Z] 1  |  import { clsx } from "clsx";
[2026-04-18T15:17:32.347Z] |                        ^
[2026-04-18T15:17:32.347Z] 2  |  import { twMerge } from "tailwind-merge";
[2026-04-18T15:17:32.347Z] 3  |  export function cn(...inputs) {
[2026-04-18T15:17:32.347Z] 11:17:32 AM [vite] (client) Pre-transform error: Failed to resolve import "clsx" from "client/src/lib/utils.ts". Does the file exist?
[2026-04-18T15:17:32.348Z] Plugin: vite:import-analysis
[2026-04-18T15:17:32.348Z] File: /home/ubuntu/viaoceanica-ai/client/src/lib/utils.ts:1:38
[2026-04-18T15:17:32.348Z] 1  |  import { clsx } from "clsx";
[2026-04-18T15:17:32.349Z] |                        ^
[2026-04-18T15:17:32.349Z] 2  |  import { twMerge } from "tailwind-merge";
[2026-04-18T15:17:32.349Z] 3  |  export function cn(...inputs) {
[2026-04-18T15:17:32.349Z] 11:17:32 AM [vite] (client) Pre-transform error: Failed to resolve import "clsx" from "client/src/lib/utils.ts". Does the file exist?
[2026-04-18T15:17:32.349Z] Plugin: vite:import-analysis
[2026-04-18T15:17:32.349Z] File: /home/ubuntu/viaoceanica-ai/client/src/lib/utils.ts:1:38
[2026-04-18T15:17:32.350Z] 1  |  import { clsx } from "clsx";
[2026-04-18T15:17:32.350Z] |                        ^
[2026-04-18T15:17:32.350Z] 2  |  import { twMerge } from "tailwind-merge";
[2026-04-18T15:17:32.350Z] 3  |  export function cn(...inputs) {
[2026-04-18T15:17:32.350Z] 11:17:32 AM [vite] (client) Pre-transform error: Failed to resolve import "clsx" from "client/src/lib/utils.ts". Does the file exist?
[2026-04-18T15:17:32.351Z] Plugin: vite:import-analysis
[2026-04-18T15:17:32.351Z] File: /home/ubuntu/viaoceanica-ai/client/src/lib/utils.ts:1:38
[2026-04-18T15:17:32.351Z] 1  |  import { clsx } from "clsx";
[2026-04-18T15:17:32.351Z] |                        ^
[2026-04-18T15:17:32.351Z] 2  |  import { twMerge } from "tailwind-merge";
[2026-04-18T15:17:32.351Z] 3  |  export function cn(...inputs) {
[2026-04-18T15:17:32.352Z] 11:17:32 AM [vite] (client) Pre-transform error: Failed to resolve import "clsx" from "client/src/lib/utils.ts". Does the file exist?
[2026-04-18T15:17:32.352Z] Plugin: vite:import-analysis
[2026-04-18T15:17:32.352Z] File: /home/ubuntu/viaoceanica-ai/client/src/lib/utils.ts:1:38
[2026-04-18T15:17:32.352Z] 1  |  import { clsx } from "clsx";
[2026-04-18T15:17:32.352Z] |                        ^
[2026-04-18T15:17:32.353Z] 2  |  import { twMerge } from "tailwind-merge";
[2026-04-18T15:17:32.353Z] 3  |  export function cn(...inputs) {
[2026-04-18T15:17:32.353Z] 11:17:32 AM [vite] (client) Pre-transform error: Failed to resolve import "clsx" from "client/src/lib/utils.ts". Does the file exist?
[2026-04-18T15:17:32.353Z] Plugin: vite:import-analysis
[2026-04-18T15:17:32.353Z] File: /home/ubuntu/viaoceanica-ai/client/src/lib/utils.ts:1:38
[2026-04-18T15:17:32.354Z] 1  |  import { clsx } from "clsx";
[2026-04-18T15:17:32.354Z] |                        ^
[2026-04-18T15:17:32.354Z] 2  |  import { twMerge } from "tailwind-merge";
[2026-04-18T15:17:32.354Z] 3  |  export function cn(...inputs) {
[2026-04-18T15:17:32.354Z] 11:17:32 AM [vite] (client) Pre-transform error: Failed to resolve import "react/jsx-dev-runtime" from "client/src/components/ui/button.tsx". Does the file exist?
[2026-04-18T15:17:32.354Z] Plugin: vite:import-analysis
[2026-04-18T15:17:32.355Z] File: /home/ubuntu/viaoceanica-ai/client/src/components/ui/button.tsx:52:4
[2026-04-18T15:17:32.355Z] 1  |  import { jsxDEV } from "react/jsx-dev-runtime";
[2026-04-18T15:17:32.355Z] |                          ^
[2026-04-18T15:17:32.355Z] 2  |  import { Slot } from "@radix-ui/react-slot";
[2026-04-18T15:17:32.355Z] 3  |  import { cva } from "class-variance-authority";
[2026-04-18T15:17:32.355Z] 11:17:32 AM [vite] (client) Pre-transform error: Failed to resolve import "react/jsx-dev-runtime" from "client/src/components/ui/button.tsx". Does the file exist?
[2026-04-18T15:17:32.356Z] Plugin: vite:import-analysis
[2026-04-18T15:17:32.356Z] File: /home/ubuntu/viaoceanica-ai/client/src/components/ui/button.tsx:52:4
[2026-04-18T15:17:32.356Z] 1  |  import { jsxDEV } from "react/jsx-dev-runtime";
[2026-04-18T15:17:32.356Z] |                          ^
[2026-04-18T15:17:32.356Z] 2  |  import { Slot } from "@radix-ui/react-slot";
[2026-04-18T15:17:32.356Z] 3  |  import { cva } from "class-variance-authority";
[2026-04-18T15:17:32.357Z] 11:17:32 AM [vite] (client) Pre-transform error: Failed to resolve import "react/jsx-dev-runtime" from "client/src/components/ui/button.tsx". Does the file exist?
[2026-04-18T15:17:32.357Z] Plugin: vite:import-analysis
[2026-04-18T15:17:32.357Z] File: /home/ubuntu/viaoceanica-ai/client/src/components/ui/button.tsx:52:4
[2026-04-18T15:17:32.357Z] 1  |  import { jsxDEV } from "react/jsx-dev-runtime";
[2026-04-18T15:17:32.357Z] |                          ^
[2026-04-18T15:17:32.357Z] 2  |  import { Slot } from "@radix-ui/react-slot";
[2026-04-18T15:17:32.358Z] 3  |  import { cva } from "class-variance-authority";
[2026-04-18T15:17:32.358Z] 11:17:32 AM [vite] (client) Pre-transform error: Failed to resolve import "react/jsx-dev-runtime" from "client/src/components/ui/button.tsx". Does the file exist?
[2026-04-18T15:17:32.358Z] Plugin: vite:import-analysis
[2026-04-18T15:17:32.358Z] File: /home/ubuntu/viaoceanica-ai/client/src/components/ui/button.tsx:52:4
[2026-04-18T15:17:32.358Z] 1  |  import { jsxDEV } from "react/jsx-dev-runtime";
[2026-04-18T15:17:32.358Z] |                          ^
[2026-04-18T15:17:32.359Z] 2  |  import { Slot } from "@radix-ui/react-slot";
[2026-04-18T15:17:32.359Z] 3  |  import { cva } from "class-variance-authority";
[2026-04-18T15:17:32.359Z] 11:17:32 AM [vite] (client) Pre-transform error: Failed to resolve import "react/jsx-dev-runtime" from "client/src/components/ui/textarea.tsx". Does the file exist?
[2026-04-18T15:17:32.359Z] Plugin: vite:import-analysis
[2026-04-18T15:17:32.359Z] File: /home/ubuntu/viaoceanica-ai/client/src/components/ui/textarea.tsx:53:4
[2026-04-18T15:17:32.359Z] 1  |  import { jsxDEV } from "react/jsx-dev-runtime";
[2026-04-18T15:17:32.360Z] |                          ^
[2026-04-18T15:17:32.360Z] 2  |  var _s = $RefreshSig$();
[2026-04-18T15:17:32.360Z] 3  |  import { useDialogComposition } from "@/components/ui/dialog";
[2026-04-18T15:17:32.360Z] 11:17:32 AM [vite] (client) Pre-transform error: Failed to resolve import "react/jsx-dev-runtime" from "client/src/components/ui/tabs.tsx". Does the file exist?
[2026-04-18T15:17:32.360Z] Plugin: vite:import-analysis
[2026-04-18T15:17:32.360Z] File: /home/ubuntu/viaoceanica-ai/client/src/components/ui/tabs.tsx:11:4
[2026-04-18T15:17:32.361Z] 1  |  import { jsxDEV } from "react/jsx-dev-runtime";
[2026-04-18T15:17:32.361Z] |                          ^
[2026-04-18T15:17:32.361Z] 2  |  import * as TabsPrimitive from "@radix-ui/react-tabs";
[2026-04-18T15:17:32.361Z] 3  |  import { cn } from "@/lib/utils";
[2026-04-18T15:17:32.361Z] 11:17:32 AM [vite] (client) Pre-transform error: Failed to resolve import "clsx" from "client/src/lib/utils.ts". Does the file exist?
[2026-04-18T15:17:32.361Z] Plugin: vite:import-analysis
[2026-04-18T15:17:32.361Z] File: /home/ubuntu/viaoceanica-ai/client/src/lib/utils.ts:1:38
[2026-04-18T15:17:32.362Z] 1  |  import { clsx } from "clsx";
[2026-04-18T15:17:32.362Z] |                        ^
[2026-04-18T15:17:32.362Z] 2  |  import { twMerge } from "tailwind-merge";
[2026-04-18T15:17:32.362Z] 3  |  export function cn(...inputs) {
[2026-04-18T15:17:32.362Z] 11:17:32 AM [vite] (client) Pre-transform error: Failed to resolve import "react/jsx-dev-runtime" from "client/src/components/ui/button.tsx". Does the file exist?
[2026-04-18T15:17:32.362Z] Plugin: vite:import-analysis
[2026-04-18T15:17:32.362Z] File: /home/ubuntu/viaoceanica-ai/client/src/components/ui/button.tsx:52:4
[2026-04-18T15:17:32.363Z] 1  |  import { jsxDEV } from "react/jsx-dev-runtime";
[2026-04-18T15:17:32.363Z] |                          ^
[2026-04-18T15:17:32.363Z] 2  |  import { Slot } from "@radix-ui/react-slot";
[2026-04-18T15:17:32.363Z] 3  |  import { cva } from "class-variance-authority";
[2026-04-18T15:17:32.363Z] 11:17:32 AM [vite] (client) Pre-transform error: Failed to resolve import "react/jsx-dev-runtime" from "client/src/components/ui/chart.tsx". Does the file exist?
[2026-04-18T15:17:32.363Z] Plugin: vite:import-analysis
[2026-04-18T15:17:32.364Z] File: /home/ubuntu/viaoceanica-ai/client/src/components/ui/chart.tsx:61:8
[2026-04-18T15:17:32.364Z] 1  |  import { Fragment, jsxDEV } from "react/jsx-dev-runtime";
[2026-04-18T15:17:32.364Z] |                                    ^
[2026-04-18T15:17:32.364Z] 2  |  var _s = $RefreshSig$(), _s2 = $RefreshSig$(), _s3 = $RefreshSig$(), _s4 = $RefreshSig$();
[2026-04-18T15:17:32.364Z] 3  |  import * as React from "react";
[2026-04-18T15:17:32.364Z] 11:17:32 AM [vite] (client) Pre-transform error: Failed to resolve import "react/jsx-dev-runtime" from "client/src/components/ui/sheet.tsx". Does the file exist?
[2026-04-18T15:17:32.365Z] Plugin: vite:import-analysis
[2026-04-18T15:17:32.365Z] File: /home/ubuntu/viaoceanica-ai/client/src/components/ui/sheet.tsx:10:9
[2026-04-18T15:17:32.365Z] 1  |  "use client";
[2026-04-18T15:17:32.386Z] 2  |  import { jsxDEV } from "react/jsx-dev-runtime";
[2026-04-18T15:17:32.392Z] |                          ^
[2026-04-18T15:17:32.393Z] 3  |  import * as SheetPrimitive from "@radix-ui/react-dialog";
[2026-04-18T15:17:32.393Z] 4  |  import { XIcon } from "lucide-react";
[2026-04-18T15:17:32.393Z] 11:17:32 AM [vite] (client) Pre-transform error: Failed to resolve import "react/jsx-dev-runtime" from "client/src/components/ui/tooltip.tsx". Does the file exist?
[2026-04-18T15:17:32.393Z] Plugin: vite:import-analysis
[2026-04-18T15:17:32.394Z] File: /home/ubuntu/viaoceanica-ai/client/src/components/ui/tooltip.tsx:11:4
[2026-04-18T15:17:32.394Z] 1  |  import { jsxDEV } from "react/jsx-dev-runtime";
[2026-04-18T15:17:32.394Z] |                          ^
[2026-04-18T15:17:32.394Z] 2  |  import * as TooltipPrimitive from "@radix-ui/react-tooltip";
[2026-04-18T15:17:32.395Z] 3  |  import { cn } from "@/lib/utils";
[2026-04-18T15:17:32.395Z] 11:17:32 AM [vite] (client) Pre-transform error: Failed to resolve import "react" from "client/src/hooks/useMobile.tsx". Does the file exist?
[2026-04-18T15:17:32.395Z] Plugin: vite:import-analysis
[2026-04-18T15:17:32.396Z] File: /home/ubuntu/viaoceanica-ai/client/src/hooks/useMobile.tsx:1:23
[2026-04-18T15:17:32.396Z] 1  |  var _s = $RefreshSig$();
[2026-04-18T15:17:32.396Z] 2  |  import * as React from "react";
[2026-04-18T15:17:32.397Z] |                          ^
[2026-04-18T15:17:32.397Z] 3  |  const MOBILE_BREAKPOINT = 768;
[2026-04-18T15:17:32.397Z] 4  |  export function useIsMobile() {
[2026-04-18T15:17:32.397Z] 11:17:32 AM [vite] (client) Pre-transform error: Failed to resolve import "react" from "client/src/hooks/useComposition.ts". Does the file exist?
[2026-04-18T15:17:32.398Z] Plugin: vite:import-analysis
[2026-04-18T15:17:32.398Z] File: /home/ubuntu/viaoceanica-ai/client/src/hooks/useComposition.ts:1:23
[2026-04-18T15:17:32.398Z] 1  |  import { useRef } from "react";
[2026-04-18T15:17:32.398Z] |                          ^
[2026-04-18T15:17:32.398Z] 2  |  import { usePersistFn } from "./usePersistFn";
[2026-04-18T15:17:32.399Z] 3  |  export function useComposition(options = {}) {
[2026-04-18T15:17:32.399Z] 11:17:32 AM [vite] (client) Pre-transform error: Failed to resolve import "react" from "client/src/hooks/useComposition.ts". Does the file exist?
[2026-04-18T15:17:32.399Z] Plugin: vite:import-analysis
[2026-04-18T15:17:32.399Z] File: /home/ubuntu/viaoceanica-ai/client/src/hooks/useComposition.ts:1:23
[2026-04-18T15:17:32.399Z] 1  |  import { useRef } from "react";
[2026-04-18T15:17:32.400Z] |                          ^
[2026-04-18T15:17:32.400Z] 2  |  import { usePersistFn } from "./usePersistFn";
[2026-04-18T15:17:32.400Z] 3  |  export function useComposition(options = {}) {
[2026-04-18T15:17:32.400Z] 11:17:32 AM [vite] (client) Pre-transform error: Failed to resolve import "react/jsx-dev-runtime" from "client/src/App.tsx". Does the file exist?
[2026-04-18T15:17:32.400Z] Plugin: vite:import-analysis
[2026-04-18T15:17:32.401Z] File: /home/ubuntu/viaoceanica-ai/client/src/App.tsx:44:14
[2026-04-18T15:17:32.401Z] 1  |  import { jsxDEV } from "react/jsx-dev-runtime";
[2026-04-18T15:17:32.401Z] |                          ^
[2026-04-18T15:17:32.401Z] 2  |  var _s = $RefreshSig$(), _s2 = $RefreshSig$(), _s3 = $RefreshSig$();
[2026-04-18T15:17:32.401Z] 3  |  import { Toaster } from "@/components/ui/sonner";
[2026-04-18T15:17:32.402Z] 11:17:32 AM [vite] (client) Pre-transform error: Failed to load PostCSS config (searchPath: /home/ubuntu/viaoceanica-ai/client): [SyntaxError] Expected double-quoted property name in JSON at position 1922 (line 49 column 1)
[2026-04-18T15:17:32.402Z] SyntaxError: Expected double-quoted property name in JSON at position 1922 (line 49 column 1)
[2026-04-18T15:17:32.402Z] at JSON.parse (<anonymous>)
[2026-04-18T15:17:32.402Z] at jsonLoader (/home/ubuntu/viaoceanica-ai/node_modules/.pnpm/vite@7.1.9_@types+node@24.7.0_jiti@2.6.1_lightningcss@1.30.1_tsx@4.20.6/node_modules/vite/dist/node/chunks/dep-Chhhsdoe.js:8141:42)
[2026-04-18T15:17:32.403Z] at Object.search (/home/ubuntu/viaoceanica-ai/node_modules/.pnpm/vite@7.1.9_@types+node@24.7.0_jiti@2.6.1_lightningcss@1.30.1_tsx@4.20.6/node_modules/vite/dist/node/chunks/dep-Chhhsdoe.js:8257:26)
[2026-04-18T15:17:32.403Z] Plugin: vite:css
[2026-04-18T15:17:32.403Z] File: /home/ubuntu/viaoceanica-ai/client/src/index.css
[2026-04-18T15:17:32.403Z] 11:17:32 AM [vite] (client) Pre-transform error: Failed to resolve import "clsx" from "client/src/lib/utils.ts". Does the file exist?
[2026-04-18T15:17:32.403Z] Plugin: vite:import-analysis
[2026-04-18T15:17:32.403Z] File: /home/ubuntu/viaoceanica-ai/client/src/lib/utils.ts:1:38
[2026-04-18T15:17:32.404Z] 1  |  import { clsx } from "clsx";
[2026-04-18T15:17:32.404Z] |                        ^
[2026-04-18T15:17:32.404Z] 2  |  import { twMerge } from "tailwind-merge";
[2026-04-18T15:17:32.404Z] 3  |  export function cn(...inputs) {
[2026-04-18T15:17:32.404Z] 11:17:32 AM [vite] (client) Pre-transform error: Failed to resolve import "clsx" from "client/src/lib/utils.ts". Does the file exist?
[2026-04-18T15:17:32.405Z] Plugin: vite:import-analysis
[2026-04-18T15:17:32.405Z] File: /home/ubuntu/viaoceanica-ai/client/src/lib/utils.ts:1:38
[2026-04-18T15:17:32.405Z] 1  |  import { clsx } from "clsx";
[2026-04-18T15:17:32.405Z] |                        ^
[2026-04-18T15:17:32.405Z] 2  |  import { twMerge } from "tailwind-merge";
[2026-04-18T15:17:32.405Z] 3  |  export function cn(...inputs) {
[2026-04-18T15:17:32.406Z] 11:17:32 AM [vite] (client) Pre-transform error: Failed to resolve import "clsx" from "client/src/lib/utils.ts". Does the file exist?
[2026-04-18T15:17:32.406Z] Plugin: vite:import-analysis
[2026-04-18T15:17:32.406Z] File: /home/ubuntu/viaoceanica-ai/client/src/lib/utils.ts:1:38
[2026-04-18T15:17:32.406Z] 1  |  import { clsx } from "clsx";
[2026-04-18T15:17:32.406Z] |                        ^
[2026-04-18T15:17:32.406Z] 2  |  import { twMerge } from "tailwind-merge";
[2026-04-18T15:17:32.407Z] 3  |  export function cn(...inputs) {
[2026-04-18T15:17:32.407Z] 11:17:32 AM [vite] (client) Pre-transform error: Failed to resolve import "clsx" from "client/src/lib/utils.ts". Does the file exist?
[2026-04-18T15:17:32.407Z] Plugin: vite:import-analysis
[2026-04-18T15:17:32.407Z] File: /home/ubuntu/viaoceanica-ai/client/src/lib/utils.ts:1:38
[2026-04-18T15:17:32.407Z] 1  |  import { clsx } from "clsx";
[2026-04-18T15:17:32.407Z] |                        ^
[2026-04-18T15:17:32.408Z] 2  |  import { twMerge } from "tailwind-merge";
[2026-04-18T15:17:32.408Z] 3  |  export function cn(...inputs) {
[2026-04-18T15:17:32.408Z] 11:17:32 AM [vite] (client) Pre-transform error: Failed to resolve import "clsx" from "client/src/lib/utils.ts". Does the file exist?
[2026-04-18T15:17:32.408Z] Plugin: vite:import-analysis
[2026-04-18T15:17:32.408Z] File: /home/ubuntu/viaoceanica-ai/client/src/lib/utils.ts:1:38
[2026-04-18T15:17:32.408Z] 1  |  import { clsx } from "clsx";
[2026-04-18T15:17:32.411Z] |                        ^
[2026-04-18T15:17:32.411Z] 2  |  import { twMerge } from "tailwind-merge";
[2026-04-18T15:17:32.411Z] 3  |  export function cn(...inputs) {
[2026-04-18T15:17:32.411Z] 11:17:32 AM [vite] (client) Pre-transform error: Failed to resolve import "clsx" from "client/src/lib/utils.ts". Does the file exist?
[2026-04-18T15:17:32.412Z] Plugin: vite:import-analysis
[2026-04-18T15:17:32.412Z] File: /home/ubuntu/viaoceanica-ai/client/src/lib/utils.ts:1:38
[2026-04-18T15:17:32.412Z] 1  |  import { clsx } from "clsx";
[2026-04-18T15:17:32.412Z] |                        ^
[2026-04-18T15:17:32.412Z] 2  |  import { twMerge } from "tailwind-merge";
[2026-04-18T15:17:32.413Z] 3  |  export function cn(...inputs) {
[2026-04-18T15:17:32.413Z] 11:17:32 AM [vite] (client) Pre-transform error: Failed to resolve import "react/jsx-dev-runtime" from "client/src/components/ui/dialog.tsx". Does the file exist?
[2026-04-18T15:17:32.413Z] Plugin: vite:import-analysis
[2026-04-18T15:17:32.413Z] File: /home/ubuntu/viaoceanica-ai/client/src/components/ui/dialog.tsx:51:6
[2026-04-18T15:17:32.413Z] 1  |  import { jsxDEV } from "react/jsx-dev-runtime";
[2026-04-18T15:17:32.413Z] |                          ^
[2026-04-18T15:17:32.414Z] 2  |  var _s = $RefreshSig$(), _s2 = $RefreshSig$(), _s3 = $RefreshSig$();
[2026-04-18T15:17:32.414Z] 3  |  import { cn } from "@/lib/utils";
[2026-04-18T15:17:32.538Z] 11:17:32 AM [vite] (client) Pre-transform error: Failed to resolve import "react" from "client/src/hooks/usePersistFn.ts". Does the file exist?
[2026-04-18T15:17:32.539Z] Plugin: vite:import-analysis
[2026-04-18T15:17:32.539Z] File: /home/ubuntu/viaoceanica-ai/client/src/hooks/usePersistFn.ts:1:23
[2026-04-18T15:17:32.540Z] 1  |  import { useRef } from "react";
[2026-04-18T15:17:32.540Z] |                          ^
[2026-04-18T15:17:32.540Z] 2  |  export function usePersistFn(fn) {
[2026-04-18T15:17:32.540Z] 3  |    const fnRef = useRef(fn);
[2026-04-18T15:17:32.541Z] 11:17:32 AM [vite] (client) Pre-transform error: Failed to resolve import "react/jsx-dev-runtime" from "client/src/components/ErrorBoundary.tsx". Does the file exist?
[2026-04-18T15:17:32.541Z] Plugin: vite:import-analysis
[2026-04-18T15:17:32.542Z] File: /home/ubuntu/viaoceanica-ai/client/src/components/ErrorBoundary.tsx:29:12
[2026-04-18T15:17:32.542Z] 1  |  import { jsxDEV } from "react/jsx-dev-runtime";
[2026-04-18T15:17:32.542Z] |                          ^
[2026-04-18T15:17:32.542Z] 2  |  import { cn } from "@/lib/utils";
[2026-04-18T15:17:32.542Z] 3  |  import { AlertTriangle, RotateCcw } from "lucide-react";
[2026-04-18T15:17:32.543Z] 11:17:32 AM [vite] (client) Pre-transform error: Failed to resolve import "react/jsx-dev-runtime" from "client/src/contexts/ThemeContext.tsx". Does the file exist?
[2026-04-18T15:17:32.543Z] Plugin: vite:import-analysis
[2026-04-18T15:17:32.544Z] File: /home/ubuntu/viaoceanica-ai/client/src/contexts/ThemeContext.tsx:52:4
[2026-04-18T15:17:32.544Z] 1  |  import { jsxDEV } from "react/jsx-dev-runtime";
[2026-04-18T15:17:32.545Z] |                          ^
[2026-04-18T15:17:32.545Z] 2  |  var _s = $RefreshSig$(), _s2 = $RefreshSig$();
[2026-04-18T15:17:32.546Z] 3  |  import { createContext, useContext, useEffect, useState } from "react";
[2026-04-18T15:17:32.554Z] 11:17:32 AM [vite] (client) Pre-transform error: Failed to resolve import "react/jsx-dev-runtime" from "client/src/components/DashboardLayout.tsx". Does the file exist?
[2026-04-18T15:17:32.555Z] Plugin: vite:import-analysis
[2026-04-18T15:17:32.555Z] File: /home/ubuntu/viaoceanica-ai/client/src/components/DashboardLayout.tsx:109:11
[2026-04-18T15:17:32.555Z] 1  |  import { Fragment, jsxDEV } from "react/jsx-dev-runtime";
[2026-04-18T15:17:32.556Z] |                                    ^
[2026-04-18T15:17:32.556Z] 2  |  var _s = $RefreshSig$(), _s2 = $RefreshSig$();
[2026-04-18T15:17:32.556Z] 3  |  import { useAuth } from "@/_core/hooks/useAuth";
[2026-04-18T15:17:32.556Z] 11:17:32 AM [vite] (client) Pre-transform error: Failed to resolve import "react/jsx-dev-runtime" from "client/src/pages/Register.tsx". Does the file exist?
[2026-04-18T15:17:32.556Z] Plugin: vite:import-analysis
[2026-04-18T15:17:32.557Z] File: /home/ubuntu/viaoceanica-ai/client/src/pages/Register.tsx:75:12
[2026-04-18T15:17:32.557Z] 1  |  import { jsxDEV } from "react/jsx-dev-runtime";
[2026-04-18T15:17:32.557Z] |                          ^
[2026-04-18T15:17:32.557Z] 2  |  var _s = $RefreshSig$();
[2026-04-18T15:17:32.557Z] 3  |  import { Button } from "@/components/ui/button";
[2026-04-18T15:17:32.560Z] 11:17:32 AM [vite] (client) Pre-transform error: Failed to resolve import "react/jsx-dev-runtime" from "client/src/pages/Login.tsx". Does the file exist?
[2026-04-18T15:17:32.561Z] Plugin: vite:import-analysis
[2026-04-18T15:17:32.561Z] File: /home/ubuntu/viaoceanica-ai/client/src/pages/Login.tsx:55:12
[2026-04-18T15:17:32.561Z] 1  |  import { jsxDEV } from "react/jsx-dev-runtime";
[2026-04-18T15:17:32.561Z] |                          ^
[2026-04-18T15:17:32.561Z] 2  |  var _s = $RefreshSig$();
[2026-04-18T15:17:32.562Z] 3  |  import { Button } from "@/components/ui/button";
[2026-04-18T15:17:32.562Z] 11:17:32 AM [vite] (client) Pre-transform error: Failed to resolve import "react/jsx-dev-runtime" from "client/src/pages/Home.tsx". Does the file exist?
[2026-04-18T15:17:32.562Z] Plugin: vite:import-analysis
[2026-04-18T15:17:32.562Z] File: /home/ubuntu/viaoceanica-ai/client/src/pages/Home.tsx:17:12
[2026-04-18T15:17:32.563Z] 1  |  import { Fragment, jsxDEV } from "react/jsx-dev-runtime";
[2026-04-18T15:17:32.563Z] |                                    ^
[2026-04-18T15:17:32.563Z] 2  |  var _s = $RefreshSig$();
[2026-04-18T15:17:32.563Z] 3  |  import { useAuth } from "@/_core/hooks/useAuth";
[2026-04-18T15:17:32.565Z] 11:17:32 AM [vite] (client) Pre-transform error: Failed to resolve import "react/jsx-dev-runtime" from "client/src/pages/Dashboard.tsx". Does the file exist?
[2026-04-18T15:17:32.565Z] Plugin: vite:import-analysis
[2026-04-18T15:17:32.565Z] File: /home/ubuntu/viaoceanica-ai/client/src/pages/Dashboard.tsx:37:8
[2026-04-18T15:17:32.566Z] 1  |  import { jsxDEV } from "react/jsx-dev-runtime";
[2026-04-18T15:17:32.566Z] |                          ^
[2026-04-18T15:17:32.566Z] 2  |  var _s = $RefreshSig$();
[2026-04-18T15:17:32.566Z] 3  |  import { useAuth } from "@/_core/hooks/useAuth";
[2026-04-18T15:17:32.571Z] 11:17:32 AM [vite] (client) Pre-transform error: Failed to resolve import "react/jsx-dev-runtime" from "client/src/pages/TeamManagement.tsx". Does the file exist?
[2026-04-18T15:17:32.571Z] Plugin: vite:import-analysis
[2026-04-18T15:17:32.572Z] File: /home/ubuntu/viaoceanica-ai/client/src/pages/TeamManagement.tsx:60:27
[2026-04-18T15:17:32.572Z] 1  |  import { jsxDEV } from "react/jsx-dev-runtime";
[2026-04-18T15:17:32.572Z] |                          ^
[2026-04-18T15:17:32.572Z] 2  |  var _s = $RefreshSig$();
[2026-04-18T15:17:32.573Z] 3  |  import { Card, CardContent, CardDescription, CardHeader, CardTitle } from "@/components/ui/card";
[2026-04-18T15:17:32.577Z] 11:17:32 AM [vite] (client) Pre-transform error: Failed to resolve import "react/jsx-dev-runtime" from "client/src/pages/Modules.tsx". Does the file exist?
[2026-04-18T15:17:32.577Z] Plugin: vite:import-analysis
[2026-04-18T15:17:32.577Z] File: /home/ubuntu/viaoceanica-ai/client/src/pages/Modules.tsx:128:8
[2026-04-18T15:17:32.578Z] 1  |  import { jsxDEV } from "react/jsx-dev-runtime";
[2026-04-18T15:17:32.578Z] |                          ^
[2026-04-18T15:17:32.578Z] 2  |  var _s = $RefreshSig$();
[2026-04-18T15:17:32.578Z] 3  |  import { Card, CardContent, CardDescription, CardHeader, CardTitle } from "@/components/ui/card";
[2026-04-18T15:17:32.580Z] 11:17:32 AM [vite] (client) Pre-transform error: Failed to resolve import "react/jsx-dev-runtime" from "client/src/pages/ResetPassword.tsx". Does the file exist?
[2026-04-18T15:17:32.581Z] Plugin: vite:import-analysis
[2026-04-18T15:17:32.581Z] File: /home/ubuntu/viaoceanica-ai/client/src/pages/ResetPassword.tsx:99:10
[2026-04-18T15:17:32.581Z] 1  |  import { Fragment, jsxDEV } from "react/jsx-dev-runtime";
[2026-04-18T15:17:32.581Z] |                                    ^
[2026-04-18T15:17:32.581Z] 2  |  var _s = $RefreshSig$();
[2026-04-18T15:17:32.582Z] 3  |  import { Button } from "@/components/ui/button";
[2026-04-18T15:17:32.586Z] 11:17:32 AM [vite] (client) Pre-transform error: Failed to resolve import "react/jsx-dev-runtime" from "client/src/pages/CompanyProfile.tsx". Does the file exist?
[2026-04-18T15:17:32.586Z] Plugin: vite:import-analysis
[2026-04-18T15:17:32.586Z] File: /home/ubuntu/viaoceanica-ai/client/src/pages/CompanyProfile.tsx:53:8
[2026-04-18T15:17:32.586Z] 1  |  import { jsxDEV } from "react/jsx-dev-runtime";
[2026-04-18T15:17:32.587Z] |                          ^
[2026-04-18T15:17:32.587Z] 2  |  var _s = $RefreshSig$();
[2026-04-18T15:17:32.587Z] 3  |  import { Card, CardContent, CardDescription, CardHeader, CardTitle } from "@/components/ui/card";
[2026-04-18T15:17:32.587Z] 11:17:32 AM [vite] (client) Pre-transform error: Failed to resolve import "react/jsx-dev-runtime" from "client/src/pages/Tokens.tsx". Does the file exist?
[2026-04-18T15:17:32.587Z] Plugin: vite:import-analysis
[2026-04-18T15:17:32.588Z] File: /home/ubuntu/viaoceanica-ai/client/src/pages/Tokens.tsx:18:8
[2026-04-18T15:17:32.588Z] 1  |  import { jsxDEV } from "react/jsx-dev-runtime";
[2026-04-18T15:17:32.588Z] |                          ^
[2026-04-18T15:17:32.588Z] 2  |  var _s = $RefreshSig$();
[2026-04-18T15:17:32.589Z] 3  |  import { Card, CardContent, CardDescription, CardHeader, CardTitle } from "@/components/ui/card";
[2026-04-18T15:17:32.589Z] 11:17:32 AM [vite] (client) Pre-transform error: Failed to resolve import "react/jsx-dev-runtime" from "client/src/pages/SettingsPage.tsx". Does the file exist?
[2026-04-18T15:17:32.589Z] Plugin: vite:import-analysis
[2026-04-18T15:17:32.589Z] File: /home/ubuntu/viaoceanica-ai/client/src/pages/SettingsPage.tsx:35:8
[2026-04-18T15:17:32.589Z] 1  |  import { jsxDEV } from "react/jsx-dev-runtime";
[2026-04-18T15:17:32.590Z] |                          ^
[2026-04-18T15:17:32.590Z] 2  |  var _s = $RefreshSig$();
[2026-04-18T15:17:32.590Z] 3  |  import { useAuth } from "@/_core/hooks/useAuth";
[2026-04-18T15:17:32.596Z] 11:17:32 AM [vite] (client) Pre-transform error: Failed to resolve import "react/jsx-dev-runtime" from "client/src/pages/UserProfile.tsx". Does the file exist?
[2026-04-18T15:17:32.596Z] Plugin: vite:import-analysis
[2026-04-18T15:17:32.596Z] File: /home/ubuntu/viaoceanica-ai/client/src/pages/UserProfile.tsx:48:15
[2026-04-18T15:17:32.597Z] 1  |  import { jsxDEV } from "react/jsx-dev-runtime";
[2026-04-18T15:17:32.597Z] |                          ^
[2026-04-18T15:17:32.597Z] 2  |  var _s = $RefreshSig$();
[2026-04-18T15:17:32.597Z] 3  |  import { Card, CardContent, CardDescription, CardHeader, CardTitle } from "@/components/ui/card";
[2026-04-18T15:17:32.598Z] 11:17:32 AM [vite] (client) Pre-transform error: Failed to resolve import "react/jsx-dev-runtime" from "client/src/pages/ModulePage.tsx". Does the file exist?
[2026-04-18T15:17:32.598Z] Plugin: vite:import-analysis
[2026-04-18T15:17:32.598Z] File: /home/ubuntu/viaoceanica-ai/client/src/pages/ModulePage.tsx:60:8
[2026-04-18T15:17:32.598Z] 1  |  import { jsxDEV } from "react/jsx-dev-runtime";
[2026-04-18T15:17:32.598Z] |                          ^
[2026-04-18T15:17:32.599Z] 2  |  var _s = $RefreshSig$();
[2026-04-18T15:17:32.599Z] 3  |  import { useLocation } from "wouter";
[2026-04-18T15:17:32.601Z] 11:17:32 AM [vite] (client) Pre-transform error: Failed to resolve import "react/jsx-dev-runtime" from "client/src/pages/Billing.tsx". Does the file exist?
[2026-04-18T15:17:32.601Z] Plugin: vite:import-analysis
[2026-04-18T15:17:32.602Z] File: /home/ubuntu/viaoceanica-ai/client/src/pages/Billing.tsx:150:8
[2026-04-18T15:17:32.602Z] 1  |  import { jsxDEV } from "react/jsx-dev-runtime";
[2026-04-18T15:17:32.602Z] |                          ^
[2026-04-18T15:17:32.602Z] 2  |  var _s = $RefreshSig$();
[2026-04-18T15:17:32.603Z] 3  |  import { Card, CardContent, CardDescription, CardHeader, CardTitle } from "@/components/ui/card";
[2026-04-18T15:17:32.604Z] 11:17:32 AM [vite] (client) Pre-transform error: Failed to resolve import "react/jsx-dev-runtime" from "client/src/pages/admin/AdminLogin.tsx". Does the file exist?
[2026-04-18T15:17:32.604Z] Plugin: vite:import-analysis
[2026-04-18T15:17:32.605Z] File: /home/ubuntu/viaoceanica-ai/client/src/pages/admin/AdminLogin.tsx:49:10
[2026-04-18T15:17:32.605Z] 1  |  import { jsxDEV } from "react/jsx-dev-runtime";
[2026-04-18T15:17:32.605Z] |                          ^
[2026-04-18T15:17:32.606Z] 2  |  var _s = $RefreshSig$();
[2026-04-18T15:17:32.606Z] 3  |  import { Button } from "@/components/ui/button";
[2026-04-18T15:17:32.611Z] 11:17:32 AM [vite] (client) Pre-transform error: Failed to resolve import "react/jsx-dev-runtime" from "client/src/pages/admin/AdminDashboard.tsx". Does the file exist?
[2026-04-18T15:17:32.612Z] Plugin: vite:import-analysis
[2026-04-18T15:17:32.612Z] File: /home/ubuntu/viaoceanica-ai/client/src/pages/admin/AdminDashboard.tsx:22:8
[2026-04-18T15:17:32.612Z] 1  |  import { jsxDEV } from "react/jsx-dev-runtime";
[2026-04-18T15:17:32.612Z] |                          ^
[2026-04-18T15:17:32.613Z] 2  |  var _s = $RefreshSig$();
[2026-04-18T15:17:32.613Z] 3  |  import { Card, CardContent, CardDescription, CardHeader, CardTitle } from "@/components/ui/card";
[2026-04-18T15:17:32.613Z] 11:17:32 AM [vite] (client) Pre-transform error: Failed to resolve import "react/jsx-dev-runtime" from "client/src/pages/ForgotPassword.tsx". Does the file exist?
[2026-04-18T15:17:32.613Z] Plugin: vite:import-analysis
[2026-04-18T15:17:32.613Z] File: /home/ubuntu/viaoceanica-ai/client/src/pages/ForgotPassword.tsx:54:12
[2026-04-18T15:17:32.614Z] 1  |  import { Fragment, jsxDEV } from "react/jsx-dev-runtime";
[2026-04-18T15:17:32.614Z] |                                    ^
[2026-04-18T15:17:32.614Z] 2  |  var _s = $RefreshSig$();
[2026-04-18T15:17:32.614Z] 3  |  import { Button } from "@/components/ui/button";
[2026-04-18T15:17:32.614Z] 11:17:32 AM [vite] (client) Pre-transform error: Failed to resolve import "react/jsx-dev-runtime" from "client/src/pages/admin/AdminTokens.tsx". Does the file exist?
[2026-04-18T15:17:32.614Z] Plugin: vite:import-analysis
[2026-04-18T15:17:32.615Z] File: /home/ubuntu/viaoceanica-ai/client/src/pages/admin/AdminTokens.tsx:19:8
[2026-04-18T15:17:32.615Z] 1  |  import { jsxDEV } from "react/jsx-dev-runtime";
[2026-04-18T15:17:32.615Z] |                          ^
[2026-04-18T15:17:32.615Z] 2  |  var _s = $RefreshSig$();
[2026-04-18T15:17:32.615Z] 3  |  import { Card, CardContent, CardDescription, CardHeader, CardTitle } from "@/components/ui/card";
[2026-04-18T15:17:32.632Z] 11:17:32 AM [vite] (client) Pre-transform error: Failed to resolve import "react/jsx-dev-runtime" from "client/src/pages/admin/AdminModules.tsx". Does the file exist?
[2026-04-18T15:17:32.633Z] Plugin: vite:import-analysis
[2026-04-18T15:17:32.633Z] File: /home/ubuntu/viaoceanica-ai/client/src/pages/admin/AdminModules.tsx:162:16
[2026-04-18T15:17:32.633Z] 1  |  import { Fragment, jsxDEV } from "react/jsx-dev-runtime";
[2026-04-18T15:17:32.633Z] |                                    ^
[2026-04-18T15:17:32.634Z] 2  |  var _s = $RefreshSig$(), _s2 = $RefreshSig$();
[2026-04-18T15:17:32.634Z] 3  |  import { Card, CardContent, CardDescription, CardHeader, CardTitle } from "@/components/ui/card";
[2026-04-18T15:17:32.639Z] 11:17:32 AM [vite] (client) Pre-transform error: Failed to resolve import "react/jsx-dev-runtime" from "client/src/pages/admin/AdminPlans.tsx". Does the file exist?
[2026-04-18T15:17:32.639Z] Plugin: vite:import-analysis
[2026-04-18T15:17:32.639Z] File: /home/ubuntu/viaoceanica-ai/client/src/pages/admin/AdminPlans.tsx:146:10
[2026-04-18T15:17:32.640Z] 1  |  import { jsxDEV } from "react/jsx-dev-runtime";
[2026-04-18T15:17:32.640Z] |                          ^
[2026-04-18T15:17:32.640Z] 2  |  var _s = $RefreshSig$();
[2026-04-18T15:17:32.640Z] 3  |  import { Card, CardContent, CardDescription, CardHeader, CardTitle } from "@/components/ui/card";
[2026-04-18T15:17:32.650Z] 11:17:32 AM [vite] (client) Pre-transform error: Failed to resolve import "react/jsx-dev-runtime" from "client/src/pages/admin/AdminCompanies.tsx". Does the file exist?
[2026-04-18T15:17:32.650Z] Plugin: vite:import-analysis
[2026-04-18T15:17:32.650Z] File: /home/ubuntu/viaoceanica-ai/client/src/pages/admin/AdminCompanies.tsx:168:10
[2026-04-18T15:17:32.650Z] 1  |  import { jsxDEV } from "react/jsx-dev-runtime";
[2026-04-18T15:17:32.651Z] |                          ^
[2026-04-18T15:17:32.651Z] 2  |  var _s = $RefreshSig$();
[2026-04-18T15:17:32.651Z] 3  |  import { Card, CardContent, CardDescription, CardHeader, CardTitle } from "@/components/ui/card";
[2026-04-18T15:17:32.657Z] 11:17:32 AM [vite] (client) Pre-transform error: Failed to resolve import "react/jsx-dev-runtime" from "client/src/pages/admin/AdminAIUsage.tsx". Does the file exist?
[2026-04-18T15:17:32.658Z] Plugin: vite:import-analysis
[2026-04-18T15:17:32.658Z] File: /home/ubuntu/viaoceanica-ai/client/src/pages/admin/AdminAIUsage.tsx:120:10
[2026-04-18T15:17:32.659Z] 1  |  import { jsxDEV } from "react/jsx-dev-runtime";
[2026-04-18T15:17:32.659Z] |                          ^
[2026-04-18T15:17:32.659Z] 2  |  var _s = $RefreshSig$();
[2026-04-18T15:17:32.659Z] 3  |  import { Card, CardContent, CardDescription, CardHeader, CardTitle } from "@/components/ui/card";
[2026-04-18T15:17:32.667Z] 11:17:32 AM [vite] (client) Pre-transform error: Failed to resolve import "react/jsx-dev-runtime" from "client/src/pages/admin/AdminBilling.tsx". Does the file exist?
[2026-04-18T15:17:32.667Z] Plugin: vite:import-analysis
[2026-04-18T15:17:32.668Z] File: /home/ubuntu/viaoceanica-ai/client/src/pages/admin/AdminBilling.tsx:19:8
[2026-04-18T15:17:32.668Z] 1  |  import { jsxDEV } from "react/jsx-dev-runtime";
[2026-04-18T15:17:32.668Z] |                          ^
[2026-04-18T15:17:32.668Z] 2  |  var _s = $RefreshSig$();
[2026-04-18T15:17:32.669Z] 3  |  import { Card, CardContent, CardDescription, CardHeader, CardTitle } from "@/components/ui/card";
[2026-04-18T15:17:32.669Z] 11:17:32 AM [vite] (client) Pre-transform error: Failed to resolve import "react/jsx-dev-runtime" from "client/src/pages/admin/AdminSettings.tsx". Does the file exist?
[2026-04-18T15:17:32.669Z] Plugin: vite:import-analysis
[2026-04-18T15:17:32.669Z] File: /home/ubuntu/viaoceanica-ai/client/src/pages/admin/AdminSettings.tsx:56:8
[2026-04-18T15:17:32.670Z] 1  |  import { jsxDEV } from "react/jsx-dev-runtime";
[2026-04-18T15:17:32.670Z] |                          ^
[2026-04-18T15:17:32.670Z] 2  |  var _s = $RefreshSig$();
[2026-04-18T15:17:32.670Z] 3  |  import { Card, CardContent, CardDescription, CardHeader, CardTitle } from "@/components/ui/card";
[2026-04-18T15:17:32.671Z] 11:17:32 AM [vite] (client) Pre-transform error: Failed to resolve import "react/jsx-dev-runtime" from "client/src/components/ui/sonner.tsx". Does the file exist?
[2026-04-18T15:17:32.671Z] Plugin: vite:import-analysis
[2026-04-18T15:17:32.671Z] File: /home/ubuntu/viaoceanica-ai/client/src/components/ui/sonner.tsx:8:4
[2026-04-18T15:17:32.671Z] 1  |  import { jsxDEV } from "react/jsx-dev-runtime";
[2026-04-18T15:17:32.671Z] |                          ^
[2026-04-18T15:17:32.672Z] 2  |  var _s = $RefreshSig$();
[2026-04-18T15:17:32.672Z] 3  |  import { useTheme } from "next-themes";
[2026-04-18T15:17:32.672Z] 11:17:32 AM [vite] (client) Pre-transform error: Failed to resolve import "react/jsx-dev-runtime" from "client/src/components/ui/tooltip.tsx". Does the file exist?
[2026-04-18T15:17:32.672Z] Plugin: vite:import-analysis
[2026-04-18T15:17:32.672Z] File: /home/ubuntu/viaoceanica-ai/client/src/components/ui/tooltip.tsx:11:4
[2026-04-18T15:17:32.673Z] 1  |  import { jsxDEV } from "react/jsx-dev-runtime";
[2026-04-18T15:17:32.673Z] |                          ^
[2026-04-18T15:17:32.673Z] 2  |  import * as TooltipPrimitive from "@radix-ui/react-tooltip";
[2026-04-18T15:17:32.673Z] 3  |  import { cn } from "@/lib/utils";
[2026-04-18T15:17:32.673Z] 11:17:32 AM [vite] (client) Pre-transform error: Failed to resolve import "react/jsx-dev-runtime" from "client/src/pages/NotFound.tsx". Does the file exist?
[2026-04-18T15:17:32.674Z] Plugin: vite:import-analysis
[2026-04-18T15:17:32.674Z] File: /home/ubuntu/viaoceanica-ai/client/src/pages/NotFound.tsx:19:14
[2026-04-18T15:17:32.674Z] 1  |  import { jsxDEV } from "react/jsx-dev-runtime";
[2026-04-18T15:17:32.674Z] |                          ^
[2026-04-18T15:17:32.674Z] 2  |  var _s = $RefreshSig$();
[2026-04-18T15:17:32.675Z] 3  |  import { Button } from "@/components/ui/button";
[2026-04-18T15:17:32.768Z] 11:17:32 AM [vite] (client) Pre-transform error: Failed to resolve import "clsx" from "client/src/lib/utils.ts". Does the file exist?
[2026-04-18T15:17:32.769Z] Plugin: vite:import-analysis
[2026-04-18T15:17:32.769Z] File: /home/ubuntu/viaoceanica-ai/client/src/lib/utils.ts:1:38
[2026-04-18T15:17:32.770Z] 1  |  import { clsx } from "clsx";
[2026-04-18T15:17:32.770Z] |                        ^
[2026-04-18T15:17:32.770Z] 2  |  import { twMerge } from "tailwind-merge";
[2026-04-18T15:17:32.771Z] 3  |  export function cn(...inputs) {
[2026-04-18T15:17:32.771Z] 11:17:32 AM [vite] (client) Pre-transform error: Failed to resolve import "clsx" from "client/src/lib/utils.ts". Does the file exist?
[2026-04-18T15:17:32.771Z] Plugin: vite:import-analysis
[2026-04-18T15:17:32.771Z] File: /home/ubuntu/viaoceanica-ai/client/src/lib/utils.ts:1:38
[2026-04-18T15:17:32.771Z] 1  |  import { clsx } from "clsx";
[2026-04-18T15:17:32.772Z] |                        ^
[2026-04-18T15:17:32.772Z] 2  |  import { twMerge } from "tailwind-merge";
[2026-04-18T15:17:32.772Z] 3  |  export function cn(...inputs) {
[2026-04-18T15:17:32.772Z] 11:17:32 AM [vite] (client) Pre-transform error: Failed to resolve import "react/jsx-dev-runtime" from "client/src/components/ui/button.tsx". Does the file exist?
[2026-04-18T15:17:32.772Z] Plugin: vite:import-analysis
[2026-04-18T15:17:32.773Z] File: /home/ubuntu/viaoceanica-ai/client/src/components/ui/button.tsx:52:4
[2026-04-18T15:17:32.773Z] 1  |  import { jsxDEV } from "react/jsx-dev-runtime";
[2026-04-18T15:17:32.773Z] |                          ^
[2026-04-18T15:17:32.773Z] 2  |  import { Slot } from "@radix-ui/react-slot";
[2026-04-18T15:17:32.773Z] 3  |  import { cva } from "class-variance-authority";
[2026-04-18T15:17:32.774Z] 11:17:32 AM [vite] (client) Pre-transform error: Failed to resolve import "react/jsx-dev-runtime" from "client/src/components/ui/button.tsx". Does the file exist?
[2026-04-18T15:17:32.774Z] Plugin: vite:import-analysis
[2026-04-18T15:17:32.774Z] File: /home/ubuntu/viaoceanica-ai/client/src/components/ui/button.tsx:52:4
[2026-04-18T15:17:32.774Z] 1  |  import { jsxDEV } from "react/jsx-dev-runtime";
[2026-04-18T15:17:32.775Z] |                          ^
[2026-04-18T15:17:32.775Z] 2  |  import { Slot } from "@radix-ui/react-slot";
[2026-04-18T15:17:32.775Z] 3  |  import { cva } from "class-variance-authority";
[2026-04-18T15:17:32.776Z] 11:17:32 AM [vite] (client) Pre-transform error: Failed to resolve import "react/jsx-dev-runtime" from "client/src/components/ui/button.tsx". Does the file exist?
[2026-04-18T15:17:32.776Z] Plugin: vite:import-analysis
[2026-04-18T15:17:32.776Z] File: /home/ubuntu/viaoceanica-ai/client/src/components/ui/button.tsx:52:4
[2026-04-18T15:17:32.777Z] 1  |  import { jsxDEV } from "react/jsx-dev-runtime";
[2026-04-18T15:17:32.777Z] |                          ^
[2026-04-18T15:17:32.777Z] 2  |  import { Slot } from "@radix-ui/react-slot";
[2026-04-18T15:17:32.777Z] 3  |  import { cva } from "class-variance-authority";
[2026-04-18T15:17:32.778Z] 11:17:32 AM [vite] (client) Pre-transform error: Failed to resolve import "react/jsx-dev-runtime" from "client/src/components/ui/button.tsx". Does the file exist?
[2026-04-18T15:17:32.779Z] Plugin: vite:import-analysis
[2026-04-18T15:17:32.779Z] File: /home/ubuntu/viaoceanica-ai/client/src/components/ui/button.tsx:52:4
[2026-04-18T15:17:32.779Z] 1  |  import { jsxDEV } from "react/jsx-dev-runtime";
[2026-04-18T15:17:32.779Z] |                          ^
[2026-04-18T15:17:32.780Z] 2  |  import { Slot } from "@radix-ui/react-slot";
[2026-04-18T15:17:32.780Z] 3  |  import { cva } from "class-variance-authority";
[2026-04-18T15:17:32.780Z] 11:17:32 AM [vite] (client) Pre-transform error: Failed to resolve import "react/jsx-dev-runtime" from "client/src/components/ui/button.tsx". Does the file exist?
[2026-04-18T15:17:32.780Z] Plugin: vite:import-analysis
[2026-04-18T15:17:32.781Z] File: /home/ubuntu/viaoceanica-ai/client/src/components/ui/button.tsx:52:4
[2026-04-18T15:17:32.781Z] 1  |  import { jsxDEV } from "react/jsx-dev-runtime";
[2026-04-18T15:17:32.781Z] |                          ^
[2026-04-18T15:17:32.781Z] 2  |  import { Slot } from "@radix-ui/react-slot";
[2026-04-18T15:17:32.781Z] 3  |  import { cva } from "class-variance-authority";
[2026-04-18T15:17:32.782Z] 11:17:32 AM [vite] (client) Pre-transform error: Failed to resolve import "react/jsx-dev-runtime" from "client/src/components/ui/button.tsx". Does the file exist?
[2026-04-18T15:17:32.782Z] Plugin: vite:import-analysis
[2026-04-18T15:17:32.782Z] File: /home/ubuntu/viaoceanica-ai/client/src/components/ui/button.tsx:52:4
[2026-04-18T15:17:32.782Z] 1  |  import { jsxDEV } from "react/jsx-dev-runtime";
[2026-04-18T15:17:32.782Z] |                          ^
[2026-04-18T15:17:32.783Z] 2  |  import { Slot } from "@radix-ui/react-slot";
[2026-04-18T15:17:32.783Z] 3  |  import { cva } from "class-variance-authority";
[2026-04-18T15:17:32.783Z] 11:17:32 AM [vite] (client) Pre-transform error: Failed to resolve import "react/jsx-dev-runtime" from "client/src/components/ui/button.tsx". Does the file exist?
[2026-04-18T15:17:32.783Z] Plugin: vite:import-analysis
[2026-04-18T15:17:32.783Z] File: /home/ubuntu/viaoceanica-ai/client/src/components/ui/button.tsx:52:4
[2026-04-18T15:17:32.784Z] 1  |  import { jsxDEV } from "react/jsx-dev-runtime";
[2026-04-18T15:17:32.784Z] |                          ^
[2026-04-18T15:17:32.784Z] 2  |  import { Slot } from "@radix-ui/react-slot";
[2026-04-18T15:17:32.784Z] 3  |  import { cva } from "class-variance-authority";
[2026-04-18T15:17:32.784Z] 11:17:32 AM [vite] (client) Pre-transform error: Failed to resolve import "react/jsx-dev-runtime" from "client/src/components/ui/button.tsx". Does the file exist?
[2026-04-18T15:17:32.785Z] Plugin: vite:import-analysis
[2026-04-18T15:17:32.785Z] File: /home/ubuntu/viaoceanica-ai/client/src/components/ui/button.tsx:52:4
[2026-04-18T15:17:32.785Z] 1  |  import { jsxDEV } from "react/jsx-dev-runtime";
[2026-04-18T15:17:32.785Z] |                          ^
[2026-04-18T15:17:32.785Z] 2  |  import { Slot } from "@radix-ui/react-slot";
[2026-04-18T15:17:32.786Z] 3  |  import { cva } from "class-variance-authority";
[2026-04-18T15:17:32.786Z] 11:17:32 AM [vite] (client) Pre-transform error: Failed to resolve import "react/jsx-dev-runtime" from "client/src/components/ui/button.tsx". Does the file exist?
[2026-04-18T15:17:32.786Z] Plugin: vite:import-analysis
[2026-04-18T15:17:32.786Z] File: /home/ubuntu/viaoceanica-ai/client/src/components/ui/button.tsx:52:4
[2026-04-18T15:17:32.786Z] 1  |  import { jsxDEV } from "react/jsx-dev-runtime";
[2026-04-18T15:17:32.786Z] |                          ^
[2026-04-18T15:17:32.787Z] 2  |  import { Slot } from "@radix-ui/react-slot";
[2026-04-18T15:17:32.787Z] 3  |  import { cva } from "class-variance-authority";
[2026-04-18T15:17:32.787Z] 11:17:32 AM [vite] (client) Pre-transform error: Failed to resolve import "react/jsx-dev-runtime" from "client/src/components/ui/button.tsx". Does the file exist?
[2026-04-18T15:17:32.787Z] Plugin: vite:import-analysis
[2026-04-18T15:17:32.787Z] File: /home/ubuntu/viaoceanica-ai/client/src/components/ui/button.tsx:52:4
[2026-04-18T15:17:32.788Z] 1  |  import { jsxDEV } from "react/jsx-dev-runtime";
[2026-04-18T15:17:32.788Z] |                          ^
[2026-04-18T15:17:32.788Z] 2  |  import { Slot } from "@radix-ui/react-slot";
[2026-04-18T15:17:32.788Z] 3  |  import { cva } from "class-variance-authority";
[2026-04-18T15:17:32.789Z] 11:17:32 AM [vite] (client) Pre-transform error: Failed to resolve import "react/jsx-dev-runtime" from "client/src/components/ui/button.tsx". Does the file exist?
[2026-04-18T15:17:32.789Z] Plugin: vite:import-analysis
[2026-04-18T15:17:32.789Z] File: /home/ubuntu/viaoceanica-ai/client/src/components/ui/button.tsx:52:4
[2026-04-18T15:17:32.789Z] 1  |  import { jsxDEV } from "react/jsx-dev-runtime";
[2026-04-18T15:17:32.789Z] |                          ^
[2026-04-18T15:17:32.790Z] 2  |  import { Slot } from "@radix-ui/react-slot";
[2026-04-18T15:17:32.790Z] 3  |  import { cva } from "class-variance-authority";
[2026-04-18T15:17:32.790Z] 11:17:32 AM [vite] (client) Pre-transform error: Failed to resolve import "react/jsx-dev-runtime" from "client/src/components/ui/button.tsx". Does the file exist?
[2026-04-18T15:17:32.790Z] Plugin: vite:import-analysis
[2026-04-18T15:17:32.790Z] File: /home/ubuntu/viaoceanica-ai/client/src/components/ui/button.tsx:52:4
[2026-04-18T15:17:32.791Z] 1  |  import { jsxDEV } from "react/jsx-dev-runtime";
[2026-04-18T15:17:32.791Z] |                          ^
[2026-04-18T15:17:32.791Z] 2  |  import { Slot } from "@radix-ui/react-slot";
[2026-04-18T15:17:32.791Z] 3  |  import { cva } from "class-variance-authority";
[2026-04-18T15:17:32.791Z] 11:17:32 AM [vite] (client) Pre-transform error: Failed to resolve import "react/jsx-dev-runtime" from "client/src/components/ui/button.tsx". Does the file exist?
[2026-04-18T15:17:32.792Z] Plugin: vite:import-analysis
[2026-04-18T15:17:32.792Z] File: /home/ubuntu/viaoceanica-ai/client/src/components/ui/button.tsx:52:4
[2026-04-18T15:17:32.792Z] 1  |  import { jsxDEV } from "react/jsx-dev-runtime";
[2026-04-18T15:17:32.792Z] |                          ^
[2026-04-18T15:17:32.792Z] 2  |  import { Slot } from "@radix-ui/react-slot";
[2026-04-18T15:17:32.793Z] 3  |  import { cva } from "class-variance-authority";
[2026-04-18T15:17:32.793Z] 11:17:32 AM [vite] (client) Pre-transform error: Failed to resolve import "react/jsx-dev-runtime" from "client/src/components/ui/button.tsx". Does the file exist?
[2026-04-18T15:17:32.793Z] Plugin: vite:import-analysis
[2026-04-18T15:17:32.793Z] File: /home/ubuntu/viaoceanica-ai/client/src/components/ui/button.tsx:52:4
[2026-04-18T15:17:32.793Z] 1  |  import { jsxDEV } from "react/jsx-dev-runtime";
[2026-04-18T15:17:32.793Z] |                          ^
[2026-04-18T15:17:32.794Z] 2  |  import { Slot } from "@radix-ui/react-slot";
[2026-04-18T15:17:32.794Z] 3  |  import { cva } from "class-variance-authority";
[2026-04-18T15:17:32.794Z] 11:17:32 AM [vite] (client) Pre-transform error: Failed to resolve import "react/jsx-dev-runtime" from "client/src/components/ui/button.tsx". Does the file exist?
[2026-04-18T15:17:32.794Z] Plugin: vite:import-analysis
[2026-04-18T15:17:32.794Z] File: /home/ubuntu/viaoceanica-ai/client/src/components/ui/button.tsx:52:4
[2026-04-18T15:17:32.795Z] 1  |  import { jsxDEV } from "react/jsx-dev-runtime";
[2026-04-18T15:17:32.795Z] |                          ^
[2026-04-18T15:17:32.795Z] 2  |  import { Slot } from "@radix-ui/react-slot";
[2026-04-18T15:17:32.795Z] 3  |  import { cva } from "class-variance-authority";
[2026-04-18T15:17:32.795Z] 11:17:32 AM [vite] (client) Pre-transform error: Failed to resolve import "react/jsx-dev-runtime" from "client/src/components/ui/button.tsx". Does the file exist?
[2026-04-18T15:17:32.795Z] Plugin: vite:import-analysis
[2026-04-18T15:17:32.796Z] File: /home/ubuntu/viaoceanica-ai/client/src/components/ui/button.tsx:52:4
[2026-04-18T15:17:32.796Z] 1  |  import { jsxDEV } from "react/jsx-dev-runtime";
[2026-04-18T15:17:32.796Z] |                          ^
[2026-04-18T15:17:32.796Z] 2  |  import { Slot } from "@radix-ui/react-slot";
[2026-04-18T15:17:32.796Z] 3  |  import { cva } from "class-variance-authority";
[2026-04-18T15:17:32.797Z] 11:17:32 AM [vite] (client) Pre-transform error: Failed to resolve import "react/jsx-dev-runtime" from "client/src/components/ui/button.tsx". Does the file exist?
[2026-04-18T15:17:32.797Z] Plugin: vite:import-analysis
[2026-04-18T15:17:32.797Z] File: /home/ubuntu/viaoceanica-ai/client/src/components/ui/button.tsx:52:4
[2026-04-18T15:17:32.797Z] 1  |  import { jsxDEV } from "react/jsx-dev-runtime";
[2026-04-18T15:17:32.797Z] |                          ^
[2026-04-18T15:17:32.797Z] 2  |  import { Slot } from "@radix-ui/react-slot";
[2026-04-18T15:17:32.798Z] 3  |  import { cva } from "class-variance-authority";
[2026-04-18T15:17:32.798Z] 11:17:32 AM [vite] (client) Pre-transform error: Failed to resolve import "react/jsx-dev-runtime" from "client/src/components/ui/button.tsx". Does the file exist?
[2026-04-18T15:17:32.798Z] Plugin: vite:import-analysis
[2026-04-18T15:17:32.798Z] File: /home/ubuntu/viaoceanica-ai/client/src/components/ui/button.tsx:52:4
[2026-04-18T15:17:32.798Z] 1  |  import { jsxDEV } from "react/jsx-dev-runtime";
[2026-04-18T15:17:32.799Z] |                          ^
[2026-04-18T15:17:32.799Z] 2  |  import { Slot } from "@radix-ui/react-slot";
[2026-04-18T15:17:32.799Z] 3  |  import { cva } from "class-variance-authority";
[2026-04-18T15:17:32.799Z] 11:17:32 AM [vite] (client) Pre-transform error: Failed to resolve import "react/jsx-dev-runtime" from "client/src/components/ui/button.tsx". Does the file exist?
[2026-04-18T15:17:32.799Z] Plugin: vite:import-analysis
[2026-04-18T15:17:32.799Z] File: /home/ubuntu/viaoceanica-ai/client/src/components/ui/button.tsx:52:4
[2026-04-18T15:17:32.800Z] 1  |  import { jsxDEV } from "react/jsx-dev-runtime";
[2026-04-18T15:17:32.800Z] |                          ^
[2026-04-18T15:17:32.800Z] 2  |  import { Slot } from "@radix-ui/react-slot";
[2026-04-18T15:17:32.800Z] 3  |  import { cva } from "class-variance-authority";
[2026-04-18T15:17:32.800Z] 11:17:32 AM [vite] (client) Pre-transform error: Failed to resolve import "react" from "client/src/_core/hooks/useAuth.ts". Does the file exist?
[2026-04-18T15:17:32.801Z] Plugin: vite:import-analysis
[2026-04-18T15:17:32.801Z] File: /home/ubuntu/viaoceanica-ai/client/src/_core/hooks/useAuth.ts:1:58
[2026-04-18T15:17:32.801Z] 1  |  import { useCallback, useEffect, useMemo, useState } from "react";
[2026-04-18T15:17:32.801Z] |                                                             ^
[2026-04-18T15:17:32.801Z] 2  |  export function useAuth() {
[2026-04-18T15:17:32.801Z] 3  |    const [user, setUser] = useState(null);
[2026-04-18T15:17:32.802Z] 11:17:32 AM [vite] (client) Pre-transform error: Failed to resolve import "react" from "client/src/_core/hooks/useAuth.ts". Does the file exist?
[2026-04-18T15:17:32.802Z] Plugin: vite:import-analysis
[2026-04-18T15:17:32.802Z] File: /home/ubuntu/viaoceanica-ai/client/src/_core/hooks/useAuth.ts:1:58
[2026-04-18T15:17:32.802Z] 1  |  import { useCallback, useEffect, useMemo, useState } from "react";
[2026-04-18T15:17:32.802Z] |                                                             ^
[2026-04-18T15:17:32.802Z] 2  |  export function useAuth() {
[2026-04-18T15:17:32.803Z] 3  |    const [user, setUser] = useState(null);
[2026-04-18T15:17:32.803Z] 11:17:32 AM [vite] (client) Pre-transform error: Failed to resolve import "react" from "client/src/_core/hooks/useAuth.ts". Does the file exist?
[2026-04-18T15:17:32.803Z] Plugin: vite:import-analysis
[2026-04-18T15:17:32.803Z] File: /home/ubuntu/viaoceanica-ai/client/src/_core/hooks/useAuth.ts:1:58
[2026-04-18T15:17:32.803Z] 1  |  import { useCallback, useEffect, useMemo, useState } from "react";
[2026-04-18T15:17:32.804Z] |                                                             ^
[2026-04-18T15:17:32.804Z] 2  |  export function useAuth() {
[2026-04-18T15:17:32.804Z] 3  |    const [user, setUser] = useState(null);
[2026-04-18T15:17:32.804Z] 11:17:32 AM [vite] (client) Pre-transform error: Failed to resolve import "react" from "client/src/_core/hooks/useAuth.ts". Does the file exist?
[2026-04-18T15:17:32.804Z] Plugin: vite:import-analysis
[2026-04-18T15:17:32.804Z] File: /home/ubuntu/viaoceanica-ai/client/src/_core/hooks/useAuth.ts:1:58
[2026-04-18T15:17:32.805Z] 1  |  import { useCallback, useEffect, useMemo, useState } from "react";
[2026-04-18T15:17:32.805Z] |                                                             ^
[2026-04-18T15:17:32.805Z] 2  |  export function useAuth() {
[2026-04-18T15:17:32.805Z] 3  |    const [user, setUser] = useState(null);
[2026-04-18T15:17:32.805Z] 11:17:32 AM [vite] (client) Pre-transform error: Failed to resolve import "react" from "client/src/_core/hooks/useAuth.ts". Does the file exist?
[2026-04-18T15:17:32.806Z] Plugin: vite:import-analysis
[2026-04-18T15:17:32.806Z] File: /home/ubuntu/viaoceanica-ai/client/src/_core/hooks/useAuth.ts:1:58
[2026-04-18T15:17:32.806Z] 1  |  import { useCallback, useEffect, useMemo, useState } from "react";
[2026-04-18T15:17:32.806Z] |                                                             ^
[2026-04-18T15:17:32.806Z] 2  |  export function useAuth() {
[2026-04-18T15:17:32.807Z] 3  |    const [user, setUser] = useState(null);
[2026-04-18T15:17:32.807Z] 11:17:32 AM [vite] (client) Pre-transform error: Failed to resolve import "react/jsx-dev-runtime" from "client/src/components/ui/dropdown-menu.tsx". Does the file exist?
[2026-04-18T15:17:32.808Z] Plugin: vite:import-analysis
[2026-04-18T15:17:32.808Z] File: /home/ubuntu/viaoceanica-ai/client/src/components/ui/dropdown-menu.tsx:10:9
[2026-04-18T15:17:32.808Z] 1  |  import { jsxDEV } from "react/jsx-dev-runtime";
[2026-04-18T15:17:32.808Z] |                          ^
[2026-04-18T15:17:32.808Z] 2  |  import * as DropdownMenuPrimitive from "@radix-ui/react-dropdown-menu";
[2026-04-18T15:17:32.809Z] 3  |  import { CheckIcon, ChevronRightIcon, CircleIcon } from "lucide-react";
[2026-04-18T15:17:32.809Z] 11:17:32 AM [vite] (client) Pre-transform error: Failed to resolve import "clsx" from "client/src/lib/utils.ts". Does the file exist?
[2026-04-18T15:17:32.809Z] Plugin: vite:import-analysis
[2026-04-18T15:17:32.809Z] File: /home/ubuntu/viaoceanica-ai/client/src/lib/utils.ts:1:38
[2026-04-18T15:17:32.809Z] 1  |  import { clsx } from "clsx";
[2026-04-18T15:17:32.809Z] |                        ^
[2026-04-18T15:17:32.810Z] 2  |  import { twMerge } from "tailwind-merge";
[2026-04-18T15:17:32.810Z] 3  |  export function cn(...inputs) {
[2026-04-18T15:17:32.810Z] 11:17:32 AM [vite] (client) Pre-transform error: Failed to resolve import "react/jsx-dev-runtime" from "client/src/components/ui/button.tsx". Does the file exist?
[2026-04-18T15:17:32.810Z] Plugin: vite:import-analysis
[2026-04-18T15:17:32.810Z] File: /home/ubuntu/viaoceanica-ai/client/src/components/ui/button.tsx:52:4
[2026-04-18T15:17:32.811Z] 1  |  import { jsxDEV } from "react/jsx-dev-runtime";
[2026-04-18T15:17:32.811Z] |                          ^
[2026-04-18T15:17:32.827Z] 2  |  import { Slot } from "@radix-ui/react-slot";
[2026-04-18T15:17:32.838Z] 3  |  import { cva } from "class-variance-authority";
[2026-04-18T15:17:32.839Z] 11:17:32 AM [vite] (client) Pre-transform error: Failed to resolve import "react" from "client/src/_core/hooks/useAuth.ts". Does the file exist?
[2026-04-18T15:17:32.839Z] Plugin: vite:import-analysis
[2026-04-18T15:17:32.839Z] File: /home/ubuntu/viaoceanica-ai/client/src/_core/hooks/useAuth.ts:1:58
[2026-04-18T15:17:32.839Z] 1  |  import { useCallback, useEffect, useMemo, useState } from "react";
[2026-04-18T15:17:32.840Z] |                                                             ^
[2026-04-18T15:17:32.840Z] 2  |  export function useAuth() {
[2026-04-18T15:17:32.841Z] 3  |    const [user, setUser] = useState(null);
[2026-04-18T15:17:32.841Z] 11:17:32 AM [vite] (client) Pre-transform error: Failed to resolve import "react/jsx-dev-runtime" from "client/src/components/DashboardLayoutSkeleton.tsx". Does the file exist?
[2026-04-18T15:17:32.842Z] Plugin: vite:import-analysis
[2026-04-18T15:17:32.842Z] File: /home/ubuntu/viaoceanica-ai/client/src/components/DashboardLayoutSkeleton.tsx:10:10
[2026-04-18T15:17:32.842Z] 1  |  import { jsxDEV } from "react/jsx-dev-runtime";
[2026-04-18T15:17:32.843Z] |                          ^
[2026-04-18T15:17:32.843Z] 2  |  import { Skeleton } from "./ui/skeleton";
[2026-04-18T15:17:32.843Z] 3  |  export function DashboardLayoutSkeleton() {
[2026-04-18T15:17:32.843Z] 11:17:32 AM [vite] (client) Pre-transform error: Failed to resolve import "react/jsx-dev-runtime" from "client/src/components/ui/dropdown-menu.tsx". Does the file exist?
[2026-04-18T15:17:32.843Z] Plugin: vite:import-analysis
[2026-04-18T15:17:32.844Z] File: /home/ubuntu/viaoceanica-ai/client/src/components/ui/dropdown-menu.tsx:10:9
[2026-04-18T15:17:32.844Z] 1  |  import { jsxDEV } from "react/jsx-dev-runtime";
[2026-04-18T15:17:32.844Z] |                          ^
[2026-04-18T15:17:32.844Z] 2  |  import * as DropdownMenuPrimitive from "@radix-ui/react-dropdown-menu";
[2026-04-18T15:17:32.844Z] 3  |  import { CheckIcon, ChevronRightIcon, CircleIcon } from "lucide-react";
[2026-04-18T15:17:32.845Z] 11:17:32 AM [vite] (client) Pre-transform error: Failed to resolve import "react/jsx-dev-runtime" from "client/src/components/ui/avatar.tsx". Does the file exist?
[2026-04-18T15:17:32.845Z] Plugin: vite:import-analysis
[2026-04-18T15:17:32.845Z] File: /home/ubuntu/viaoceanica-ai/client/src/components/ui/avatar.tsx:11:4
[2026-04-18T15:17:32.846Z] 1  |  import { jsxDEV } from "react/jsx-dev-runtime";
[2026-04-18T15:17:32.846Z] |                          ^
[2026-04-18T15:17:32.846Z] 2  |  import * as AvatarPrimitive from "@radix-ui/react-avatar";
[2026-04-18T15:17:32.847Z] 3  |  import { cn } from "@/lib/utils";
[2026-04-18T15:17:32.847Z] 11:17:32 AM [vite] (client) Pre-transform error: Failed to resolve import "react/jsx-dev-runtime" from "client/src/components/ui/avatar.tsx". Does the file exist?
[2026-04-18T15:17:32.847Z] Plugin: vite:import-analysis
[2026-04-18T15:17:32.847Z] File: /home/ubuntu/viaoceanica-ai/client/src/components/ui/avatar.tsx:11:4
[2026-04-18T15:17:32.848Z] 1  |  import { jsxDEV } from "react/jsx-dev-runtime";
[2026-04-18T15:17:32.848Z] |                          ^
[2026-04-18T15:17:32.848Z] 2  |  import * as AvatarPrimitive from "@radix-ui/react-avatar";
[2026-04-18T15:17:32.848Z] 3  |  import { cn } from "@/lib/utils";
[2026-04-18T15:17:32.848Z] 11:17:32 AM [vite] (client) Pre-transform error: Failed to resolve import "react/jsx-dev-runtime" from "client/src/components/ui/collapsible.tsx". Does the file exist?
[2026-04-18T15:17:32.849Z] Plugin: vite:import-analysis
[2026-04-18T15:17:32.849Z] File: /home/ubuntu/viaoceanica-ai/client/src/components/ui/collapsible.tsx:6:9
[2026-04-18T15:17:32.849Z] 1  |  import { jsxDEV } from "react/jsx-dev-runtime";
[2026-04-18T15:17:32.849Z] |                          ^
[2026-04-18T15:17:32.849Z] 2  |  import * as CollapsiblePrimitive from "@radix-ui/react-collapsible";
[2026-04-18T15:17:32.850Z] 3  |  function Collapsible({
[2026-04-18T15:17:32.850Z] 11:17:32 AM [vite] (client) Pre-transform error: Failed to resolve import "react" from "client/src/hooks/useApi.ts". Does the file exist?
[2026-04-18T15:17:32.850Z] Plugin: vite:import-analysis
[2026-04-18T15:17:32.850Z] File: /home/ubuntu/viaoceanica-ai/client/src/hooks/useApi.ts:12:57
[2026-04-18T15:17:32.850Z] 1  |  import { useState, useEffect, useCallback, useRef } from "react";
[2026-04-18T15:17:32.851Z] |                                                            ^
[2026-04-18T15:17:32.851Z] 2  |  async function apiFetch(path, init) {
[2026-04-18T15:17:32.851Z] 3  |    const res = await fetch(path, {
[2026-04-18T15:17:32.851Z] 11:17:32 AM [vite] (client) Pre-transform error: Failed to resolve import "react" from "client/src/hooks/useApi.ts". Does the file exist?
[2026-04-18T15:17:32.851Z] Plugin: vite:import-analysis
[2026-04-18T15:17:32.851Z] File: /home/ubuntu/viaoceanica-ai/client/src/hooks/useApi.ts:12:57
[2026-04-18T15:17:32.852Z] 1  |  import { useState, useEffect, useCallback, useRef } from "react";
[2026-04-18T15:17:32.852Z] |                                                            ^
[2026-04-18T15:17:32.852Z] 2  |  async function apiFetch(path, init) {
[2026-04-18T15:17:32.852Z] 3  |    const res = await fetch(path, {
[2026-04-18T15:17:32.853Z] 11:17:32 AM [vite] (client) Pre-transform error: Failed to resolve import "react" from "client/src/hooks/useApi.ts". Does the file exist?
[2026-04-18T15:17:32.853Z] Plugin: vite:import-analysis
[2026-04-18T15:17:32.853Z] File: /home/ubuntu/viaoceanica-ai/client/src/hooks/useApi.ts:12:57
[2026-04-18T15:17:32.853Z] 1  |  import { useState, useEffect, useCallback, useRef } from "react";
[2026-04-18T15:17:32.853Z] |                                                            ^
[2026-04-18T15:17:32.854Z] 2  |  async function apiFetch(path, init) {
[2026-04-18T15:17:32.854Z] 3  |    const res = await fetch(path, {
[2026-04-18T15:17:32.854Z] 11:17:32 AM [vite] (client) Pre-transform error: Failed to resolve import "react" from "client/src/hooks/useApi.ts". Does the file exist?
[2026-04-18T15:17:32.854Z] Plugin: vite:import-analysis
[2026-04-18T15:17:32.854Z] File: /home/ubuntu/viaoceanica-ai/client/src/hooks/useApi.ts:12:57
[2026-04-18T15:17:32.855Z] 1  |  import { useState, useEffect, useCallback, useRef } from "react";
[2026-04-18T15:17:32.855Z] |                                                            ^
[2026-04-18T15:17:32.855Z] 2  |  async function apiFetch(path, init) {
[2026-04-18T15:17:32.855Z] 3  |    const res = await fetch(path, {
[2026-04-18T15:17:32.855Z] 11:17:32 AM [vite] (client) Pre-transform error: Failed to resolve import "react" from "client/src/hooks/useApi.ts". Does the file exist?
[2026-04-18T15:17:32.856Z] Plugin: vite:import-analysis
[2026-04-18T15:17:32.856Z] File: /home/ubuntu/viaoceanica-ai/client/src/hooks/useApi.ts:12:57
[2026-04-18T15:17:32.856Z] 1  |  import { useState, useEffect, useCallback, useRef } from "react";
[2026-04-18T15:17:32.857Z] |                                                            ^
[2026-04-18T15:17:32.857Z] 2  |  async function apiFetch(path, init) {
[2026-04-18T15:17:32.857Z] 3  |    const res = await fetch(path, {
[2026-04-18T15:17:32.858Z] 11:17:32 AM [vite] (client) Pre-transform error: Failed to resolve import "react" from "client/src/hooks/useApi.ts". Does the file exist?
[2026-04-18T15:17:32.858Z] Plugin: vite:import-analysis
[2026-04-18T15:17:32.858Z] File: /home/ubuntu/viaoceanica-ai/client/src/hooks/useApi.ts:12:57
[2026-04-18T15:17:32.858Z] 1  |  import { useState, useEffect, useCallback, useRef } from "react";
[2026-04-18T15:17:32.859Z] |                                                            ^
[2026-04-18T15:17:32.859Z] 2  |  async function apiFetch(path, init) {
[2026-04-18T15:17:32.859Z] 3  |    const res = await fetch(path, {
[2026-04-18T15:17:32.859Z] 11:17:32 AM [vite] (client) Pre-transform error: Failed to resolve import "react" from "client/src/hooks/useApi.ts". Does the file exist?
[2026-04-18T15:17:32.860Z] Plugin: vite:import-analysis
[2026-04-18T15:17:32.860Z] File: /home/ubuntu/viaoceanica-ai/client/src/hooks/useApi.ts:12:57
[2026-04-18T15:17:32.860Z] 1  |  import { useState, useEffect, useCallback, useRef } from "react";
[2026-04-18T15:17:32.860Z] |                                                            ^
[2026-04-18T15:17:32.861Z] 2  |  async function apiFetch(path, init) {
[2026-04-18T15:17:32.861Z] 3  |    const res = await fetch(path, {
[2026-04-18T15:17:32.861Z] 11:17:32 AM [vite] (client) Pre-transform error: Failed to resolve import "react" from "client/src/hooks/useApi.ts". Does the file exist?
[2026-04-18T15:17:32.861Z] Plugin: vite:import-analysis
[2026-04-18T15:17:32.861Z] File: /home/ubuntu/viaoceanica-ai/client/src/hooks/useApi.ts:12:57
[2026-04-18T15:17:32.861Z] 1  |  import { useState, useEffect, useCallback, useRef } from "react";
[2026-04-18T15:17:32.862Z] |                                                            ^
[2026-04-18T15:17:32.862Z] 2  |  async function apiFetch(path, init) {
[2026-04-18T15:17:32.862Z] 3  |    const res = await fetch(path, {
[2026-04-18T15:17:32.862Z] 11:17:32 AM [vite] (client) Pre-transform error: Failed to resolve import "react" from "client/src/hooks/useApi.ts". Does the file exist?
[2026-04-18T15:17:32.862Z] Plugin: vite:import-analysis
[2026-04-18T15:17:32.863Z] File: /home/ubuntu/viaoceanica-ai/client/src/hooks/useApi.ts:12:57
[2026-04-18T15:17:32.863Z] 1  |  import { useState, useEffect, useCallback, useRef } from "react";
[2026-04-18T15:17:32.863Z] |                                                            ^
[2026-04-18T15:17:32.863Z] 2  |  async function apiFetch(path, init) {
[2026-04-18T15:17:32.863Z] 3  |    const res = await fetch(path, {
[2026-04-18T15:17:32.864Z] 11:17:32 AM [vite] (client) Pre-transform error: Failed to resolve import "react" from "client/src/hooks/useApi.ts". Does the file exist?
[2026-04-18T15:17:32.864Z] Plugin: vite:import-analysis
[2026-04-18T15:17:32.864Z] File: /home/ubuntu/viaoceanica-ai/client/src/hooks/useApi.ts:12:57
[2026-04-18T15:17:32.864Z] 1  |  import { useState, useEffect, useCallback, useRef } from "react";
[2026-04-18T15:17:32.864Z] |                                                            ^
[2026-04-18T15:17:32.865Z] 2  |  async function apiFetch(path, init) {
[2026-04-18T15:17:32.865Z] 3  |    const res = await fetch(path, {
[2026-04-18T15:17:32.865Z] 11:17:32 AM [vite] (client) Pre-transform error: Failed to resolve import "react/jsx-dev-runtime" from "client/src/components/ui/card.tsx". Does the file exist?
[2026-04-18T15:17:32.866Z] Plugin: vite:import-analysis
[2026-04-18T15:17:32.866Z] File: /home/ubuntu/viaoceanica-ai/client/src/components/ui/card.tsx:7:4
[2026-04-18T15:17:32.866Z] 1  |  import { jsxDEV } from "react/jsx-dev-runtime";
[2026-04-18T15:17:32.866Z] |                          ^
[2026-04-18T15:17:32.866Z] 2  |  import { cn } from "@/lib/utils";
[2026-04-18T15:17:32.867Z] 3  |  function Card({ className, ...props }) {
[2026-04-18T15:17:32.867Z] 11:17:32 AM [vite] (client) Pre-transform error: Failed to resolve import "react/jsx-dev-runtime" from "client/src/components/ui/card.tsx". Does the file exist?
[2026-04-18T15:17:32.867Z] Plugin: vite:import-analysis
[2026-04-18T15:17:32.867Z] File: /home/ubuntu/viaoceanica-ai/client/src/components/ui/card.tsx:7:4
[2026-04-18T15:17:32.867Z] 1  |  import { jsxDEV } from "react/jsx-dev-runtime";
[2026-04-18T15:17:32.868Z] |                          ^
[2026-04-18T15:17:32.868Z] 2  |  import { cn } from "@/lib/utils";
[2026-04-18T15:17:32.868Z] 3  |  function Card({ className, ...props }) {
[2026-04-18T15:17:32.868Z] 11:17:32 AM [vite] (client) Pre-transform error: Failed to resolve import "react/jsx-dev-runtime" from "client/src/components/ui/card.tsx". Does the file exist?
[2026-04-18T15:17:32.869Z] Plugin: vite:import-analysis
[2026-04-18T15:17:32.869Z] File: /home/ubuntu/viaoceanica-ai/client/src/components/ui/card.tsx:7:4
[2026-04-18T15:17:32.869Z] 1  |  import { jsxDEV } from "react/jsx-dev-runtime";
[2026-04-18T15:17:32.869Z] |                          ^
[2026-04-18T15:17:32.869Z] 2  |  import { cn } from "@/lib/utils";
[2026-04-18T15:17:32.870Z] 3  |  function Card({ className, ...props }) {
[2026-04-18T15:17:32.870Z] 11:17:32 AM [vite] (client) Pre-transform error: Failed to resolve import "react/jsx-dev-runtime" from "client/src/components/ui/card.tsx". Does the file exist?
[2026-04-18T15:17:32.870Z] Plugin: vite:import-analysis
[2026-04-18T15:17:32.870Z] File: /home/ubuntu/viaoceanica-ai/client/src/components/ui/card.tsx:7:4
[2026-04-18T15:17:32.870Z] 1  |  import { jsxDEV } from "react/jsx-dev-runtime";
[2026-04-18T15:17:32.871Z] |                          ^
[2026-04-18T15:17:32.871Z] 2  |  import { cn } from "@/lib/utils";
[2026-04-18T15:17:32.871Z] 3  |  function Card({ className, ...props }) {
[2026-04-18T15:17:32.871Z] 11:17:32 AM [vite] (client) Pre-transform error: Failed to resolve import "react/jsx-dev-runtime" from "client/src/components/ui/card.tsx". Does the file exist?
[2026-04-18T15:17:32.872Z] Plugin: vite:import-analysis
[2026-04-18T15:17:32.872Z] File: /home/ubuntu/viaoceanica-ai/client/src/components/ui/card.tsx:7:4
[2026-04-18T15:17:32.872Z] 1  |  import { jsxDEV } from "react/jsx-dev-runtime";
[2026-04-18T15:17:32.872Z] |                          ^
[2026-04-18T15:17:32.873Z] 2  |  import { cn } from "@/lib/utils";
[2026-04-18T15:17:32.873Z] 3  |  function Card({ className, ...props }) {
[2026-04-18T15:17:32.873Z] 11:17:32 AM [vite] (client) Pre-transform error: Failed to resolve import "react/jsx-dev-runtime" from "client/src/components/ui/card.tsx". Does the file exist?
[2026-04-18T15:17:32.873Z] Plugin: vite:import-analysis
[2026-04-18T15:17:32.873Z] File: /home/ubuntu/viaoceanica-ai/client/src/components/ui/card.tsx:7:4
[2026-04-18T15:17:32.874Z] 1  |  import { jsxDEV } from "react/jsx-dev-runtime";
[2026-04-18T15:17:32.874Z] |                          ^
[2026-04-18T15:17:32.874Z] 2  |  import { cn } from "@/lib/utils";
[2026-04-18T15:17:32.874Z] 3  |  function Card({ className, ...props }) {
[2026-04-18T15:17:32.874Z] 11:17:32 AM [vite] (client) Pre-transform error: Failed to resolve import "react/jsx-dev-runtime" from "client/src/components/ui/card.tsx". Does the file exist?
[2026-04-18T15:17:32.875Z] Plugin: vite:import-analysis
[2026-04-18T15:17:32.875Z] File: /home/ubuntu/viaoceanica-ai/client/src/components/ui/card.tsx:7:4
[2026-04-18T15:17:32.875Z] 1  |  import { jsxDEV } from "react/jsx-dev-runtime";
[2026-04-18T15:17:32.875Z] |                          ^
[2026-04-18T15:17:32.875Z] 2  |  import { cn } from "@/lib/utils";
[2026-04-18T15:17:32.876Z] 3  |  function Card({ className, ...props }) {
[2026-04-18T15:17:32.876Z] 11:17:32 AM [vite] (client) Pre-transform error: Failed to resolve import "react/jsx-dev-runtime" from "client/src/components/ui/card.tsx". Does the file exist?
[2026-04-18T15:17:32.876Z] Plugin: vite:import-analysis
[2026-04-18T15:17:32.877Z] File: /home/ubuntu/viaoceanica-ai/client/src/components/ui/card.tsx:7:4
[2026-04-18T15:17:32.877Z] 1  |  import { jsxDEV } from "react/jsx-dev-runtime";
[2026-04-18T15:17:32.877Z] |                          ^
[2026-04-18T15:17:32.878Z] 2  |  import { cn } from "@/lib/utils";
[2026-04-18T15:17:32.878Z] 3  |  function Card({ className, ...props }) {
[2026-04-18T15:17:32.879Z] 11:17:32 AM [vite] (client) Pre-transform error: Failed to resolve import "react/jsx-dev-runtime" from "client/src/components/ui/card.tsx". Does the file exist?
[2026-04-18T15:17:32.879Z] Plugin: vite:import-analysis
[2026-04-18T15:17:32.879Z] File: /home/ubuntu/viaoceanica-ai/client/src/components/ui/card.tsx:7:4
[2026-04-18T15:17:32.879Z] 1  |  import { jsxDEV } from "react/jsx-dev-runtime";
[2026-04-18T15:17:32.879Z] |                          ^
[2026-04-18T15:17:32.880Z] 2  |  import { cn } from "@/lib/utils";
[2026-04-18T15:17:32.880Z] 3  |  function Card({ className, ...props }) {
[2026-04-18T15:17:32.880Z] 11:17:32 AM [vite] (client) Pre-transform error: Failed to resolve import "react/jsx-dev-runtime" from "client/src/components/ui/card.tsx". Does the file exist?
[2026-04-18T15:17:32.881Z] Plugin: vite:import-analysis
[2026-04-18T15:17:32.881Z] File: /home/ubuntu/viaoceanica-ai/client/src/components/ui/card.tsx:7:4
[2026-04-18T15:17:32.881Z] 1  |  import { jsxDEV } from "react/jsx-dev-runtime";
[2026-04-18T15:17:32.881Z] |                          ^
[2026-04-18T15:17:32.881Z] 2  |  import { cn } from "@/lib/utils";
[2026-04-18T15:17:32.882Z] 3  |  function Card({ className, ...props }) {
[2026-04-18T15:17:32.882Z] 11:17:32 AM [vite] (client) Pre-transform error: Failed to resolve import "react/jsx-dev-runtime" from "client/src/components/ui/card.tsx". Does the file exist?
[2026-04-18T15:17:32.882Z] Plugin: vite:import-analysis
[2026-04-18T15:17:32.882Z] File: /home/ubuntu/viaoceanica-ai/client/src/components/ui/card.tsx:7:4
[2026-04-18T15:17:32.883Z] 1  |  import { jsxDEV } from "react/jsx-dev-runtime";
[2026-04-18T15:17:32.883Z] |                          ^
[2026-04-18T15:17:32.883Z] 2  |  import { cn } from "@/lib/utils";
[2026-04-18T15:17:32.883Z] 3  |  function Card({ className, ...props }) {
[2026-04-18T15:17:32.884Z] 11:17:32 AM [vite] (client) Pre-transform error: Failed to resolve import "react/jsx-dev-runtime" from "client/src/components/ui/card.tsx". Does the file exist?
[2026-04-18T15:17:32.884Z] Plugin: vite:import-analysis
[2026-04-18T15:17:32.884Z] File: /home/ubuntu/viaoceanica-ai/client/src/components/ui/card.tsx:7:4
[2026-04-18T15:17:32.884Z] 1  |  import { jsxDEV } from "react/jsx-dev-runtime";
[2026-04-18T15:17:32.885Z] |                          ^
[2026-04-18T15:17:32.885Z] 2  |  import { cn } from "@/lib/utils";
[2026-04-18T15:17:32.885Z] 3  |  function Card({ className, ...props }) {
[2026-04-18T15:17:32.885Z] 11:17:32 AM [vite] (client) Pre-transform error: Failed to resolve import "react/jsx-dev-runtime" from "client/src/components/ui/card.tsx". Does the file exist?
[2026-04-18T15:17:32.885Z] Plugin: vite:import-analysis
[2026-04-18T15:17:32.886Z] File: /home/ubuntu/viaoceanica-ai/client/src/components/ui/card.tsx:7:4
[2026-04-18T15:17:32.886Z] 1  |  import { jsxDEV } from "react/jsx-dev-runtime";
[2026-04-18T15:17:32.886Z] |                          ^
[2026-04-18T15:17:32.886Z] 2  |  import { cn } from "@/lib/utils";
[2026-04-18T15:17:32.886Z] 3  |  function Card({ className, ...props }) {
[2026-04-18T15:17:32.887Z] 11:17:32 AM [vite] (client) Pre-transform error: Failed to resolve import "react/jsx-dev-runtime" from "client/src/components/ui/card.tsx". Does the file exist?
[2026-04-18T15:17:32.887Z] Plugin: vite:import-analysis
[2026-04-18T15:17:32.887Z] File: /home/ubuntu/viaoceanica-ai/client/src/components/ui/card.tsx:7:4
[2026-04-18T15:17:32.887Z] 1  |  import { jsxDEV } from "react/jsx-dev-runtime";
[2026-04-18T15:17:32.887Z] |                          ^
[2026-04-18T15:17:32.888Z] 2  |  import { cn } from "@/lib/utils";
[2026-04-18T15:17:32.888Z] 3  |  function Card({ className, ...props }) {
[2026-04-18T15:17:32.888Z] 11:17:32 AM [vite] (client) Pre-transform error: Failed to resolve import "react/jsx-dev-runtime" from "client/src/components/ui/card.tsx". Does the file exist?
[2026-04-18T15:17:32.888Z] Plugin: vite:import-analysis
[2026-04-18T15:17:32.889Z] File: /home/ubuntu/viaoceanica-ai/client/src/components/ui/card.tsx:7:4
[2026-04-18T15:17:32.889Z] 1  |  import { jsxDEV } from "react/jsx-dev-runtime";
[2026-04-18T15:17:32.889Z] |                          ^
[2026-04-18T15:17:32.889Z] 2  |  import { cn } from "@/lib/utils";
[2026-04-18T15:17:32.890Z] 3  |  function Card({ className, ...props }) {
[2026-04-18T15:17:32.890Z] 11:17:32 AM [vite] (client) Pre-transform error: Failed to resolve import "react/jsx-dev-runtime" from "client/src/components/ui/card.tsx". Does the file exist?
[2026-04-18T15:17:32.890Z] Plugin: vite:import-analysis
[2026-04-18T15:17:32.890Z] File: /home/ubuntu/viaoceanica-ai/client/src/components/ui/card.tsx:7:4
[2026-04-18T15:17:32.890Z] 1  |  import { jsxDEV } from "react/jsx-dev-runtime";
[2026-04-18T15:17:32.891Z] |                          ^
[2026-04-18T15:17:32.891Z] 2  |  import { cn } from "@/lib/utils";
[2026-04-18T15:17:32.891Z] 3  |  function Card({ className, ...props }) {
[2026-04-18T15:17:32.891Z] 11:17:32 AM [vite] (client) Pre-transform error: Failed to resolve import "react/jsx-dev-runtime" from "client/src/components/ui/card.tsx". Does the file exist?
[2026-04-18T15:17:32.891Z] Plugin: vite:import-analysis
[2026-04-18T15:17:32.892Z] File: /home/ubuntu/viaoceanica-ai/client/src/components/ui/card.tsx:7:4
[2026-04-18T15:17:32.892Z] 1  |  import { jsxDEV } from "react/jsx-dev-runtime";
[2026-04-18T15:17:32.892Z] |                          ^
[2026-04-18T15:17:32.892Z] 2  |  import { cn } from "@/lib/utils";
[2026-04-18T15:17:32.893Z] 3  |  function Card({ className, ...props }) {
[2026-04-18T15:17:32.893Z] 11:17:32 AM [vite] (client) Pre-transform error: Failed to resolve import "react/jsx-dev-runtime" from "client/src/components/ui/card.tsx". Does the file exist?
[2026-04-18T15:17:32.893Z] Plugin: vite:import-analysis
[2026-04-18T15:17:32.893Z] File: /home/ubuntu/viaoceanica-ai/client/src/components/ui/card.tsx:7:4
[2026-04-18T15:17:32.893Z] 1  |  import { jsxDEV } from "react/jsx-dev-runtime";
[2026-04-18T15:17:32.894Z] |                          ^
[2026-04-18T15:17:32.894Z] 2  |  import { cn } from "@/lib/utils";
[2026-04-18T15:17:32.894Z] 3  |  function Card({ className, ...props }) {
[2026-04-18T15:17:32.894Z] 11:17:32 AM [vite] (client) Pre-transform error: Failed to resolve import "react/jsx-dev-runtime" from "client/src/components/ui/card.tsx". Does the file exist?
[2026-04-18T15:17:32.895Z] Plugin: vite:import-analysis
[2026-04-18T15:17:32.895Z] File: /home/ubuntu/viaoceanica-ai/client/src/components/ui/card.tsx:7:4
[2026-04-18T15:17:32.895Z] 1  |  import { jsxDEV } from "react/jsx-dev-runtime";
[2026-04-18T15:17:32.895Z] |                          ^
[2026-04-18T15:17:32.896Z] 2  |  import { cn } from "@/lib/utils";
[2026-04-18T15:17:32.896Z] 3  |  function Card({ className, ...props }) {
[2026-04-18T15:17:32.897Z] 11:17:32 AM [vite] (client) Pre-transform error: Failed to resolve import "react/jsx-dev-runtime" from "client/src/components/ui/card.tsx". Does the file exist?
[2026-04-18T15:17:32.897Z] Plugin: vite:import-analysis
[2026-04-18T15:17:32.897Z] File: /home/ubuntu/viaoceanica-ai/client/src/components/ui/card.tsx:7:4
[2026-04-18T15:17:32.897Z] 1  |  import { jsxDEV } from "react/jsx-dev-runtime";
[2026-04-18T15:17:32.898Z] |                          ^
[2026-04-18T15:17:32.898Z] 2  |  import { cn } from "@/lib/utils";
[2026-04-18T15:17:32.898Z] 3  |  function Card({ className, ...props }) {
[2026-04-18T15:17:32.898Z] 11:17:32 AM [vite] (client) Pre-transform error: Failed to resolve import "react/jsx-dev-runtime" from "client/src/components/ui/card.tsx". Does the file exist?
[2026-04-18T15:17:32.898Z] Plugin: vite:import-analysis
[2026-04-18T15:17:32.899Z] File: /home/ubuntu/viaoceanica-ai/client/src/components/ui/card.tsx:7:4
[2026-04-18T15:17:32.899Z] 1  |  import { jsxDEV } from "react/jsx-dev-runtime";
[2026-04-18T15:17:32.899Z] |                          ^
[2026-04-18T15:17:32.899Z] 2  |  import { cn } from "@/lib/utils";
[2026-04-18T15:17:32.900Z] 3  |  function Card({ className, ...props }) {
[2026-04-18T15:17:32.900Z] 11:17:32 AM [vite] (client) Pre-transform error: Failed to resolve import "react/jsx-dev-runtime" from "client/src/components/ui/card.tsx". Does the file exist?
[2026-04-18T15:17:32.900Z] Plugin: vite:import-analysis
[2026-04-18T15:17:32.900Z] File: /home/ubuntu/viaoceanica-ai/client/src/components/ui/card.tsx:7:4
[2026-04-18T15:17:32.900Z] 1  |  import { jsxDEV } from "react/jsx-dev-runtime";
[2026-04-18T15:17:32.901Z] |                          ^
[2026-04-18T15:17:32.901Z] 2  |  import { cn } from "@/lib/utils";
[2026-04-18T15:17:32.901Z] 3  |  function Card({ className, ...props }) {
[2026-04-18T15:17:32.901Z] 11:17:32 AM [vite] (client) Pre-transform error: Failed to resolve import "react/jsx-dev-runtime" from "client/src/components/ui/input.tsx". Does the file exist?
[2026-04-18T15:17:32.901Z] Plugin: vite:import-analysis
[2026-04-18T15:17:32.902Z] File: /home/ubuntu/viaoceanica-ai/client/src/components/ui/input.tsx:53:4
[2026-04-18T15:17:32.902Z] 1  |  import { jsxDEV } from "react/jsx-dev-runtime";
[2026-04-18T15:17:32.902Z] |                          ^
[2026-04-18T15:17:32.902Z] 2  |  var _s = $RefreshSig$();
[2026-04-18T15:17:32.902Z] 3  |  import { useDialogComposition } from "@/components/ui/dialog";
[2026-04-18T15:17:32.902Z] 11:17:32 AM [vite] (client) Pre-transform error: Failed to resolve import "react/jsx-dev-runtime" from "client/src/components/ui/input.tsx". Does the file exist?
[2026-04-18T15:17:32.903Z] Plugin: vite:import-analysis
[2026-04-18T15:17:32.903Z] File: /home/ubuntu/viaoceanica-ai/client/src/components/ui/input.tsx:53:4
[2026-04-18T15:17:32.903Z] 1  |  import { jsxDEV } from "react/jsx-dev-runtime";
[2026-04-18T15:17:32.903Z] |                          ^
[2026-04-18T15:17:32.903Z] 2  |  var _s = $RefreshSig$();
[2026-04-18T15:17:32.903Z] 3  |  import { useDialogComposition } from "@/components/ui/dialog";
[2026-04-18T15:17:32.903Z] 11:17:32 AM [vite] (client) Pre-transform error: Failed to resolve import "react/jsx-dev-runtime" from "client/src/components/ui/input.tsx". Does the file exist?
[2026-04-18T15:17:32.904Z] Plugin: vite:import-analysis
[2026-04-18T15:17:32.904Z] File: /home/ubuntu/viaoceanica-ai/client/src/components/ui/input.tsx:53:4
[2026-04-18T15:17:32.904Z] 1  |  import { jsxDEV } from "react/jsx-dev-runtime";
[2026-04-18T15:17:32.904Z] |                          ^
[2026-04-18T15:17:32.905Z] 2  |  var _s = $RefreshSig$();
[2026-04-18T15:17:32.905Z] 3  |  import { useDialogComposition } from "@/components/ui/dialog";
[2026-04-18T15:17:32.905Z] 11:17:32 AM [vite] (client) Pre-transform error: Failed to resolve import "react/jsx-dev-runtime" from "client/src/components/ui/input.tsx". Does the file exist?
[2026-04-18T15:17:32.905Z] Plugin: vite:import-analysis
[2026-04-18T15:17:32.905Z] File: /home/ubuntu/viaoceanica-ai/client/src/components/ui/input.tsx:53:4
[2026-04-18T15:17:32.906Z] 1  |  import { jsxDEV } from "react/jsx-dev-runtime";
[2026-04-18T15:17:32.906Z] |                          ^
[2026-04-18T15:17:32.906Z] 2  |  var _s = $RefreshSig$();
[2026-04-18T15:17:32.906Z] 3  |  import { useDialogComposition } from "@/components/ui/dialog";
[2026-04-18T15:17:32.906Z] 11:17:32 AM [vite] (client) Pre-transform error: Failed to resolve import "react/jsx-dev-runtime" from "client/src/components/ui/input.tsx". Does the file exist?
[2026-04-18T15:17:32.907Z] Plugin: vite:import-analysis
[2026-04-18T15:17:32.907Z] File: /home/ubuntu/viaoceanica-ai/client/src/components/ui/input.tsx:53:4
[2026-04-18T15:17:32.907Z] 1  |  import { jsxDEV } from "react/jsx-dev-runtime";
[2026-04-18T15:17:32.907Z] |                          ^
[2026-04-18T15:17:32.907Z] 2  |  var _s = $RefreshSig$();
[2026-04-18T15:17:32.908Z] 3  |  import { useDialogComposition } from "@/components/ui/dialog";
[2026-04-18T15:17:32.908Z] 11:17:32 AM [vite] (client) Pre-transform error: Failed to resolve import "react/jsx-dev-runtime" from "client/src/components/ui/input.tsx". Does the file exist?
[2026-04-18T15:17:32.908Z] Plugin: vite:import-analysis
[2026-04-18T15:17:32.908Z] File: /home/ubuntu/viaoceanica-ai/client/src/components/ui/input.tsx:53:4
[2026-04-18T15:17:32.909Z] 1  |  import { jsxDEV } from "react/jsx-dev-runtime";
[2026-04-18T15:17:32.909Z] |                          ^
[2026-04-18T15:17:32.909Z] 2  |  var _s = $RefreshSig$();
[2026-04-18T15:17:32.909Z] 3  |  import { useDialogComposition } from "@/components/ui/dialog";
[2026-04-18T15:17:32.909Z] 11:17:32 AM [vite] (client) Pre-transform error: Failed to resolve import "react/jsx-dev-runtime" from "client/src/components/ui/input.tsx". Does the file exist?
[2026-04-18T15:17:32.910Z] Plugin: vite:import-analysis
[2026-04-18T15:17:32.910Z] File: /home/ubuntu/viaoceanica-ai/client/src/components/ui/input.tsx:53:4
[2026-04-18T15:17:32.910Z] 1  |  import { jsxDEV } from "react/jsx-dev-runtime";
[2026-04-18T15:17:32.910Z] |                          ^
[2026-04-18T15:17:32.910Z] 2  |  var _s = $RefreshSig$();
[2026-04-18T15:17:32.911Z] 3  |  import { useDialogComposition } from "@/components/ui/dialog";
[2026-04-18T15:17:32.911Z] 11:17:32 AM [vite] (client) Pre-transform error: Failed to resolve import "react/jsx-dev-runtime" from "client/src/components/ui/input.tsx". Does the file exist?
[2026-04-18T15:17:32.911Z] Plugin: vite:import-analysis
[2026-04-18T15:17:32.911Z] File: /home/ubuntu/viaoceanica-ai/client/src/components/ui/input.tsx:53:4
[2026-04-18T15:17:32.911Z] 1  |  import { jsxDEV } from "react/jsx-dev-runtime";
[2026-04-18T15:17:32.912Z] |                          ^
[2026-04-18T15:17:32.912Z] 2  |  var _s = $RefreshSig$();
[2026-04-18T15:17:32.912Z] 3  |  import { useDialogComposition } from "@/components/ui/dialog";
[2026-04-18T15:17:32.912Z] 11:17:32 AM [vite] (client) Pre-transform error: Failed to resolve import "react/jsx-dev-runtime" from "client/src/components/ui/input.tsx". Does the file exist?
[2026-04-18T15:17:32.912Z] Plugin: vite:import-analysis
[2026-04-18T15:17:32.913Z] File: /home/ubuntu/viaoceanica-ai/client/src/components/ui/input.tsx:53:4
[2026-04-18T15:17:32.913Z] 1  |  import { jsxDEV } from "react/jsx-dev-runtime";
[2026-04-18T15:17:32.913Z] |                          ^
[2026-04-18T15:17:32.913Z] 2  |  var _s = $RefreshSig$();
[2026-04-18T15:17:32.913Z] 3  |  import { useDialogComposition } from "@/components/ui/dialog";
[2026-04-18T15:17:32.914Z] 11:17:32 AM [vite] (client) Pre-transform error: Failed to resolve import "react/jsx-dev-runtime" from "client/src/components/ui/input.tsx". Does the file exist?
[2026-04-18T15:17:32.914Z] Plugin: vite:import-analysis
[2026-04-18T15:17:32.914Z] File: /home/ubuntu/viaoceanica-ai/client/src/components/ui/input.tsx:53:4
[2026-04-18T15:17:32.914Z] 1  |  import { jsxDEV } from "react/jsx-dev-runtime";
[2026-04-18T15:17:32.914Z] |                          ^
[2026-04-18T15:17:32.914Z] 2  |  var _s = $RefreshSig$();
[2026-04-18T15:17:32.915Z] 3  |  import { useDialogComposition } from "@/components/ui/dialog";
[2026-04-18T15:17:32.915Z] 11:17:32 AM [vite] (client) Pre-transform error: Failed to resolve import "react/jsx-dev-runtime" from "client/src/components/ui/input.tsx". Does the file exist?
[2026-04-18T15:17:32.915Z] Plugin: vite:import-analysis
[2026-04-18T15:17:32.915Z] File: /home/ubuntu/viaoceanica-ai/client/src/components/ui/input.tsx:53:4
[2026-04-18T15:17:32.916Z] 1  |  import { jsxDEV } from "react/jsx-dev-runtime";
[2026-04-18T15:17:32.916Z] |                          ^
[2026-04-18T15:17:32.916Z] 2  |  var _s = $RefreshSig$();
[2026-04-18T15:17:32.916Z] 3  |  import { useDialogComposition } from "@/components/ui/dialog";
[2026-04-18T15:17:32.917Z] 11:17:32 AM [vite] (client) Pre-transform error: Failed to resolve import "react/jsx-dev-runtime" from "client/src/components/ui/input.tsx". Does the file exist?
[2026-04-18T15:17:32.917Z] Plugin: vite:import-analysis
[2026-04-18T15:17:32.917Z] File: /home/ubuntu/viaoceanica-ai/client/src/components/ui/input.tsx:53:4
[2026-04-18T15:17:32.917Z] 1  |  import { jsxDEV } from "react/jsx-dev-runtime";
[2026-04-18T15:17:32.918Z] |                          ^
[2026-04-18T15:17:32.918Z] 2  |  var _s = $RefreshSig$();
[2026-04-18T15:17:32.918Z] 3  |  import { useDialogComposition } from "@/components/ui/dialog";
[2026-04-18T15:17:32.918Z] 11:17:32 AM [vite] (client) Pre-transform error: Failed to resolve import "react/jsx-dev-runtime" from "client/src/components/ui/input.tsx". Does the file exist?
[2026-04-18T15:17:32.918Z] Plugin: vite:import-analysis
[2026-04-18T15:17:32.919Z] File: /home/ubuntu/viaoceanica-ai/client/src/components/ui/input.tsx:53:4
[2026-04-18T15:17:32.919Z] 1  |  import { jsxDEV } from "react/jsx-dev-runtime";
[2026-04-18T15:17:32.919Z] |                          ^
[2026-04-18T15:17:32.919Z] 2  |  var _s = $RefreshSig$();
[2026-04-18T15:17:32.919Z] 3  |  import { useDialogComposition } from "@/components/ui/dialog";
[2026-04-18T15:17:32.920Z] 11:17:32 AM [vite] (client) Pre-transform error: Failed to resolve import "react/jsx-dev-runtime" from "client/src/components/ui/label.tsx". Does the file exist?
[2026-04-18T15:17:32.920Z] Plugin: vite:import-analysis
[2026-04-18T15:17:32.920Z] File: /home/ubuntu/viaoceanica-ai/client/src/components/ui/label.tsx:11:4
[2026-04-18T15:17:32.920Z] 1  |  import { jsxDEV } from "react/jsx-dev-runtime";
[2026-04-18T15:17:32.921Z] |                          ^
[2026-04-18T15:17:32.921Z] 2  |  import * as LabelPrimitive from "@radix-ui/react-label";
[2026-04-18T15:17:32.921Z] 3  |  import { cn } from "@/lib/utils";
[2026-04-18T15:17:32.921Z] 11:17:32 AM [vite] (client) Pre-transform error: Failed to resolve import "react/jsx-dev-runtime" from "client/src/components/ui/label.tsx". Does the file exist?
[2026-04-18T15:17:32.921Z] Plugin: vite:import-analysis
[2026-04-18T15:17:32.922Z] File: /home/ubuntu/viaoceanica-ai/client/src/components/ui/label.tsx:11:4
[2026-04-18T15:17:32.922Z] 1  |  import { jsxDEV } from "react/jsx-dev-runtime";
[2026-04-18T15:17:32.922Z] |                          ^
[2026-04-18T15:17:32.922Z] 2  |  import * as LabelPrimitive from "@radix-ui/react-label";
[2026-04-18T15:17:32.923Z] 3  |  import { cn } from "@/lib/utils";
[2026-04-18T15:17:32.923Z] 11:17:32 AM [vite] (client) Pre-transform error: Failed to resolve import "react/jsx-dev-runtime" from "client/src/components/ui/label.tsx". Does the file exist?
[2026-04-18T15:17:32.923Z] Plugin: vite:import-analysis
[2026-04-18T15:17:32.923Z] File: /home/ubuntu/viaoceanica-ai/client/src/components/ui/label.tsx:11:4
[2026-04-18T15:17:32.923Z] 1  |  import { jsxDEV } from "react/jsx-dev-runtime";
[2026-04-18T15:17:32.924Z] |                          ^
[2026-04-18T15:17:32.924Z] 2  |  import * as LabelPrimitive from "@radix-ui/react-label";
[2026-04-18T15:17:32.924Z] 3  |  import { cn } from "@/lib/utils";
[2026-04-18T15:17:32.924Z] 11:17:32 AM [vite] (client) Pre-transform error: Failed to resolve import "react/jsx-dev-runtime" from "client/src/components/ui/label.tsx". Does the file exist?
[2026-04-18T15:17:32.925Z] Plugin: vite:import-analysis
[2026-04-18T15:17:32.925Z] File: /home/ubuntu/viaoceanica-ai/client/src/components/ui/label.tsx:11:4
[2026-04-18T15:17:32.925Z] 1  |  import { jsxDEV } from "react/jsx-dev-runtime";
[2026-04-18T15:17:32.925Z] |                          ^
[2026-04-18T15:17:32.925Z] 2  |  import * as LabelPrimitive from "@radix-ui/react-label";
[2026-04-18T15:17:32.926Z] 3  |  import { cn } from "@/lib/utils";
[2026-04-18T15:17:32.926Z] 11:17:32 AM [vite] (client) Pre-transform error: Failed to resolve import "react/jsx-dev-runtime" from "client/src/components/ui/label.tsx". Does the file exist?
[2026-04-18T15:17:32.926Z] Plugin: vite:import-analysis
[2026-04-18T15:17:32.926Z] File: /home/ubuntu/viaoceanica-ai/client/src/components/ui/label.tsx:11:4
[2026-04-18T15:17:32.926Z] 1  |  import { jsxDEV } from "react/jsx-dev-runtime";
[2026-04-18T15:17:32.926Z] |                          ^
[2026-04-18T15:17:32.927Z] 2  |  import * as LabelPrimitive from "@radix-ui/react-label";
[2026-04-18T15:17:32.927Z] 3  |  import { cn } from "@/lib/utils";
[2026-04-18T15:17:32.927Z] 11:17:32 AM [vite] (client) Pre-transform error: Failed to resolve import "react/jsx-dev-runtime" from "client/src/components/ui/label.tsx". Does the file exist?
[2026-04-18T15:17:32.927Z] Plugin: vite:import-analysis
[2026-04-18T15:17:32.927Z] File: /home/ubuntu/viaoceanica-ai/client/src/components/ui/label.tsx:11:4
[2026-04-18T15:17:32.928Z] 1  |  import { jsxDEV } from "react/jsx-dev-runtime";
[2026-04-18T15:17:32.928Z] |                          ^
[2026-04-18T15:17:32.928Z] 2  |  import * as LabelPrimitive from "@radix-ui/react-label";
[2026-04-18T15:17:32.928Z] 3  |  import { cn } from "@/lib/utils";
[2026-04-18T15:17:32.929Z] 11:17:32 AM [vite] (client) Pre-transform error: Failed to resolve import "react/jsx-dev-runtime" from "client/src/components/ui/label.tsx". Does the file exist?
[2026-04-18T15:17:32.929Z] Plugin: vite:import-analysis
[2026-04-18T15:17:32.929Z] File: /home/ubuntu/viaoceanica-ai/client/src/components/ui/label.tsx:11:4
[2026-04-18T15:17:32.929Z] 1  |  import { jsxDEV } from "react/jsx-dev-runtime";
[2026-04-18T15:17:32.930Z] |                          ^
[2026-04-18T15:17:32.930Z] 2  |  import * as LabelPrimitive from "@radix-ui/react-label";
[2026-04-18T15:17:32.930Z] 3  |  import { cn } from "@/lib/utils";
[2026-04-18T15:17:32.931Z] 11:17:32 AM [vite] (client) Pre-transform error: Failed to resolve import "react/jsx-dev-runtime" from "client/src/components/ui/label.tsx". Does the file exist?
[2026-04-18T15:17:32.931Z] Plugin: vite:import-analysis
[2026-04-18T15:17:32.931Z] File: /home/ubuntu/viaoceanica-ai/client/src/components/ui/label.tsx:11:4
[2026-04-18T15:17:32.931Z] 1  |  import { jsxDEV } from "react/jsx-dev-runtime";
[2026-04-18T15:17:32.931Z] |                          ^
[2026-04-18T15:17:32.931Z] 2  |  import * as LabelPrimitive from "@radix-ui/react-label";
[2026-04-18T15:17:32.932Z] 3  |  import { cn } from "@/lib/utils";
[2026-04-18T15:17:32.932Z] 11:17:32 AM [vite] (client) Pre-transform error: Failed to resolve import "react/jsx-dev-runtime" from "client/src/components/ui/label.tsx". Does the file exist?
[2026-04-18T15:17:32.932Z] Plugin: vite:import-analysis
[2026-04-18T15:17:32.932Z] File: /home/ubuntu/viaoceanica-ai/client/src/components/ui/label.tsx:11:4
[2026-04-18T15:17:32.933Z] 1  |  import { jsxDEV } from "react/jsx-dev-runtime";
[2026-04-18T15:17:32.933Z] |                          ^
[2026-04-18T15:17:32.933Z] 2  |  import * as LabelPrimitive from "@radix-ui/react-label";
[2026-04-18T15:17:32.933Z] 3  |  import { cn } from "@/lib/utils";
[2026-04-18T15:17:32.933Z] 11:17:32 AM [vite] (client) Pre-transform error: Failed to resolve import "react/jsx-dev-runtime" from "client/src/components/ui/label.tsx". Does the file exist?
[2026-04-18T15:17:32.934Z] Plugin: vite:import-analysis
[2026-04-18T15:17:32.934Z] File: /home/ubuntu/viaoceanica-ai/client/src/components/ui/label.tsx:11:4
[2026-04-18T15:17:32.934Z] 1  |  import { jsxDEV } from "react/jsx-dev-runtime";
[2026-04-18T15:17:32.934Z] |                          ^
[2026-04-18T15:17:32.934Z] 2  |  import * as LabelPrimitive from "@radix-ui/react-label";
[2026-04-18T15:17:32.935Z] 3  |  import { cn } from "@/lib/utils";
[2026-04-18T15:17:32.935Z] 11:17:32 AM [vite] (client) Pre-transform error: Failed to resolve import "react/jsx-dev-runtime" from "client/src/components/ui/label.tsx". Does the file exist?
[2026-04-18T15:17:32.935Z] Plugin: vite:import-analysis
[2026-04-18T15:17:32.935Z] File: /home/ubuntu/viaoceanica-ai/client/src/components/ui/label.tsx:11:4
[2026-04-18T15:17:32.935Z] 1  |  import { jsxDEV } from "react/jsx-dev-runtime";
[2026-04-18T15:17:32.936Z] |                          ^
[2026-04-18T15:17:32.936Z] 2  |  import * as LabelPrimitive from "@radix-ui/react-label";
[2026-04-18T15:17:32.936Z] 3  |  import { cn } from "@/lib/utils";
[2026-04-18T15:17:32.936Z] 11:17:32 AM [vite] (client) Pre-transform error: Failed to resolve import "react/jsx-dev-runtime" from "client/src/components/ui/label.tsx". Does the file exist?
[2026-04-18T15:17:32.936Z] Plugin: vite:import-analysis
[2026-04-18T15:17:32.937Z] File: /home/ubuntu/viaoceanica-ai/client/src/components/ui/label.tsx:11:4
[2026-04-18T15:17:32.937Z] 1  |  import { jsxDEV } from "react/jsx-dev-runtime";
[2026-04-18T15:17:32.937Z] |                          ^
[2026-04-18T15:17:32.938Z] 2  |  import * as LabelPrimitive from "@radix-ui/react-label";
[2026-04-18T15:17:32.938Z] 3  |  import { cn } from "@/lib/utils";
[2026-04-18T15:17:32.938Z] 11:17:32 AM [vite] (client) Pre-transform error: Failed to resolve import "react/jsx-dev-runtime" from "client/src/components/ui/sidebar.tsx". Does the file exist?
[2026-04-18T15:17:32.938Z] Plugin: vite:import-analysis
[2026-04-18T15:17:32.939Z] File: /home/ubuntu/viaoceanica-ai/client/src/components/ui/sidebar.tsx:131:8
[2026-04-18T15:17:32.940Z] 1  |  "use client";
[2026-04-18T15:17:32.941Z] 2  |  import { jsxDEV } from "react/jsx-dev-runtime";
[2026-04-18T15:17:32.941Z] |                          ^
[2026-04-18T15:17:32.941Z] 3  |  var _s = $RefreshSig$(), _s2 = $RefreshSig$(), _s3 = $RefreshSig$(), _s4 = $RefreshSig$(), _s5 = $RefreshSig$(), _s6 ...
[2026-04-18T15:17:32.941Z] 4  |  import { Button } from "@/components/ui/button";
[2026-04-18T15:17:32.941Z] 11:17:32 AM [vite] (client) Pre-transform error: Failed to resolve import "react" from "client/src/hooks/useMobile.tsx". Does the file exist?
[2026-04-18T15:17:32.942Z] Plugin: vite:import-analysis
[2026-04-18T15:17:32.942Z] File: /home/ubuntu/viaoceanica-ai/client/src/hooks/useMobile.tsx:1:23
[2026-04-18T15:17:32.942Z] 1  |  var _s = $RefreshSig$();
[2026-04-18T15:17:32.942Z] 2  |  import * as React from "react";
[2026-04-18T15:17:32.943Z] |                          ^
[2026-04-18T15:17:32.943Z] 3  |  const MOBILE_BREAKPOINT = 768;
[2026-04-18T15:17:32.943Z] 4  |  export function useIsMobile() {
[2026-04-18T15:17:32.943Z] 11:17:32 AM [vite] (client) Pre-transform error: Failed to resolve import "react" from "client/src/hooks/useApi.ts". Does the file exist?
[2026-04-18T15:17:32.944Z] Plugin: vite:import-analysis
[2026-04-18T15:17:32.944Z] File: /home/ubuntu/viaoceanica-ai/client/src/hooks/useApi.ts:12:57
[2026-04-18T15:17:32.944Z] 1  |  import { useState, useEffect, useCallback, useRef } from "react";
[2026-04-18T15:17:32.944Z] |                                                            ^
[2026-04-18T15:17:32.944Z] 2  |  async function apiFetch(path, init) {
[2026-04-18T15:17:32.945Z] 3  |    const res = await fetch(path, {
[2026-04-18T15:17:32.945Z] 11:17:32 AM [vite] (client) Pre-transform error: Failed to resolve import "react/jsx-dev-runtime" from "client/src/components/ui/card.tsx". Does the file exist?
[2026-04-18T15:17:32.945Z] Plugin: vite:import-analysis
[2026-04-18T15:17:32.945Z] File: /home/ubuntu/viaoceanica-ai/client/src/components/ui/card.tsx:7:4
[2026-04-18T15:17:32.946Z] 1  |  import { jsxDEV } from "react/jsx-dev-runtime";
[2026-04-18T15:17:32.946Z] |                          ^
[2026-04-18T15:17:32.946Z] 2  |  import { cn } from "@/lib/utils";
[2026-04-18T15:17:32.946Z] 3  |  function Card({ className, ...props }) {
[2026-04-18T15:17:32.946Z] 11:17:32 AM [vite] (client) Pre-transform error: Failed to resolve import "react/jsx-dev-runtime" from "client/src/components/ui/input.tsx". Does the file exist?
[2026-04-18T15:17:32.947Z] Plugin: vite:import-analysis
[2026-04-18T15:17:32.947Z] File: /home/ubuntu/viaoceanica-ai/client/src/components/ui/input.tsx:53:4
[2026-04-18T15:17:32.947Z] 1  |  import { jsxDEV } from "react/jsx-dev-runtime";
[2026-04-18T15:17:32.947Z] |                          ^
[2026-04-18T15:17:32.948Z] 2  |  var _s = $RefreshSig$();
[2026-04-18T15:17:32.948Z] 3  |  import { useDialogComposition } from "@/components/ui/dialog";
[2026-04-18T15:17:32.948Z] 11:17:32 AM [vite] (client) Pre-transform error: Failed to resolve import "react/jsx-dev-runtime" from "client/src/components/ui/label.tsx". Does the file exist?
[2026-04-18T15:17:32.949Z] Plugin: vite:import-analysis
[2026-04-18T15:17:32.949Z] File: /home/ubuntu/viaoceanica-ai/client/src/components/ui/label.tsx:11:4
[2026-04-18T15:17:32.949Z] 1  |  import { jsxDEV } from "react/jsx-dev-runtime";
[2026-04-18T15:17:32.949Z] |                          ^
[2026-04-18T15:17:32.949Z] 2  |  import * as LabelPrimitive from "@radix-ui/react-label";
[2026-04-18T15:17:32.950Z] 3  |  import { cn } from "@/lib/utils";
[2026-04-18T15:17:32.950Z] 11:17:32 AM [vite] (client) Pre-transform error: Failed to resolve import "react/jsx-dev-runtime" from "client/src/components/ui/skeleton.tsx". Does the file exist?
[2026-04-18T15:17:32.950Z] Plugin: vite:import-analysis
[2026-04-18T15:17:32.950Z] File: /home/ubuntu/viaoceanica-ai/client/src/components/ui/skeleton.tsx:5:4
[2026-04-18T15:17:32.950Z] 1  |  import { jsxDEV } from "react/jsx-dev-runtime";
[2026-04-18T15:17:32.951Z] |                          ^
[2026-04-18T15:17:32.951Z] 2  |  import { cn } from "@/lib/utils";
[2026-04-18T15:17:32.951Z] 3  |  function Skeleton({ className, ...props }) {
[2026-04-18T15:17:32.951Z] 11:17:32 AM [vite] (client) Pre-transform error: Failed to resolve import "react/jsx-dev-runtime" from "client/src/components/ui/skeleton.tsx". Does the file exist?
[2026-04-18T15:17:32.951Z] Plugin: vite:import-analysis
[2026-04-18T15:17:32.952Z] File: /home/ubuntu/viaoceanica-ai/client/src/components/ui/skeleton.tsx:5:4
[2026-04-18T15:17:32.952Z] 1  |  import { jsxDEV } from "react/jsx-dev-runtime";
[2026-04-18T15:17:32.952Z] |                          ^
[2026-04-18T15:17:32.952Z] 2  |  import { cn } from "@/lib/utils";
[2026-04-18T15:17:32.952Z] 3  |  function Skeleton({ className, ...props }) {
[2026-04-18T15:17:32.952Z] 11:17:32 AM [vite] (client) Pre-transform error: Failed to resolve import "react/jsx-dev-runtime" from "client/src/components/ui/skeleton.tsx". Does the file exist?
[2026-04-18T15:17:32.953Z] Plugin: vite:import-analysis
[2026-04-18T15:17:32.953Z] File: /home/ubuntu/viaoceanica-ai/client/src/components/ui/skeleton.tsx:5:4
[2026-04-18T15:17:32.953Z] 1  |  import { jsxDEV } from "react/jsx-dev-runtime";
[2026-04-18T15:17:32.953Z] |                          ^
[2026-04-18T15:17:32.953Z] 2  |  import { cn } from "@/lib/utils";
[2026-04-18T15:17:32.954Z] 3  |  function Skeleton({ className, ...props }) {
[2026-04-18T15:17:32.954Z] 11:17:32 AM [vite] (client) Pre-transform error: Failed to resolve import "react/jsx-dev-runtime" from "client/src/components/ui/skeleton.tsx". Does the file exist?
[2026-04-18T15:17:32.954Z] Plugin: vite:import-analysis
[2026-04-18T15:17:32.954Z] File: /home/ubuntu/viaoceanica-ai/client/src/components/ui/skeleton.tsx:5:4
[2026-04-18T15:17:32.955Z] 1  |  import { jsxDEV } from "react/jsx-dev-runtime";
[2026-04-18T15:17:32.955Z] |                          ^
[2026-04-18T15:17:32.955Z] 2  |  import { cn } from "@/lib/utils";
[2026-04-18T15:17:32.955Z] 3  |  function Skeleton({ className, ...props }) {
[2026-04-18T15:17:32.955Z] 11:17:32 AM [vite] (client) Pre-transform error: Failed to resolve import "react/jsx-dev-runtime" from "client/src/components/ui/skeleton.tsx". Does the file exist?
[2026-04-18T15:17:32.956Z] Plugin: vite:import-analysis
[2026-04-18T15:17:32.956Z] File: /home/ubuntu/viaoceanica-ai/client/src/components/ui/skeleton.tsx:5:4
[2026-04-18T15:17:32.956Z] 1  |  import { jsxDEV } from "react/jsx-dev-runtime";
[2026-04-18T15:17:32.956Z] |                          ^
[2026-04-18T15:17:32.957Z] 2  |  import { cn } from "@/lib/utils";
[2026-04-18T15:17:32.957Z] 3  |  function Skeleton({ className, ...props }) {
[2026-04-18T15:17:32.957Z] 11:17:32 AM [vite] (client) Pre-transform error: Failed to resolve import "react/jsx-dev-runtime" from "client/src/components/ui/skeleton.tsx". Does the file exist?
[2026-04-18T15:17:32.957Z] Plugin: vite:import-analysis
[2026-04-18T15:17:32.958Z] File: /home/ubuntu/viaoceanica-ai/client/src/components/ui/skeleton.tsx:5:4
[2026-04-18T15:17:32.958Z] 1  |  import { jsxDEV } from "react/jsx-dev-runtime";
[2026-04-18T15:17:32.958Z] |                          ^
[2026-04-18T15:17:32.958Z] 2  |  import { cn } from "@/lib/utils";
[2026-04-18T15:17:32.958Z] 3  |  function Skeleton({ className, ...props }) {
[2026-04-18T15:17:32.958Z] 11:17:32 AM [vite] (client) Pre-transform error: Failed to resolve import "react/jsx-dev-runtime" from "client/src/components/ui/skeleton.tsx". Does the file exist?
[2026-04-18T15:17:32.959Z] Plugin: vite:import-analysis
[2026-04-18T15:17:32.959Z] File: /home/ubuntu/viaoceanica-ai/client/src/components/ui/skeleton.tsx:5:4
[2026-04-18T15:17:32.959Z] 1  |  import { jsxDEV } from "react/jsx-dev-runtime";
[2026-04-18T15:17:32.959Z] |                          ^
[2026-04-18T15:17:32.960Z] 2  |  import { cn } from "@/lib/utils";
[2026-04-18T15:17:32.960Z] 3  |  function Skeleton({ className, ...props }) {
[2026-04-18T15:17:32.960Z] 11:17:32 AM [vite] (client) Pre-transform error: Failed to resolve import "react/jsx-dev-runtime" from "client/src/components/ui/skeleton.tsx". Does the file exist?
[2026-04-18T15:17:32.960Z] Plugin: vite:import-analysis
[2026-04-18T15:17:32.961Z] File: /home/ubuntu/viaoceanica-ai/client/src/components/ui/skeleton.tsx:5:4
[2026-04-18T15:17:32.961Z] 1  |  import { jsxDEV } from "react/jsx-dev-runtime";
[2026-04-18T15:17:32.961Z] |                          ^
[2026-04-18T15:17:32.961Z] 2  |  import { cn } from "@/lib/utils";
[2026-04-18T15:17:32.961Z] 3  |  function Skeleton({ className, ...props }) {
[2026-04-18T15:17:32.962Z] 11:17:32 AM [vite] (client) Pre-transform error: Failed to resolve import "react/jsx-dev-runtime" from "client/src/components/ui/skeleton.tsx". Does the file exist?
[2026-04-18T15:17:32.962Z] Plugin: vite:import-analysis
[2026-04-18T15:17:32.962Z] File: /home/ubuntu/viaoceanica-ai/client/src/components/ui/skeleton.tsx:5:4
[2026-04-18T15:17:32.962Z] 1  |  import { jsxDEV } from "react/jsx-dev-runtime";
[2026-04-18T15:17:32.962Z] |                          ^
[2026-04-18T15:17:32.963Z] 2  |  import { cn } from "@/lib/utils";
[2026-04-18T15:17:32.963Z] 3  |  function Skeleton({ className, ...props }) {
[2026-04-18T15:17:32.963Z] 11:17:32 AM [vite] (client) Pre-transform error: Failed to resolve import "react/jsx-dev-runtime" from "client/src/components/ui/skeleton.tsx". Does the file exist?
[2026-04-18T15:17:32.963Z] Plugin: vite:import-analysis
[2026-04-18T15:17:32.963Z] File: /home/ubuntu/viaoceanica-ai/client/src/components/ui/skeleton.tsx:5:4
[2026-04-18T15:17:32.964Z] 1  |  import { jsxDEV } from "react/jsx-dev-runtime";
[2026-04-18T15:17:32.964Z] |                          ^
[2026-04-18T15:17:32.964Z] 2  |  import { cn } from "@/lib/utils";
[2026-04-18T15:17:32.964Z] 3  |  function Skeleton({ className, ...props }) {
[2026-04-18T15:17:32.965Z] 11:17:32 AM [vite] (client) Pre-transform error: Failed to resolve import "react/jsx-dev-runtime" from "client/src/components/ui/skeleton.tsx". Does the file exist?
[2026-04-18T15:17:32.965Z] Plugin: vite:import-analysis
[2026-04-18T15:17:32.965Z] File: /home/ubuntu/viaoceanica-ai/client/src/components/ui/skeleton.tsx:5:4
[2026-04-18T15:17:32.965Z] 1  |  import { jsxDEV } from "react/jsx-dev-runtime";
[2026-04-18T15:17:32.965Z] |                          ^
[2026-04-18T15:17:32.965Z] 2  |  import { cn } from "@/lib/utils";
[2026-04-18T15:17:32.966Z] 3  |  function Skeleton({ className, ...props }) {
[2026-04-18T15:17:32.966Z] 11:17:32 AM [vite] (client) Pre-transform error: Failed to resolve import "react/jsx-dev-runtime" from "client/src/components/ui/skeleton.tsx". Does the file exist?
[2026-04-18T15:17:32.966Z] Plugin: vite:import-analysis
[2026-04-18T15:17:32.966Z] File: /home/ubuntu/viaoceanica-ai/client/src/components/ui/skeleton.tsx:5:4
[2026-04-18T15:17:32.966Z] 1  |  import { jsxDEV } from "react/jsx-dev-runtime";
[2026-04-18T15:17:32.967Z] |                          ^
[2026-04-18T15:17:32.967Z] 2  |  import { cn } from "@/lib/utils";
[2026-04-18T15:17:32.967Z] 3  |  function Skeleton({ className, ...props }) {
[2026-04-18T15:17:32.967Z] 11:17:32 AM [vite] (client) Pre-transform error: Failed to resolve import "react/jsx-dev-runtime" from "client/src/components/ui/skeleton.tsx". Does the file exist?
[2026-04-18T15:17:32.967Z] Plugin: vite:import-analysis
[2026-04-18T15:17:32.968Z] File: /home/ubuntu/viaoceanica-ai/client/src/components/ui/skeleton.tsx:5:4
[2026-04-18T15:17:32.968Z] 1  |  import { jsxDEV } from "react/jsx-dev-runtime";
[2026-04-18T15:17:32.968Z] |                          ^
[2026-04-18T15:17:32.968Z] 2  |  import { cn } from "@/lib/utils";
[2026-04-18T15:17:32.969Z] 3  |  function Skeleton({ className, ...props }) {
[2026-04-18T15:17:32.969Z] 11:17:32 AM [vite] (client) Pre-transform error: Failed to resolve import "react/jsx-dev-runtime" from "client/src/components/ui/skeleton.tsx". Does the file exist?
[2026-04-18T15:17:32.969Z] Plugin: vite:import-analysis
[2026-04-18T15:17:32.970Z] File: /home/ubuntu/viaoceanica-ai/client/src/components/ui/skeleton.tsx:5:4
[2026-04-18T15:17:32.970Z] 1  |  import { jsxDEV } from "react/jsx-dev-runtime";
[2026-04-18T15:17:32.970Z] |                          ^
[2026-04-18T15:17:32.971Z] 2  |  import { cn } from "@/lib/utils";
[2026-04-18T15:17:32.971Z] 3  |  function Skeleton({ className, ...props }) {
[2026-04-18T15:17:32.971Z] 11:17:32 AM [vite] (client) Pre-transform error: Failed to resolve import "react/jsx-dev-runtime" from "client/src/components/ui/skeleton.tsx". Does the file exist?
[2026-04-18T15:17:32.971Z] Plugin: vite:import-analysis
[2026-04-18T15:17:32.971Z] File: /home/ubuntu/viaoceanica-ai/client/src/components/ui/skeleton.tsx:5:4
[2026-04-18T15:17:32.972Z] 1  |  import { jsxDEV } from "react/jsx-dev-runtime";
[2026-04-18T15:17:32.972Z] |                          ^
[2026-04-18T15:17:32.972Z] 2  |  import { cn } from "@/lib/utils";
[2026-04-18T15:17:32.972Z] 3  |  function Skeleton({ className, ...props }) {
[2026-04-18T15:17:32.973Z] 11:17:32 AM [vite] (client) Pre-transform error: Failed to resolve import "react/jsx-dev-runtime" from "client/src/components/ui/badge.tsx". Does the file exist?
[2026-04-18T15:17:32.973Z] Plugin: vite:import-analysis
[2026-04-18T15:17:32.973Z] File: /home/ubuntu/viaoceanica-ai/client/src/components/ui/badge.tsx:38:4
[2026-04-18T15:17:32.973Z] 1  |  import { jsxDEV } from "react/jsx-dev-runtime";
[2026-04-18T15:17:32.973Z] |                          ^
[2026-04-18T15:17:32.974Z] 2  |  import { Slot } from "@radix-ui/react-slot";
[2026-04-18T15:17:32.974Z] 3  |  import { cva } from "class-variance-authority";
[2026-04-18T15:17:32.974Z] 11:17:32 AM [vite] (client) Pre-transform error: Failed to resolve import "react/jsx-dev-runtime" from "client/src/components/ui/badge.tsx". Does the file exist?
[2026-04-18T15:17:32.974Z] Plugin: vite:import-analysis
[2026-04-18T15:17:32.975Z] File: /home/ubuntu/viaoceanica-ai/client/src/components/ui/badge.tsx:38:4
[2026-04-18T15:17:32.975Z] 1  |  import { jsxDEV } from "react/jsx-dev-runtime";
[2026-04-18T15:17:32.975Z] |                          ^
[2026-04-18T15:17:32.976Z] 2  |  import { Slot } from "@radix-ui/react-slot";
[2026-04-18T15:17:32.976Z] 3  |  import { cva } from "class-variance-authority";
[2026-04-18T15:17:32.976Z] 11:17:32 AM [vite] (client) Pre-transform error: Failed to resolve import "react/jsx-dev-runtime" from "client/src/components/ui/badge.tsx". Does the file exist?
[2026-04-18T15:17:32.976Z] Plugin: vite:import-analysis
[2026-04-18T15:17:32.977Z] File: /home/ubuntu/viaoceanica-ai/client/src/components/ui/badge.tsx:38:4
[2026-04-18T15:17:32.977Z] 1  |  import { jsxDEV } from "react/jsx-dev-runtime";
[2026-04-18T15:17:32.977Z] |                          ^
[2026-04-18T15:17:32.977Z] 2  |  import { Slot } from "@radix-ui/react-slot";
[2026-04-18T15:17:32.977Z] 3  |  import { cva } from "class-variance-authority";
[2026-04-18T15:17:32.978Z] 11:17:32 AM [vite] (client) Pre-transform error: Failed to resolve import "react/jsx-dev-runtime" from "client/src/components/ui/badge.tsx". Does the file exist?
[2026-04-18T15:17:32.978Z] Plugin: vite:import-analysis
[2026-04-18T15:17:32.978Z] File: /home/ubuntu/viaoceanica-ai/client/src/components/ui/badge.tsx:38:4
[2026-04-18T15:17:32.978Z] 1  |  import { jsxDEV } from "react/jsx-dev-runtime";
[2026-04-18T15:17:32.978Z] |                          ^
[2026-04-18T15:17:32.979Z] 2  |  import { Slot } from "@radix-ui/react-slot";
[2026-04-18T15:17:32.979Z] 3  |  import { cva } from "class-variance-authority";
[2026-04-18T15:17:32.979Z] 11:17:32 AM [vite] (client) Pre-transform error: Failed to resolve import "react/jsx-dev-runtime" from "client/src/components/ui/badge.tsx". Does the file exist?
[2026-04-18T15:17:32.979Z] Plugin: vite:import-analysis
[2026-04-18T15:17:32.979Z] File: /home/ubuntu/viaoceanica-ai/client/src/components/ui/badge.tsx:38:4
[2026-04-18T15:17:32.980Z] 1  |  import { jsxDEV } from "react/jsx-dev-runtime";
[2026-04-18T15:17:32.980Z] |                          ^
[2026-04-18T15:17:32.980Z] 2  |  import { Slot } from "@radix-ui/react-slot";
[2026-04-18T15:17:32.980Z] 3  |  import { cva } from "class-variance-authority";
[2026-04-18T15:17:32.980Z] 11:17:32 AM [vite] (client) Pre-transform error: Failed to resolve import "react/jsx-dev-runtime" from "client/src/components/ui/badge.tsx". Does the file exist?
[2026-04-18T15:17:32.981Z] Plugin: vite:import-analysis
[2026-04-18T15:17:32.981Z] File: /home/ubuntu/viaoceanica-ai/client/src/components/ui/badge.tsx:38:4
[2026-04-18T15:17:32.981Z] 1  |  import { jsxDEV } from "react/jsx-dev-runtime";
[2026-04-18T15:17:32.981Z] |                          ^
[2026-04-18T15:17:32.982Z] 2  |  import { Slot } from "@radix-ui/react-slot";
[2026-04-18T15:17:32.982Z] 3  |  import { cva } from "class-variance-authority";
[2026-04-18T15:17:32.982Z] 11:17:32 AM [vite] (client) Pre-transform error: Failed to resolve import "react/jsx-dev-runtime" from "client/src/components/ui/badge.tsx". Does the file exist?
[2026-04-18T15:17:32.982Z] Plugin: vite:import-analysis
[2026-04-18T15:17:32.982Z] File: /home/ubuntu/viaoceanica-ai/client/src/components/ui/badge.tsx:38:4
[2026-04-18T15:17:32.983Z] 1  |  import { jsxDEV } from "react/jsx-dev-runtime";
[2026-04-18T15:17:32.983Z] |                          ^
[2026-04-18T15:17:32.983Z] 2  |  import { Slot } from "@radix-ui/react-slot";
[2026-04-18T15:17:32.984Z] 3  |  import { cva } from "class-variance-authority";
[2026-04-18T15:17:32.984Z] 11:17:32 AM [vite] (client) Pre-transform error: Failed to resolve import "react/jsx-dev-runtime" from "client/src/components/ui/badge.tsx". Does the file exist?
[2026-04-18T15:17:32.984Z] Plugin: vite:import-analysis
[2026-04-18T15:17:32.984Z] File: /home/ubuntu/viaoceanica-ai/client/src/components/ui/badge.tsx:38:4
[2026-04-18T15:17:32.985Z] 1  |  import { jsxDEV } from "react/jsx-dev-runtime";
[2026-04-18T15:17:32.985Z] |                          ^
[2026-04-18T15:17:32.985Z] 2  |  import { Slot } from "@radix-ui/react-slot";
[2026-04-18T15:17:32.985Z] 3  |  import { cva } from "class-variance-authority";
[2026-04-18T15:17:32.985Z] 11:17:32 AM [vite] (client) Pre-transform error: Failed to resolve import "react/jsx-dev-runtime" from "client/src/components/ui/badge.tsx". Does the file exist?
[2026-04-18T15:17:32.985Z] Plugin: vite:import-analysis
[2026-04-18T15:17:32.985Z] File: /home/ubuntu/viaoceanica-ai/client/src/components/ui/badge.tsx:38:4
[2026-04-18T15:17:32.986Z] 1  |  import { jsxDEV } from "react/jsx-dev-runtime";
[2026-04-18T15:17:32.986Z] |                          ^
[2026-04-18T15:17:32.986Z] 2  |  import { Slot } from "@radix-ui/react-slot";
[2026-04-18T15:17:32.986Z] 3  |  import { cva } from "class-variance-authority";
[2026-04-18T15:17:32.986Z] 11:17:32 AM [vite] (client) Pre-transform error: Failed to resolve import "react/jsx-dev-runtime" from "client/src/components/ui/badge.tsx". Does the file exist?
[2026-04-18T15:17:32.986Z] Plugin: vite:import-analysis
[2026-04-18T15:17:32.986Z] File: /home/ubuntu/viaoceanica-ai/client/src/components/ui/badge.tsx:38:4
[2026-04-18T15:17:32.987Z] 1  |  import { jsxDEV } from "react/jsx-dev-runtime";
[2026-04-18T15:17:32.987Z] |                          ^
[2026-04-18T15:17:32.987Z] 2  |  import { Slot } from "@radix-ui/react-slot";
[2026-04-18T15:17:32.987Z] 3  |  import { cva } from "class-variance-authority";
[2026-04-18T15:17:32.987Z] 11:17:32 AM [vite] (client) Pre-transform error: Failed to resolve import "react/jsx-dev-runtime" from "client/src/components/ui/badge.tsx". Does the file exist?
[2026-04-18T15:17:32.987Z] Plugin: vite:import-analysis
[2026-04-18T15:17:32.988Z] File: /home/ubuntu/viaoceanica-ai/client/src/components/ui/badge.tsx:38:4
[2026-04-18T15:17:32.988Z] 1  |  import { jsxDEV } from "react/jsx-dev-runtime";
[2026-04-18T15:17:32.988Z] |                          ^
[2026-04-18T15:17:32.988Z] 2  |  import { Slot } from "@radix-ui/react-slot";
[2026-04-18T15:17:32.988Z] 3  |  import { cva } from "class-variance-authority";
[2026-04-18T15:17:32.988Z] 11:17:32 AM [vite] (client) Pre-transform error: Failed to resolve import "react/jsx-dev-runtime" from "client/src/components/ui/badge.tsx". Does the file exist?
[2026-04-18T15:17:32.989Z] Plugin: vite:import-analysis
[2026-04-18T15:17:32.989Z] File: /home/ubuntu/viaoceanica-ai/client/src/components/ui/badge.tsx:38:4
[2026-04-18T15:17:32.989Z] 1  |  import { jsxDEV } from "react/jsx-dev-runtime";
[2026-04-18T15:17:32.989Z] |                          ^
[2026-04-18T15:17:32.990Z] 2  |  import { Slot } from "@radix-ui/react-slot";
[2026-04-18T15:17:32.990Z] 3  |  import { cva } from "class-variance-authority";
[2026-04-18T15:17:32.990Z] 11:17:32 AM [vite] (client) Pre-transform error: Failed to resolve import "react/jsx-dev-runtime" from "client/src/components/ui/badge.tsx". Does the file exist?
[2026-04-18T15:17:32.990Z] Plugin: vite:import-analysis
[2026-04-18T15:17:32.990Z] File: /home/ubuntu/viaoceanica-ai/client/src/components/ui/badge.tsx:38:4
[2026-04-18T15:17:32.991Z] 1  |  import { jsxDEV } from "react/jsx-dev-runtime";
[2026-04-18T15:17:32.991Z] |                          ^
[2026-04-18T15:17:32.991Z] 2  |  import { Slot } from "@radix-ui/react-slot";
[2026-04-18T15:17:32.991Z] 3  |  import { cva } from "class-variance-authority";
[2026-04-18T15:17:32.991Z] 11:17:32 AM [vite] (client) Pre-transform error: Failed to resolve import "react/jsx-dev-runtime" from "client/src/components/ui/select.tsx". Does the file exist?
[2026-04-18T15:17:32.992Z] Plugin: vite:import-analysis
[2026-04-18T15:17:32.992Z] File: /home/ubuntu/viaoceanica-ai/client/src/components/ui/select.tsx:10:9
[2026-04-18T15:17:32.992Z] 1  |  import { jsxDEV } from "react/jsx-dev-runtime";
[2026-04-18T15:17:32.992Z] |                          ^
[2026-04-18T15:17:32.992Z] 2  |  import * as SelectPrimitive from "@radix-ui/react-select";
[2026-04-18T15:17:32.993Z] 3  |  import { CheckIcon, ChevronDownIcon, ChevronUpIcon } from "lucide-react";
[2026-04-18T15:17:32.993Z] 11:17:32 AM [vite] (client) Pre-transform error: Failed to resolve import "react/jsx-dev-runtime" from "client/src/components/ui/select.tsx". Does the file exist?
[2026-04-18T15:17:32.993Z] Plugin: vite:import-analysis
[2026-04-18T15:17:32.993Z] File: /home/ubuntu/viaoceanica-ai/client/src/components/ui/select.tsx:10:9
[2026-04-18T15:17:32.993Z] 1  |  import { jsxDEV } from "react/jsx-dev-runtime";
[2026-04-18T15:17:32.994Z] |                          ^
[2026-04-18T15:17:32.994Z] 2  |  import * as SelectPrimitive from "@radix-ui/react-select";
[2026-04-18T15:17:32.994Z] 3  |  import { CheckIcon, ChevronDownIcon, ChevronUpIcon } from "lucide-react";
[2026-04-18T15:17:32.994Z] 11:17:32 AM [vite] (client) Pre-transform error: Failed to resolve import "react/jsx-dev-runtime" from "client/src/components/ui/select.tsx". Does the file exist?
[2026-04-18T15:17:32.995Z] Plugin: vite:import-analysis
[2026-04-18T15:17:32.995Z] File: /home/ubuntu/viaoceanica-ai/client/src/components/ui/select.tsx:10:9
[2026-04-18T15:17:32.995Z] 1  |  import { jsxDEV } from "react/jsx-dev-runtime";
[2026-04-18T15:17:32.995Z] |                          ^
[2026-04-18T15:17:32.996Z] 2  |  import * as SelectPrimitive from "@radix-ui/react-select";
[2026-04-18T15:17:32.996Z] 3  |  import { CheckIcon, ChevronDownIcon, ChevronUpIcon } from "lucide-react";
[2026-04-18T15:17:32.996Z] 11:17:32 AM [vite] (client) Pre-transform error: Failed to resolve import "react/jsx-dev-runtime" from "client/src/components/ui/skeleton.tsx". Does the file exist?
[2026-04-18T15:17:32.996Z] Plugin: vite:import-analysis
[2026-04-18T15:17:32.997Z] File: /home/ubuntu/viaoceanica-ai/client/src/components/ui/skeleton.tsx:5:4
[2026-04-18T15:17:32.997Z] 1  |  import { jsxDEV } from "react/jsx-dev-runtime";
[2026-04-18T15:17:32.997Z] |                          ^
[2026-04-18T15:17:32.997Z] 2  |  import { cn } from "@/lib/utils";
[2026-04-18T15:17:32.997Z] 3  |  function Skeleton({ className, ...props }) {
[2026-04-18T15:17:32.998Z] 11:17:32 AM [vite] (client) Pre-transform error: Failed to resolve import "react/jsx-dev-runtime" from "client/src/components/ui/badge.tsx". Does the file exist?
[2026-04-18T15:17:32.998Z] Plugin: vite:import-analysis
[2026-04-18T15:17:32.998Z] File: /home/ubuntu/viaoceanica-ai/client/src/components/ui/badge.tsx:38:4
[2026-04-18T15:17:32.998Z] 1  |  import { jsxDEV } from "react/jsx-dev-runtime";
[2026-04-18T15:17:32.998Z] |                          ^
[2026-04-18T15:17:32.999Z] 2  |  import { Slot } from "@radix-ui/react-slot";
[2026-04-18T15:17:32.999Z] 3  |  import { cva } from "class-variance-authority";
[2026-04-18T15:17:32.999Z] 11:17:32 AM [vite] (client) Pre-transform error: Failed to resolve import "react/jsx-dev-runtime" from "client/src/components/ui/alert-dialog.tsx". Does the file exist?
[2026-04-18T15:17:32.999Z] Plugin: vite:import-analysis
[2026-04-18T15:17:33.000Z] File: /home/ubuntu/viaoceanica-ai/client/src/components/ui/alert-dialog.tsx:10:9
[2026-04-18T15:17:33.000Z] 1  |  import { jsxDEV } from "react/jsx-dev-runtime";
[2026-04-18T15:17:33.000Z] |                          ^
[2026-04-18T15:17:33.000Z] 2  |  import * as AlertDialogPrimitive from "@radix-ui/react-alert-dialog";
[2026-04-18T15:17:33.001Z] 3  |  import { cn } from "@/lib/utils";
[2026-04-18T15:17:33.001Z] 11:17:32 AM [vite] (client) Pre-transform error: Failed to resolve import "react/jsx-dev-runtime" from "client/src/components/ui/select.tsx". Does the file exist?
[2026-04-18T15:17:33.001Z] Plugin: vite:import-analysis
[2026-04-18T15:17:33.001Z] File: /home/ubuntu/viaoceanica-ai/client/src/components/ui/select.tsx:10:9
[2026-04-18T15:17:33.001Z] 1  |  import { jsxDEV } from "react/jsx-dev-runtime";
[2026-04-18T15:17:33.002Z] |                          ^
[2026-04-18T15:17:33.002Z] 2  |  import * as SelectPrimitive from "@radix-ui/react-select";
[2026-04-18T15:17:33.002Z] 3  |  import { CheckIcon, ChevronDownIcon, ChevronUpIcon } from "lucide-react";
[2026-04-18T15:17:33.002Z] 11:17:32 AM [vite] (client) Pre-transform error: Failed to resolve import "react/jsx-dev-runtime" from "client/src/components/ui/table.tsx". Does the file exist?
[2026-04-18T15:17:33.002Z] Plugin: vite:import-analysis
[2026-04-18T15:17:33.003Z] File: /home/ubuntu/viaoceanica-ai/client/src/components/ui/table.tsx:11:6
[2026-04-18T15:17:33.003Z] 1  |  import { jsxDEV } from "react/jsx-dev-runtime";
[2026-04-18T15:17:33.004Z] |                          ^
[2026-04-18T15:17:33.004Z] 2  |  import { cn } from "@/lib/utils";
[2026-04-18T15:17:33.004Z] 3  |  function Table({ className, ...props }) {
[2026-04-18T15:17:33.005Z] 11:17:32 AM [vite] (client) Pre-transform error: Failed to resolve import "react/jsx-dev-runtime" from "client/src/components/ui/table.tsx". Does the file exist?
[2026-04-18T15:17:33.005Z] Plugin: vite:import-analysis
[2026-04-18T15:17:33.005Z] File: /home/ubuntu/viaoceanica-ai/client/src/components/ui/table.tsx:11:6
[2026-04-18T15:17:33.005Z] 1  |  import { jsxDEV } from "react/jsx-dev-runtime";
[2026-04-18T15:17:33.005Z] |                          ^
[2026-04-18T15:17:33.005Z] 2  |  import { cn } from "@/lib/utils";
[2026-04-18T15:17:33.006Z] 3  |  function Table({ className, ...props }) {
[2026-04-18T15:17:33.006Z] 11:17:32 AM [vite] (client) Pre-transform error: Failed to resolve import "react/jsx-dev-runtime" from "client/src/components/ui/table.tsx". Does the file exist?
[2026-04-18T15:17:33.006Z] Plugin: vite:import-analysis
[2026-04-18T15:17:33.006Z] File: /home/ubuntu/viaoceanica-ai/client/src/components/ui/table.tsx:11:6
[2026-04-18T15:17:33.006Z] 1  |  import { jsxDEV } from "react/jsx-dev-runtime";
[2026-04-18T15:17:33.006Z] |                          ^
[2026-04-18T15:17:33.007Z] 2  |  import { cn } from "@/lib/utils";
[2026-04-18T15:17:33.007Z] 3  |  function Table({ className, ...props }) {
[2026-04-18T15:17:33.007Z] 11:17:32 AM [vite] (client) Pre-transform error: Failed to resolve import "react/jsx-dev-runtime" from "client/src/components/ui/table.tsx". Does the file exist?
[2026-04-18T15:17:33.007Z] Plugin: vite:import-analysis
[2026-04-18T15:17:33.007Z] File: /home/ubuntu/viaoceanica-ai/client/src/components/ui/table.tsx:11:6
[2026-04-18T15:17:33.007Z] 1  |  import { jsxDEV } from "react/jsx-dev-runtime";
[2026-04-18T15:17:33.008Z] |                          ^
[2026-04-18T15:17:33.008Z] 2  |  import { cn } from "@/lib/utils";
[2026-04-18T15:17:33.008Z] 3  |  function Table({ className, ...props }) {
[2026-04-18T15:17:33.008Z] 11:17:32 AM [vite] (client) Pre-transform error: Failed to resolve import "react/jsx-dev-runtime" from "client/src/components/ui/table.tsx". Does the file exist?
[2026-04-18T15:17:33.008Z] Plugin: vite:import-analysis
[2026-04-18T15:17:33.009Z] File: /home/ubuntu/viaoceanica-ai/client/src/components/ui/table.tsx:11:6
[2026-04-18T15:17:33.009Z] 1  |  import { jsxDEV } from "react/jsx-dev-runtime";
[2026-04-18T15:17:33.009Z] |                          ^
[2026-04-18T15:17:33.010Z] 2  |  import { cn } from "@/lib/utils";
[2026-04-18T15:17:33.010Z] 3  |  function Table({ className, ...props }) {
[2026-04-18T15:17:33.010Z] 11:17:32 AM [vite] (client) Pre-transform error: Failed to resolve import "react/jsx-dev-runtime" from "client/src/components/ui/switch.tsx". Does the file exist?
[2026-04-18T15:17:33.011Z] Plugin: vite:import-analysis
[2026-04-18T15:17:33.011Z] File: /home/ubuntu/viaoceanica-ai/client/src/components/ui/switch.tsx:19:6
[2026-04-18T15:17:33.011Z] 1  |  import { jsxDEV } from "react/jsx-dev-runtime";
[2026-04-18T15:17:33.012Z] |                          ^
[2026-04-18T15:17:33.012Z] 2  |  import * as SwitchPrimitive from "@radix-ui/react-switch";
[2026-04-18T15:17:33.012Z] 3  |  import { cn } from "@/lib/utils";
[2026-04-18T15:17:33.012Z] 11:17:32 AM [vite] (client) Pre-transform error: Failed to resolve import "react/jsx-dev-runtime" from "client/src/components/ui/switch.tsx". Does the file exist?
[2026-04-18T15:17:33.013Z] Plugin: vite:import-analysis
[2026-04-18T15:17:33.013Z] File: /home/ubuntu/viaoceanica-ai/client/src/components/ui/switch.tsx:19:6
[2026-04-18T15:17:33.013Z] 1  |  import { jsxDEV } from "react/jsx-dev-runtime";
[2026-04-18T15:17:33.013Z] |                          ^
[2026-04-18T15:17:33.013Z] 2  |  import * as SwitchPrimitive from "@radix-ui/react-switch";
[2026-04-18T15:17:33.013Z] 3  |  import { cn } from "@/lib/utils";
[2026-04-18T15:17:33.014Z] 11:17:32 AM [vite] (client) Pre-transform error: Failed to resolve import "react/jsx-dev-runtime" from "client/src/components/ui/separator.tsx". Does the file exist?
[2026-04-18T15:17:33.014Z] Plugin: vite:import-analysis
[2026-04-18T15:17:33.014Z] File: /home/ubuntu/viaoceanica-ai/client/src/components/ui/separator.tsx:13:4
[2026-04-18T15:17:33.014Z] 1  |  import { jsxDEV } from "react/jsx-dev-runtime";
[2026-04-18T15:17:33.014Z] |                          ^
[2026-04-18T15:17:33.015Z] 2  |  import * as SeparatorPrimitive from "@radix-ui/react-separator";
[2026-04-18T15:17:33.015Z] 3  |  import { cn } from "@/lib/utils";
[2026-04-18T15:17:33.015Z] 11:17:32 AM [vite] (client) Pre-transform error: Failed to resolve import "react/jsx-dev-runtime" from "client/src/components/ui/separator.tsx". Does the file exist?
[2026-04-18T15:17:33.015Z] Plugin: vite:import-analysis
[2026-04-18T15:17:33.016Z] File: /home/ubuntu/viaoceanica-ai/client/src/components/ui/separator.tsx:13:4
[2026-04-18T15:17:33.016Z] 1  |  import { jsxDEV } from "react/jsx-dev-runtime";
[2026-04-18T15:17:33.016Z] |                          ^
[2026-04-18T15:17:33.016Z] 2  |  import * as SeparatorPrimitive from "@radix-ui/react-separator";
[2026-04-18T15:17:33.016Z] 3  |  import { cn } from "@/lib/utils";
[2026-04-18T15:17:33.017Z] 11:17:32 AM [vite] (client) Pre-transform error: Failed to resolve import "react/jsx-dev-runtime" from "client/src/components/ui/separator.tsx". Does the file exist?
[2026-04-18T15:17:33.017Z] Plugin: vite:import-analysis
[2026-04-18T15:17:33.017Z] File: /home/ubuntu/viaoceanica-ai/client/src/components/ui/separator.tsx:13:4
[2026-04-18T15:17:33.017Z] 1  |  import { jsxDEV } from "react/jsx-dev-runtime";
[2026-04-18T15:17:33.018Z] |                          ^
[2026-04-18T15:17:33.018Z] 2  |  import * as SeparatorPrimitive from "@radix-ui/react-separator";
[2026-04-18T15:17:33.018Z] 3  |  import { cn } from "@/lib/utils";
[2026-04-18T15:17:33.018Z] 11:17:32 AM [vite] (client) Pre-transform error: Failed to resolve import "@trpc/react-query" from "client/src/lib/trpc.ts". Does the file exist?
[2026-04-18T15:17:33.018Z] Plugin: vite:import-analysis
[2026-04-18T15:17:33.019Z] File: /home/ubuntu/viaoceanica-ai/client/src/lib/trpc.ts:1:32
[2026-04-18T15:17:33.019Z] 1  |  import { createTRPCReact } from "@trpc/react-query";
[2026-04-18T15:17:33.019Z] |                                   ^
[2026-04-18T15:17:33.019Z] 2  |  export const trpc = createTRPCReact();
[2026-04-18T15:17:33.019Z] 3  |
[2026-04-18T15:17:33.019Z] 11:17:32 AM [vite] (client) Pre-transform error: Failed to resolve import "@trpc/react-query" from "client/src/lib/trpc.ts". Does the file exist?
[2026-04-18T15:17:33.020Z] Plugin: vite:import-analysis
[2026-04-18T15:17:33.020Z] File: /home/ubuntu/viaoceanica-ai/client/src/lib/trpc.ts:1:32
[2026-04-18T15:17:33.020Z] 1  |  import { createTRPCReact } from "@trpc/react-query";
[2026-04-18T15:17:33.020Z] |                                   ^
[2026-04-18T15:17:33.020Z] 2  |  export const trpc = createTRPCReact();
[2026-04-18T15:17:33.021Z] 3  |
[2026-04-18T15:17:33.021Z] 11:17:32 AM [vite] (client) Pre-transform error: Failed to resolve import "@trpc/react-query" from "client/src/lib/trpc.ts". Does the file exist?
[2026-04-18T15:17:33.021Z] Plugin: vite:import-analysis
[2026-04-18T15:17:33.021Z] File: /home/ubuntu/viaoceanica-ai/client/src/lib/trpc.ts:1:32
[2026-04-18T15:17:33.021Z] 1  |  import { createTRPCReact } from "@trpc/react-query";
[2026-04-18T15:17:33.022Z] |                                   ^
[2026-04-18T15:17:33.022Z] 2  |  export const trpc = createTRPCReact();
[2026-04-18T15:17:33.022Z] 3  |
[2026-04-18T15:17:33.022Z] 11:17:32 AM [vite] (client) Pre-transform error: Failed to resolve import "@trpc/react-query" from "client/src/lib/trpc.ts". Does the file exist?
[2026-04-18T15:17:33.022Z] Plugin: vite:import-analysis
[2026-04-18T15:17:33.023Z] File: /home/ubuntu/viaoceanica-ai/client/src/lib/trpc.ts:1:32
[2026-04-18T15:17:33.023Z] 1  |  import { createTRPCReact } from "@trpc/react-query";
[2026-04-18T15:17:33.023Z] |                                   ^
[2026-04-18T15:17:33.023Z] 2  |  export const trpc = createTRPCReact();
[2026-04-18T15:17:33.023Z] 3  |
[2026-04-18T15:17:33.024Z] 11:17:32 AM [vite] (client) Pre-transform error: Failed to resolve import "@trpc/react-query" from "client/src/lib/trpc.ts". Does the file exist?
[2026-04-18T15:17:33.052Z] Plugin: vite:import-analysis
[2026-04-18T15:17:33.052Z] File: /home/ubuntu/viaoceanica-ai/client/src/lib/trpc.ts:1:32
[2026-04-18T15:17:33.052Z] 1  |  import { createTRPCReact } from "@trpc/react-query";
[2026-04-18T15:17:33.053Z] |                                   ^
[2026-04-18T15:17:33.053Z] 2  |  export const trpc = createTRPCReact();
[2026-04-18T15:17:33.053Z] 3  |
[2026-04-18T15:17:33.053Z] 11:17:32 AM [vite] (client) Pre-transform error: Failed to resolve import "@trpc/react-query" from "client/src/lib/trpc.ts". Does the file exist?
[2026-04-18T15:17:33.053Z] Plugin: vite:import-analysis
[2026-04-18T15:17:33.054Z] File: /home/ubuntu/viaoceanica-ai/client/src/lib/trpc.ts:1:32
[2026-04-18T15:17:33.054Z] 1  |  import { createTRPCReact } from "@trpc/react-query";
[2026-04-18T15:17:33.054Z] |                                   ^
[2026-04-18T15:17:33.054Z] 2  |  export const trpc = createTRPCReact();
[2026-04-18T15:17:33.054Z] 3  |
[2026-04-18T15:17:33.055Z] 11:17:32 AM [vite] (client) Pre-transform error: Failed to resolve import "react/jsx-dev-runtime" from "client/src/components/ui/dialog.tsx". Does the file exist?
[2026-04-18T15:17:33.055Z] Plugin: vite:import-analysis
[2026-04-18T15:17:33.055Z] File: /home/ubuntu/viaoceanica-ai/client/src/components/ui/dialog.tsx:51:6
[2026-04-18T15:17:33.055Z] 1  |  import { jsxDEV } from "react/jsx-dev-runtime";
[2026-04-18T15:17:33.055Z] |                          ^
[2026-04-18T15:17:33.055Z] 2  |  var _s = $RefreshSig$(), _s2 = $RefreshSig$(), _s3 = $RefreshSig$();
[2026-04-18T15:17:33.056Z] 3  |  import { cn } from "@/lib/utils";
[2026-04-18T15:17:33.056Z] 11:17:32 AM [vite] (client) Pre-transform error: Failed to resolve import "react/jsx-dev-runtime" from "client/src/components/ui/dialog.tsx". Does the file exist?
[2026-04-18T15:17:33.056Z] Plugin: vite:import-analysis
[2026-04-18T15:17:33.056Z] File: /home/ubuntu/viaoceanica-ai/client/src/components/ui/dialog.tsx:51:6
[2026-04-18T15:17:33.057Z] 1  |  import { jsxDEV } from "react/jsx-dev-runtime";
[2026-04-18T15:17:33.057Z] |                          ^
[2026-04-18T15:17:33.057Z] 2  |  var _s = $RefreshSig$(), _s2 = $RefreshSig$(), _s3 = $RefreshSig$();
[2026-04-18T15:17:33.057Z] 3  |  import { cn } from "@/lib/utils";
[2026-04-18T15:17:33.057Z] 11:17:32 AM [vite] (client) Pre-transform error: Failed to resolve import "react/jsx-dev-runtime" from "client/src/components/ui/dialog.tsx". Does the file exist?
[2026-04-18T15:17:33.058Z] Plugin: vite:import-analysis
[2026-04-18T15:17:33.058Z] File: /home/ubuntu/viaoceanica-ai/client/src/components/ui/dialog.tsx:51:6
[2026-04-18T15:17:33.058Z] 1  |  import { jsxDEV } from "react/jsx-dev-runtime";
[2026-04-18T15:17:33.058Z] |                          ^
[2026-04-18T15:17:33.058Z] 2  |  var _s = $RefreshSig$(), _s2 = $RefreshSig$(), _s3 = $RefreshSig$();
[2026-04-18T15:17:33.059Z] 3  |  import { cn } from "@/lib/utils";
[2026-04-18T15:17:33.059Z] 11:17:32 AM [vite] (client) Pre-transform error: Failed to resolve import "react/jsx-dev-runtime" from "client/src/components/ui/dialog.tsx". Does the file exist?
[2026-04-18T15:17:33.059Z] Plugin: vite:import-analysis
[2026-04-18T15:17:33.059Z] File: /home/ubuntu/viaoceanica-ai/client/src/components/ui/dialog.tsx:51:6
[2026-04-18T15:17:33.059Z] 1  |  import { jsxDEV } from "react/jsx-dev-runtime";
[2026-04-18T15:17:33.060Z] |                          ^
[2026-04-18T15:17:33.060Z] 2  |  var _s = $RefreshSig$(), _s2 = $RefreshSig$(), _s3 = $RefreshSig$();
[2026-04-18T15:17:33.060Z] 3  |  import { cn } from "@/lib/utils";
[2026-04-18T15:17:33.060Z] 11:17:32 AM [vite] (client) Pre-transform error: Failed to resolve import "react/jsx-dev-runtime" from "client/src/components/ui/dialog.tsx". Does the file exist?
[2026-04-18T15:17:33.061Z] Plugin: vite:import-analysis
[2026-04-18T15:17:33.061Z] File: /home/ubuntu/viaoceanica-ai/client/src/components/ui/dialog.tsx:51:6
[2026-04-18T15:17:33.061Z] 1  |  import { jsxDEV } from "react/jsx-dev-runtime";
[2026-04-18T15:17:33.061Z] |                          ^
[2026-04-18T15:17:33.061Z] 2  |  var _s = $RefreshSig$(), _s2 = $RefreshSig$(), _s3 = $RefreshSig$();
[2026-04-18T15:17:33.062Z] 3  |  import { cn } from "@/lib/utils";
[2026-04-18T15:17:33.062Z] 11:17:32 AM [vite] (client) Pre-transform error: Failed to resolve import "react/jsx-dev-runtime" from "client/src/components/ui/table.tsx". Does the file exist?
[2026-04-18T15:17:33.062Z] Plugin: vite:import-analysis
[2026-04-18T15:17:33.062Z] File: /home/ubuntu/viaoceanica-ai/client/src/components/ui/table.tsx:11:6
[2026-04-18T15:17:33.062Z] 1  |  import { jsxDEV } from "react/jsx-dev-runtime";
[2026-04-18T15:17:33.063Z] |                          ^
[2026-04-18T15:17:33.063Z] 2  |  import { cn } from "@/lib/utils";
[2026-04-18T15:17:33.063Z] 3  |  function Table({ className, ...props }) {
[2026-04-18T15:17:33.063Z] 11:17:32 AM [vite] (client) Pre-transform error: Failed to resolve import "react/jsx-dev-runtime" from "client/src/components/ui/switch.tsx". Does the file exist?
[2026-04-18T15:17:33.063Z] Plugin: vite:import-analysis
[2026-04-18T15:17:33.064Z] File: /home/ubuntu/viaoceanica-ai/client/src/components/ui/switch.tsx:19:6
[2026-04-18T15:17:33.064Z] 1  |  import { jsxDEV } from "react/jsx-dev-runtime";
[2026-04-18T15:17:33.064Z] |                          ^
[2026-04-18T15:17:33.064Z] 2  |  import * as SwitchPrimitive from "@radix-ui/react-switch";
[2026-04-18T15:17:33.065Z] 3  |  import { cn } from "@/lib/utils";
[2026-04-18T15:17:33.065Z] 11:17:32 AM [vite] (client) Pre-transform error: Failed to resolve import "react/jsx-dev-runtime" from "client/src/components/ui/checkbox.tsx". Does the file exist?
[2026-04-18T15:17:33.065Z] Plugin: vite:import-analysis
[2026-04-18T15:17:33.065Z] File: /home/ubuntu/viaoceanica-ai/client/src/components/ui/checkbox.tsx:24:8
[2026-04-18T15:17:33.065Z] 1  |  import { jsxDEV } from "react/jsx-dev-runtime";
[2026-04-18T15:17:33.066Z] |                          ^
[2026-04-18T15:17:33.066Z] 2  |  import * as CheckboxPrimitive from "@radix-ui/react-checkbox";
[2026-04-18T15:17:33.066Z] 3  |  import { CheckIcon } from "lucide-react";
[2026-04-18T15:17:33.066Z] 11:17:32 AM [vite] (client) Pre-transform error: Failed to resolve import "react/jsx-dev-runtime" from "client/src/components/ui/separator.tsx". Does the file exist?
[2026-04-18T15:17:33.066Z] Plugin: vite:import-analysis
[2026-04-18T15:17:33.067Z] File: /home/ubuntu/viaoceanica-ai/client/src/components/ui/separator.tsx:13:4
[2026-04-18T15:17:33.067Z] 1  |  import { jsxDEV } from "react/jsx-dev-runtime";
[2026-04-18T15:17:33.067Z] |                          ^
[2026-04-18T15:17:33.067Z] 2  |  import * as SeparatorPrimitive from "@radix-ui/react-separator";
[2026-04-18T15:17:33.067Z] 3  |  import { cn } from "@/lib/utils";
[2026-04-18T15:17:33.068Z] 11:17:32 AM [vite] (client) Pre-transform error: Failed to resolve import "@trpc/react-query" from "client/src/lib/trpc.ts". Does the file exist?
[2026-04-18T15:17:33.068Z] Plugin: vite:import-analysis
[2026-04-18T15:17:33.068Z] File: /home/ubuntu/viaoceanica-ai/client/src/lib/trpc.ts:1:32
[2026-04-18T15:17:33.068Z] 1  |  import { createTRPCReact } from "@trpc/react-query";
[2026-04-18T15:17:33.069Z] |                                   ^
[2026-04-18T15:17:33.069Z] 2  |  export const trpc = createTRPCReact();
[2026-04-18T15:17:33.069Z] 3  |
[2026-04-18T15:17:33.069Z] 11:17:32 AM [vite] (client) Pre-transform error: Failed to resolve import "react/jsx-dev-runtime" from "client/src/components/ui/dialog.tsx". Does the file exist?
[2026-04-18T15:17:33.069Z] Plugin: vite:import-analysis
[2026-04-18T15:17:33.070Z] File: /home/ubuntu/viaoceanica-ai/client/src/components/ui/dialog.tsx:51:6
[2026-04-18T15:17:33.070Z] 1  |  import { jsxDEV } from "react/jsx-dev-runtime";
[2026-04-18T15:17:33.070Z] |                          ^
[2026-04-18T15:17:33.070Z] 2  |  var _s = $RefreshSig$(), _s2 = $RefreshSig$(), _s3 = $RefreshSig$();
[2026-04-18T15:17:33.070Z] 3  |  import { cn } from "@/lib/utils";
[2026-04-18T15:17:33.071Z] 11:17:32 AM [vite] (client) Pre-transform error: Failed to resolve import "react/jsx-dev-runtime" from "client/src/components/ui/textarea.tsx". Does the file exist?
[2026-04-18T15:17:33.071Z] Plugin: vite:import-analysis
[2026-04-18T15:17:33.071Z] File: /home/ubuntu/viaoceanica-ai/client/src/components/ui/textarea.tsx:53:4
[2026-04-18T15:17:33.072Z] 1  |  import { jsxDEV } from "react/jsx-dev-runtime";
[2026-04-18T15:17:33.073Z] |                          ^
[2026-04-18T15:17:33.073Z] 2  |  var _s = $RefreshSig$();
[2026-04-18T15:17:33.074Z] 3  |  import { useDialogComposition } from "@/components/ui/dialog";
[2026-04-18T15:17:33.074Z] 11:17:32 AM [vite] (client) Pre-transform error: Failed to resolve import "react/jsx-dev-runtime" from "client/src/components/ui/tabs.tsx". Does the file exist?
[2026-04-18T15:17:33.074Z] Plugin: vite:import-analysis
[2026-04-18T15:17:33.075Z] File: /home/ubuntu/viaoceanica-ai/client/src/components/ui/tabs.tsx:11:4
[2026-04-18T15:17:33.075Z] 1  |  import { jsxDEV } from "react/jsx-dev-runtime";
[2026-04-18T15:17:33.075Z] |                          ^
[2026-04-18T15:17:33.075Z] 2  |  import * as TabsPrimitive from "@radix-ui/react-tabs";
[2026-04-18T15:17:33.075Z] 3  |  import { cn } from "@/lib/utils";
[2026-04-18T15:17:33.076Z] 11:17:32 AM [vite] (client) Pre-transform error: Failed to resolve import "react/jsx-dev-runtime" from "client/src/components/ui/textarea.tsx". Does the file exist?
[2026-04-18T15:17:33.076Z] Plugin: vite:import-analysis
[2026-04-18T15:17:33.076Z] File: /home/ubuntu/viaoceanica-ai/client/src/components/ui/textarea.tsx:53:4
[2026-04-18T15:17:33.076Z] 1  |  import { jsxDEV } from "react/jsx-dev-runtime";
[2026-04-18T15:17:33.077Z] |                          ^
[2026-04-18T15:17:33.077Z] 2  |  var _s = $RefreshSig$();
[2026-04-18T15:17:33.077Z] 3  |  import { useDialogComposition } from "@/components/ui/dialog";
[2026-04-18T15:17:33.077Z] 11:17:32 AM [vite] (client) Pre-transform error: Failed to resolve import "react/jsx-dev-runtime" from "client/src/components/ui/tabs.tsx". Does the file exist?
[2026-04-18T15:17:33.078Z] Plugin: vite:import-analysis
[2026-04-18T15:17:33.078Z] File: /home/ubuntu/viaoceanica-ai/client/src/components/ui/tabs.tsx:11:4
[2026-04-18T15:17:33.078Z] 1  |  import { jsxDEV } from "react/jsx-dev-runtime";
[2026-04-18T15:17:33.078Z] |                          ^
[2026-04-18T15:17:33.079Z] 2  |  import * as TabsPrimitive from "@radix-ui/react-tabs";
[2026-04-18T15:17:33.079Z] 3  |  import { cn } from "@/lib/utils";
[2026-04-18T15:17:33.079Z] 11:17:32 AM [vite] (client) Pre-transform error: Failed to resolve import "clsx" from "client/src/lib/utils.ts". Does the file exist?
[2026-04-18T15:17:33.079Z] Plugin: vite:import-analysis
[2026-04-18T15:17:33.080Z] File: /home/ubuntu/viaoceanica-ai/client/src/lib/utils.ts:1:38
[2026-04-18T15:17:33.080Z] 1  |  import { clsx } from "clsx";
[2026-04-18T15:17:33.080Z] |                        ^
[2026-04-18T15:17:33.080Z] 2  |  import { twMerge } from "tailwind-merge";
[2026-04-18T15:17:33.081Z] 3  |  export function cn(...inputs) {
[2026-04-18T15:17:33.081Z] 11:17:32 AM [vite] (client) Pre-transform error: Failed to resolve import "clsx" from "client/src/lib/utils.ts". Does the file exist?
[2026-04-18T15:17:33.081Z] Plugin: vite:import-analysis
[2026-04-18T15:17:33.081Z] File: /home/ubuntu/viaoceanica-ai/client/src/lib/utils.ts:1:38
[2026-04-18T15:17:33.081Z] 1  |  import { clsx } from "clsx";
[2026-04-18T15:17:33.082Z] |                        ^
[2026-04-18T15:17:33.082Z] 2  |  import { twMerge } from "tailwind-merge";
[2026-04-18T15:17:33.082Z] 3  |  export function cn(...inputs) {
[2026-04-18T15:17:33.082Z] 11:17:32 AM [vite] (client) Pre-transform error: Failed to resolve import "clsx" from "client/src/lib/utils.ts". Does the file exist?
[2026-04-18T15:17:33.082Z] Plugin: vite:import-analysis
[2026-04-18T15:17:33.083Z] File: /home/ubuntu/viaoceanica-ai/client/src/lib/utils.ts:1:38
[2026-04-18T15:17:33.083Z] 1  |  import { clsx } from "clsx";
[2026-04-18T15:17:33.084Z] |                        ^
[2026-04-18T15:17:33.084Z] 2  |  import { twMerge } from "tailwind-merge";
[2026-04-18T15:17:33.084Z] 3  |  export function cn(...inputs) {
[2026-04-18T15:17:33.084Z] 11:17:32 AM [vite] (client) Pre-transform error: Failed to resolve import "clsx" from "client/src/lib/utils.ts". Does the file exist?
[2026-04-18T15:17:33.085Z] Plugin: vite:import-analysis
[2026-04-18T15:17:33.085Z] File: /home/ubuntu/viaoceanica-ai/client/src/lib/utils.ts:1:38
[2026-04-18T15:17:33.085Z] 1  |  import { clsx } from "clsx";
[2026-04-18T15:17:33.085Z] |                        ^
[2026-04-18T15:17:33.085Z] 2  |  import { twMerge } from "tailwind-merge";
[2026-04-18T15:17:33.086Z] 3  |  export function cn(...inputs) {
[2026-04-18T15:17:33.086Z] 11:17:32 AM [vite] (client) Pre-transform error: Failed to resolve import "clsx" from "client/src/lib/utils.ts". Does the file exist?
[2026-04-18T15:17:33.086Z] Plugin: vite:import-analysis
[2026-04-18T15:17:33.086Z] File: /home/ubuntu/viaoceanica-ai/client/src/lib/utils.ts:1:38
[2026-04-18T15:17:33.086Z] 1  |  import { clsx } from "clsx";
[2026-04-18T15:17:33.086Z] |                        ^
[2026-04-18T15:17:33.087Z] 2  |  import { twMerge } from "tailwind-merge";
[2026-04-18T15:17:33.087Z] 3  |  export function cn(...inputs) {
[2026-04-18T15:17:33.087Z] 11:17:32 AM [vite] (client) Pre-transform error: Failed to resolve import "clsx" from "client/src/lib/utils.ts". Does the file exist?
[2026-04-18T15:17:33.087Z] Plugin: vite:import-analysis
[2026-04-18T15:17:33.087Z] File: /home/ubuntu/viaoceanica-ai/client/src/lib/utils.ts:1:38
[2026-04-18T15:17:33.088Z] 1  |  import { clsx } from "clsx";
[2026-04-18T15:17:33.088Z] |                        ^
[2026-04-18T15:17:33.088Z] 2  |  import { twMerge } from "tailwind-merge";
[2026-04-18T15:17:33.088Z] 3  |  export function cn(...inputs) {
[2026-04-18T15:17:33.089Z] 11:17:32 AM [vite] (client) Pre-transform error: Failed to resolve import "clsx" from "client/src/lib/utils.ts". Does the file exist?
[2026-04-18T15:17:33.089Z] Plugin: vite:import-analysis
[2026-04-18T15:17:33.089Z] File: /home/ubuntu/viaoceanica-ai/client/src/lib/utils.ts:1:38
[2026-04-18T15:17:33.090Z] 1  |  import { clsx } from "clsx";
[2026-04-18T15:17:33.090Z] |                        ^
[2026-04-18T15:17:33.090Z] 2  |  import { twMerge } from "tailwind-merge";
[2026-04-18T15:17:33.090Z] 3  |  export function cn(...inputs) {
[2026-04-18T15:17:33.090Z] 11:17:32 AM [vite] (client) Pre-transform error: Failed to resolve import "clsx" from "client/src/lib/utils.ts". Does the file exist?
[2026-04-18T15:17:33.091Z] Plugin: vite:import-analysis
[2026-04-18T15:17:33.091Z] File: /home/ubuntu/viaoceanica-ai/client/src/lib/utils.ts:1:38
[2026-04-18T15:17:33.091Z] 1  |  import { clsx } from "clsx";
[2026-04-18T15:17:33.091Z] |                        ^
[2026-04-18T15:17:33.092Z] 2  |  import { twMerge } from "tailwind-merge";
[2026-04-18T15:17:33.092Z] 3  |  export function cn(...inputs) {
[2026-04-18T15:17:33.092Z] 11:17:32 AM [vite] (client) Pre-transform error: Failed to resolve import "clsx" from "client/src/lib/utils.ts". Does the file exist?
[2026-04-18T15:17:33.092Z] Plugin: vite:import-analysis
[2026-04-18T15:17:33.093Z] File: /home/ubuntu/viaoceanica-ai/client/src/lib/utils.ts:1:38
[2026-04-18T15:17:33.093Z] 1  |  import { clsx } from "clsx";
[2026-04-18T15:17:33.093Z] |                        ^
[2026-04-18T15:17:33.093Z] 2  |  import { twMerge } from "tailwind-merge";
[2026-04-18T15:17:33.093Z] 3  |  export function cn(...inputs) {
[2026-04-18T15:17:33.094Z] 11:17:32 AM [vite] (client) Pre-transform error: Failed to resolve import "clsx" from "client/src/lib/utils.ts". Does the file exist?
[2026-04-18T15:17:33.094Z] Plugin: vite:import-analysis
[2026-04-18T15:17:33.094Z] File: /home/ubuntu/viaoceanica-ai/client/src/lib/utils.ts:1:38
[2026-04-18T15:17:33.094Z] 1  |  import { clsx } from "clsx";
[2026-04-18T15:17:33.095Z] |                        ^
[2026-04-18T15:17:33.095Z] 2  |  import { twMerge } from "tailwind-merge";
[2026-04-18T15:17:33.095Z] 3  |  export function cn(...inputs) {
[2026-04-18T15:17:33.095Z] 11:17:32 AM [vite] (client) Pre-transform error: Failed to resolve import "clsx" from "client/src/lib/utils.ts". Does the file exist?
[2026-04-18T15:17:33.095Z] Plugin: vite:import-analysis
[2026-04-18T15:17:33.096Z] File: /home/ubuntu/viaoceanica-ai/client/src/lib/utils.ts:1:38
[2026-04-18T15:17:33.096Z] 1  |  import { clsx } from "clsx";
[2026-04-18T15:17:33.096Z] |                        ^
[2026-04-18T15:17:33.096Z] 2  |  import { twMerge } from "tailwind-merge";
[2026-04-18T15:17:33.096Z] 3  |  export function cn(...inputs) {
[2026-04-18T15:17:33.096Z] 11:17:32 AM [vite] (client) Pre-transform error: Failed to resolve import "clsx" from "client/src/lib/utils.ts". Does the file exist?
[2026-04-18T15:17:33.097Z] Plugin: vite:import-analysis
[2026-04-18T15:17:33.097Z] File: /home/ubuntu/viaoceanica-ai/client/src/lib/utils.ts:1:38
[2026-04-18T15:17:33.097Z] 1  |  import { clsx } from "clsx";
[2026-04-18T15:17:33.097Z] |                        ^
[2026-04-18T15:17:33.097Z] 2  |  import { twMerge } from "tailwind-merge";
[2026-04-18T15:17:33.098Z] 3  |  export function cn(...inputs) {
[2026-04-18T15:17:33.098Z] 11:17:32 AM [vite] (client) Pre-transform error: Failed to resolve import "clsx" from "client/src/lib/utils.ts". Does the file exist?
[2026-04-18T15:17:33.098Z] Plugin: vite:import-analysis
[2026-04-18T15:17:33.098Z] File: /home/ubuntu/viaoceanica-ai/client/src/lib/utils.ts:1:38
[2026-04-18T15:17:33.098Z] 1  |  import { clsx } from "clsx";
[2026-04-18T15:17:33.099Z] |                        ^
[2026-04-18T15:17:33.099Z] 2  |  import { twMerge } from "tailwind-merge";
[2026-04-18T15:17:33.099Z] 3  |  export function cn(...inputs) {
[2026-04-18T15:17:33.099Z] 11:17:32 AM [vite] (client) Pre-transform error: Failed to resolve import "clsx" from "client/src/lib/utils.ts". Does the file exist?
[2026-04-18T15:17:33.099Z] Plugin: vite:import-analysis
[2026-04-18T15:17:33.099Z] File: /home/ubuntu/viaoceanica-ai/client/src/lib/utils.ts:1:38
[2026-04-18T15:17:33.100Z] 1  |  import { clsx } from "clsx";
[2026-04-18T15:17:33.100Z] |                        ^
[2026-04-18T15:17:33.100Z] 2  |  import { twMerge } from "tailwind-merge";
[2026-04-18T15:17:33.100Z] 3  |  export function cn(...inputs) {
[2026-04-18T15:17:33.100Z] 11:17:32 AM [vite] (client) Pre-transform error: Failed to resolve import "clsx" from "client/src/lib/utils.ts". Does the file exist?
[2026-04-18T15:17:33.101Z] Plugin: vite:import-analysis
[2026-04-18T15:17:33.101Z] File: /home/ubuntu/viaoceanica-ai/client/src/lib/utils.ts:1:38
[2026-04-18T15:17:33.101Z] 1  |  import { clsx } from "clsx";
[2026-04-18T15:17:33.101Z] |                        ^
[2026-04-18T15:17:33.101Z] 2  |  import { twMerge } from "tailwind-merge";
[2026-04-18T15:17:33.102Z] 3  |  export function cn(...inputs) {
[2026-04-18T15:17:33.102Z] 11:17:32 AM [vite] (client) Pre-transform error: Failed to resolve import "clsx" from "client/src/lib/utils.ts". Does the file exist?
[2026-04-18T15:17:33.102Z] Plugin: vite:import-analysis
[2026-04-18T15:17:33.102Z] File: /home/ubuntu/viaoceanica-ai/client/src/lib/utils.ts:1:38
[2026-04-18T15:17:33.102Z] 1  |  import { clsx } from "clsx";
[2026-04-18T15:17:33.103Z] |                        ^
[2026-04-18T15:17:33.103Z] 2  |  import { twMerge } from "tailwind-merge";
[2026-04-18T15:17:33.103Z] 3  |  export function cn(...inputs) {
[2026-04-18T15:17:33.103Z] 11:17:32 AM [vite] (client) Pre-transform error: Failed to resolve import "clsx" from "client/src/lib/utils.ts". Does the file exist?
[2026-04-18T15:17:33.104Z] Plugin: vite:import-analysis
[2026-04-18T15:17:33.104Z] File: /home/ubuntu/viaoceanica-ai/client/src/lib/utils.ts:1:38
[2026-04-18T15:17:33.104Z] 1  |  import { clsx } from "clsx";
[2026-04-18T15:17:33.104Z] |                        ^
[2026-04-18T15:17:33.104Z] 2  |  import { twMerge } from "tailwind-merge";
[2026-04-18T15:17:33.105Z] 3  |  export function cn(...inputs) {
[2026-04-18T15:17:33.131Z] 11:17:32 AM [vite] (client) Pre-transform error: Failed to resolve import "react/jsx-dev-runtime" from "client/src/components/ui/button.tsx". Does the file exist?
[2026-04-18T15:17:33.131Z] Plugin: vite:import-analysis
[2026-04-18T15:17:33.132Z] File: /home/ubuntu/viaoceanica-ai/client/src/components/ui/button.tsx:52:4
[2026-04-18T15:17:33.133Z] 1  |  import { jsxDEV } from "react/jsx-dev-runtime";
[2026-04-18T15:17:33.133Z] |                          ^
[2026-04-18T15:17:33.133Z] 2  |  import { Slot } from "@radix-ui/react-slot";
[2026-04-18T15:17:33.134Z] 3  |  import { cva } from "class-variance-authority";
[2026-04-18T15:17:33.134Z] 11:17:32 AM [vite] (client) Pre-transform error: Failed to resolve import "react/jsx-dev-runtime" from "client/src/components/ui/chart.tsx". Does the file exist?
[2026-04-18T15:17:33.134Z] Plugin: vite:import-analysis
[2026-04-18T15:17:33.134Z] File: /home/ubuntu/viaoceanica-ai/client/src/components/ui/chart.tsx:61:8
[2026-04-18T15:17:33.135Z] 1  |  import { Fragment, jsxDEV } from "react/jsx-dev-runtime";
[2026-04-18T15:17:33.135Z] |                                    ^
[2026-04-18T15:17:33.135Z] 2  |  var _s = $RefreshSig$(), _s2 = $RefreshSig$(), _s3 = $RefreshSig$(), _s4 = $RefreshSig$();
[2026-04-18T15:17:33.135Z] 3  |  import * as React from "react";
[2026-04-18T15:17:33.135Z] 11:17:32 AM [vite] Internal server error: Failed to resolve import "react/jsx-dev-runtime" from "client/src/main.tsx?v=zlSnHPT82hJBWNsrk0yLm". Does the file exist?
[2026-04-18T15:17:33.136Z] Plugin: vite:import-analysis
[2026-04-18T15:17:33.136Z] File: /home/ubuntu/viaoceanica-ai/client/src/main.tsx?v=zlSnHPT82hJBWNsrk0yLm:30:6
[2026-04-18T15:17:33.136Z] 1  |  import { jsxDEV } from "react/jsx-dev-runtime";
[2026-04-18T15:17:33.137Z] |                          ^
[2026-04-18T15:17:33.137Z] 2  |  import { createRoot } from "react-dom/client";
[2026-04-18T15:17:33.137Z] 3  |  import { QueryClient, QueryClientProvider } from "@tanstack/react-query";
[2026-04-18T15:17:33.137Z] at TransformPluginContext._formatLog (/home/ubuntu/viaoceanica-ai/node_modules/.pnpm/vite@7.1.9_@types+node@24.7.0_jiti@2.6.1_lightningcss@1.30.1_tsx@4.20.6/node_modules/vite/dist/node/chunks/dep-Chhhsdoe.js:31219:43)
[2026-04-18T15:17:33.137Z] at TransformPluginContext.error (/home/ubuntu/viaoceanica-ai/node_modules/.pnpm/vite@7.1.9_@types+node@24.7.0_jiti@2.6.1_lightningcss@1.30.1_tsx@4.20.6/node_modules/vite/dist/node/chunks/dep-Chhhsdoe.js:31216:14)
[2026-04-18T15:17:33.138Z] at normalizeUrl (/home/ubuntu/viaoceanica-ai/node_modules/.pnpm/vite@7.1.9_@types+node@24.7.0_jiti@2.6.1_lightningcss@1.30.1_tsx@4.20.6/node_modules/vite/dist/node/chunks/dep-Chhhsdoe.js:29699:18)
[2026-04-18T15:17:33.138Z] at process.processTicksAndRejections (node:internal/process/task_queues:105:5)
[2026-04-18T15:17:33.139Z] at async <anonymous> (/home/ubuntu/viaoceanica-ai/node_modules/.pnpm/vite@7.1.9_@types+node@24.7.0_jiti@2.6.1_lightningcss@1.30.1_tsx@4.20.6/node_modules/vite/dist/node/chunks/dep-Chhhsdoe.js:29757:32)
[2026-04-18T15:17:33.139Z] at async Promise.all (index 0)
[2026-04-18T15:17:33.139Z] at async TransformPluginContext.transform (/home/ubuntu/viaoceanica-ai/node_modules/.pnpm/vite@7.1.9_@types+node@24.7.0_jiti@2.6.1_lightningcss@1.30.1_tsx@4.20.6/node_modules/vite/dist/node/chunks/dep-Chhhsdoe.js:29725:4)
[2026-04-18T15:17:33.139Z] at async EnvironmentPluginContainer.transform (/home/ubuntu/viaoceanica-ai/node_modules/.pnpm/vite@7.1.9_@types+node@24.7.0_jiti@2.6.1_lightningcss@1.30.1_tsx@4.20.6/node_modules/vite/dist/node/chunks/dep-Chhhsdoe.js:31018:14)
[2026-04-18T15:17:33.140Z] at async loadAndTransform (/home/ubuntu/viaoceanica-ai/node_modules/.pnpm/vite@7.1.9_@types+node@24.7.0_jiti@2.6.1_lightningcss@1.30.1_tsx@4.20.6/node_modules/vite/dist/node/chunks/dep-Chhhsdoe.js:26143:26)
[2026-04-18T15:17:33.140Z] at async viteTransformMiddleware (/home/ubuntu/viaoceanica-ai/node_modules/.pnpm/vite@7.1.9_@types+node@24.7.0_jiti@2.6.1_lightningcss@1.30.1_tsx@4.20.6/node_modules/vite/dist/node/chunks/dep-Chhhsdoe.js:27221:20)
[2026-04-18T15:17:33.140Z] 11:17:32 AM [vite] (client) Pre-transform error: Failed to resolve import "clsx" from "client/src/lib/utils.ts". Does the file exist?
[2026-04-18T15:17:33.140Z] Plugin: vite:import-analysis
[2026-04-18T15:17:33.140Z] File: /home/ubuntu/viaoceanica-ai/client/src/lib/utils.ts:1:38
[2026-04-18T15:17:33.141Z] 1  |  import { clsx } from "clsx";
[2026-04-18T15:17:33.141Z] |                        ^
[2026-04-18T15:17:33.141Z] 2  |  import { twMerge } from "tailwind-merge";
[2026-04-18T15:17:33.141Z] 3  |  export function cn(...inputs) {
[2026-04-18T15:17:33.141Z] 11:17:32 AM [vite] (client) Pre-transform error: Failed to resolve import "react/jsx-dev-runtime" from "client/src/components/ui/button.tsx". Does the file exist?
[2026-04-18T15:17:33.142Z] Plugin: vite:import-analysis
[2026-04-18T15:17:33.142Z] File: /home/ubuntu/viaoceanica-ai/client/src/components/ui/button.tsx:52:4
[2026-04-18T15:17:33.142Z] 1  |  import { jsxDEV } from "react/jsx-dev-runtime";
[2026-04-18T15:17:33.142Z] |                          ^
[2026-04-18T15:17:33.142Z] 2  |  import { Slot } from "@radix-ui/react-slot";
[2026-04-18T15:17:33.142Z] 3  |  import { cva } from "class-variance-authority";
[2026-04-18T15:17:33.143Z] 11:17:32 AM [vite] (client) Pre-transform error: Failed to resolve import "react/jsx-dev-runtime" from "client/src/components/ui/input.tsx". Does the file exist?
[2026-04-18T15:17:33.143Z] Plugin: vite:import-analysis
[2026-04-18T15:17:33.143Z] File: /home/ubuntu/viaoceanica-ai/client/src/components/ui/input.tsx:53:4
[2026-04-18T15:17:33.143Z] 1  |  import { jsxDEV } from "react/jsx-dev-runtime";
[2026-04-18T15:17:33.143Z] |                          ^
[2026-04-18T15:17:33.143Z] 2  |  var _s = $RefreshSig$();
[2026-04-18T15:17:33.144Z] 3  |  import { useDialogComposition } from "@/components/ui/dialog";
[2026-04-18T15:17:33.144Z] 11:17:32 AM [vite] (client) Pre-transform error: Failed to resolve import "react" from "client/src/hooks/useComposition.ts". Does the file exist?
[2026-04-18T15:17:33.144Z] Plugin: vite:import-analysis
[2026-04-18T15:17:33.144Z] File: /home/ubuntu/viaoceanica-ai/client/src/hooks/useComposition.ts:1:23
[2026-04-18T15:17:33.144Z] 1  |  import { useRef } from "react";
[2026-04-18T15:17:33.145Z] |                          ^
[2026-04-18T15:17:33.145Z] 2  |  import { usePersistFn } from "./usePersistFn";
[2026-04-18T15:17:33.145Z] 3  |  export function useComposition(options = {}) {
[2026-04-18T15:17:33.145Z] 11:17:32 AM [vite] (client) Pre-transform error: Failed to resolve import "react" from "client/src/hooks/useComposition.ts". Does the file exist?
[2026-04-18T15:17:33.145Z] Plugin: vite:import-analysis
[2026-04-18T15:17:33.145Z] File: /home/ubuntu/viaoceanica-ai/client/src/hooks/useComposition.ts:1:23
[2026-04-18T15:17:33.146Z] 1  |  import { useRef } from "react";
[2026-04-18T15:17:33.146Z] |                          ^
[2026-04-18T15:17:33.146Z] 2  |  import { usePersistFn } from "./usePersistFn";
[2026-04-18T15:17:33.146Z] 3  |  export function useComposition(options = {}) {
[2026-04-18T15:17:33.146Z] 11:17:32 AM [vite] (client) Pre-transform error: Failed to resolve import "react/jsx-dev-runtime" from "client/src/components/ui/sheet.tsx". Does the file exist?
[2026-04-18T15:17:33.147Z] Plugin: vite:import-analysis
[2026-04-18T15:17:33.147Z] File: /home/ubuntu/viaoceanica-ai/client/src/components/ui/sheet.tsx:10:9
[2026-04-18T15:17:33.147Z] 1  |  "use client";
[2026-04-18T15:17:33.147Z] 2  |  import { jsxDEV } from "react/jsx-dev-runtime";
[2026-04-18T15:17:33.147Z] |                          ^
[2026-04-18T15:17:33.148Z] 3  |  import * as SheetPrimitive from "@radix-ui/react-dialog";
[2026-04-18T15:17:33.148Z] 4  |  import { XIcon } from "lucide-react";
[2026-04-18T15:17:33.148Z] 11:17:32 AM [vite] (client) Pre-transform error: Failed to resolve import "react/jsx-dev-runtime" from "client/src/components/ui/tooltip.tsx". Does the file exist?
[2026-04-18T15:17:33.148Z] Plugin: vite:import-analysis
[2026-04-18T15:17:33.148Z] File: /home/ubuntu/viaoceanica-ai/client/src/components/ui/tooltip.tsx:11:4
[2026-04-18T15:17:33.148Z] 1  |  import { jsxDEV } from "react/jsx-dev-runtime";
[2026-04-18T15:17:33.149Z] |                          ^
[2026-04-18T15:17:33.149Z] 2  |  import * as TooltipPrimitive from "@radix-ui/react-tooltip";
[2026-04-18T15:17:33.149Z] 3  |  import { cn } from "@/lib/utils";
[2026-04-18T15:17:33.149Z] 11:17:32 AM [vite] (client) Pre-transform error: Failed to resolve import "react" from "client/src/hooks/useMobile.tsx". Does the file exist?
[2026-04-18T15:17:33.149Z] Plugin: vite:import-analysis
[2026-04-18T15:17:33.150Z] File: /home/ubuntu/viaoceanica-ai/client/src/hooks/useMobile.tsx:1:23
[2026-04-18T15:17:33.150Z] 1  |  var _s = $RefreshSig$();
[2026-04-18T15:17:33.150Z] 2  |  import * as React from "react";
[2026-04-18T15:17:33.150Z] |                          ^
[2026-04-18T15:17:33.150Z] 3  |  const MOBILE_BREAKPOINT = 768;
[2026-04-18T15:17:33.150Z] 4  |  export function useIsMobile() {
[2026-04-18T15:17:33.151Z] 11:17:32 AM [vite] (client) Pre-transform error: Failed to resolve import "react" from "client/src/hooks/useComposition.ts". Does the file exist?
[2026-04-18T15:17:33.151Z] Plugin: vite:import-analysis
[2026-04-18T15:17:33.151Z] File: /home/ubuntu/viaoceanica-ai/client/src/hooks/useComposition.ts:1:23
[2026-04-18T15:17:33.151Z] 1  |  import { useRef } from "react";
[2026-04-18T15:17:33.152Z] |                          ^
[2026-04-18T15:17:33.153Z] 2  |  import { usePersistFn } from "./usePersistFn";
[2026-04-18T15:17:33.153Z] 3  |  export function useComposition(options = {}) {
[2026-04-18T15:17:33.154Z] 11:17:32 AM [vite] (client) Pre-transform error: Failed to resolve import "react/jsx-dev-runtime" from "client/src/components/ui/dialog.tsx". Does the file exist?
[2026-04-18T15:17:33.154Z] Plugin: vite:import-analysis
[2026-04-18T15:17:33.154Z] File: /home/ubuntu/viaoceanica-ai/client/src/components/ui/dialog.tsx:51:6
[2026-04-18T15:17:33.154Z] 1  |  import { jsxDEV } from "react/jsx-dev-runtime";
[2026-04-18T15:17:33.155Z] |                          ^
[2026-04-18T15:17:33.155Z] 2  |  var _s = $RefreshSig$(), _s2 = $RefreshSig$(), _s3 = $RefreshSig$();
[2026-04-18T15:17:33.155Z] 3  |  import { cn } from "@/lib/utils";
[2026-04-18T15:17:33.155Z] 11:17:32 AM [vite] (client) Pre-transform error: Failed to resolve import "@trpc/react-query" from "client/src/lib/trpc.ts". Does the file exist?
[2026-04-18T15:17:33.155Z] Plugin: vite:import-analysis
[2026-04-18T15:17:33.155Z] File: /home/ubuntu/viaoceanica-ai/client/src/lib/trpc.ts:1:32
[2026-04-18T15:17:33.156Z] 1  |  import { createTRPCReact } from "@trpc/react-query";
[2026-04-18T15:17:33.156Z] |                                   ^
[2026-04-18T15:17:33.156Z] 2  |  export const trpc = createTRPCReact();
[2026-04-18T15:17:33.156Z] 3  |
[2026-04-18T15:17:33.156Z] 11:17:32 AM [vite] (client) Pre-transform error: Failed to resolve import "react/jsx-dev-runtime" from "client/src/components/ui/dialog.tsx". Does the file exist?
[2026-04-18T15:17:33.157Z] Plugin: vite:import-analysis
[2026-04-18T15:17:33.157Z] File: /home/ubuntu/viaoceanica-ai/client/src/components/ui/dialog.tsx:51:6
[2026-04-18T15:17:33.157Z] 1  |  import { jsxDEV } from "react/jsx-dev-runtime";
[2026-04-18T15:17:33.157Z] |                          ^
[2026-04-18T15:17:33.157Z] 2  |  var _s = $RefreshSig$(), _s2 = $RefreshSig$(), _s3 = $RefreshSig$();
[2026-04-18T15:17:33.157Z] 3  |  import { cn } from "@/lib/utils";
[2026-04-18T15:17:33.158Z] 11:17:32 AM [vite] (client) Pre-transform error: Failed to resolve import "clsx" from "client/src/lib/utils.ts". Does the file exist?
[2026-04-18T15:17:33.158Z] Plugin: vite:import-analysis
[2026-04-18T15:17:33.158Z] File: /home/ubuntu/viaoceanica-ai/client/src/lib/utils.ts:1:38
[2026-04-18T15:17:33.158Z] 1  |  import { clsx } from "clsx";
[2026-04-18T15:17:33.158Z] |                        ^
[2026-04-18T15:17:33.159Z] 2  |  import { twMerge } from "tailwind-merge";
[2026-04-18T15:17:33.159Z] 3  |  export function cn(...inputs) {
[2026-04-18T15:17:33.159Z] 11:17:32 AM [vite] (client) Pre-transform error: Failed to resolve import "clsx" from "client/src/lib/utils.ts". Does the file exist?
[2026-04-18T15:17:33.159Z] Plugin: vite:import-analysis
[2026-04-18T15:17:33.159Z] File: /home/ubuntu/viaoceanica-ai/client/src/lib/utils.ts:1:38
[2026-04-18T15:17:33.159Z] 1  |  import { clsx } from "clsx";
[2026-04-18T15:17:33.160Z] |                        ^
[2026-04-18T15:17:33.160Z] 2  |  import { twMerge } from "tailwind-merge";
[2026-04-18T15:17:33.160Z] 3  |  export function cn(...inputs) {
[2026-04-18T15:17:33.160Z] 11:17:32 AM [vite] (client) Pre-transform error: Failed to resolve import "clsx" from "client/src/lib/utils.ts". Does the file exist?
[2026-04-18T15:17:33.160Z] Plugin: vite:import-analysis
[2026-04-18T15:17:33.161Z] File: /home/ubuntu/viaoceanica-ai/client/src/lib/utils.ts:1:38
[2026-04-18T15:17:33.161Z] 1  |  import { clsx } from "clsx";
[2026-04-18T15:17:33.161Z] |                        ^
[2026-04-18T15:17:33.161Z] 2  |  import { twMerge } from "tailwind-merge";
[2026-04-18T15:17:33.161Z] 3  |  export function cn(...inputs) {
[2026-04-18T15:17:33.161Z] 11:17:32 AM [vite] (client) Pre-transform error: Failed to resolve import "clsx" from "client/src/lib/utils.ts". Does the file exist?
[2026-04-18T15:17:33.162Z] Plugin: vite:import-analysis
[2026-04-18T15:17:33.162Z] File: /home/ubuntu/viaoceanica-ai/client/src/lib/utils.ts:1:38
[2026-04-18T15:17:33.163Z] 1  |  import { clsx } from "clsx";
[2026-04-18T15:17:33.164Z] |                        ^
[2026-04-18T15:17:33.164Z] 2  |  import { twMerge } from "tailwind-merge";
[2026-04-18T15:17:33.164Z] 3  |  export function cn(...inputs) {
[2026-04-18T15:17:33.164Z] 11:17:32 AM [vite] (client) Pre-transform error: Failed to resolve import "clsx" from "client/src/lib/utils.ts". Does the file exist?
[2026-04-18T15:17:33.165Z] Plugin: vite:import-analysis
[2026-04-18T15:17:33.165Z] File: /home/ubuntu/viaoceanica-ai/client/src/lib/utils.ts:1:38
[2026-04-18T15:17:33.165Z] 1  |  import { clsx } from "clsx";
[2026-04-18T15:17:33.165Z] |                        ^
[2026-04-18T15:17:33.165Z] 2  |  import { twMerge } from "tailwind-merge";
[2026-04-18T15:17:33.166Z] 3  |  export function cn(...inputs) {
[2026-04-18T15:17:33.166Z] 11:17:32 AM [vite] (client) Pre-transform error: Failed to resolve import "react" from "client/src/hooks/usePersistFn.ts". Does the file exist?
[2026-04-18T15:17:33.166Z] Plugin: vite:import-analysis
[2026-04-18T15:17:33.166Z] File: /home/ubuntu/viaoceanica-ai/client/src/hooks/usePersistFn.ts:1:23
[2026-04-18T15:17:33.166Z] 1  |  import { useRef } from "react";
[2026-04-18T15:17:33.166Z] |                          ^
[2026-04-18T15:17:33.167Z] 2  |  export function usePersistFn(fn) {
[2026-04-18T15:17:33.167Z] 3  |    const fnRef = useRef(fn);
[2026-04-18T15:17:33.167Z] 11:17:32 AM [vite] (client) Pre-transform error: Failed to resolve import "clsx" from "client/src/lib/utils.ts". Does the file exist?
[2026-04-18T15:17:33.167Z] Plugin: vite:import-analysis
[2026-04-18T15:17:33.167Z] File: /home/ubuntu/viaoceanica-ai/client/src/lib/utils.ts:1:38
[2026-04-18T15:17:33.168Z] 1  |  import { clsx } from "clsx";
[2026-04-18T15:17:33.168Z] |                        ^
[2026-04-18T15:17:33.168Z] 2  |  import { twMerge } from "tailwind-merge";
[2026-04-18T15:17:33.168Z] 3  |  export function cn(...inputs) {
[2026-04-18T15:17:33.168Z] 11:17:32 AM [vite] (client) Pre-transform error: Failed to resolve import "react/jsx-dev-runtime" from "client/src/App.tsx". Does the file exist?
[2026-04-18T15:17:33.169Z] Plugin: vite:import-analysis
[2026-04-18T15:17:33.169Z] File: /home/ubuntu/viaoceanica-ai/client/src/App.tsx:44:14
[2026-04-18T15:17:33.169Z] 1  |  import { jsxDEV } from "react/jsx-dev-runtime";
[2026-04-18T15:17:33.169Z] |                          ^
[2026-04-18T15:17:33.169Z] 2  |  var _s = $RefreshSig$(), _s2 = $RefreshSig$(), _s3 = $RefreshSig$();
[2026-04-18T15:17:33.170Z] 3  |  import { Toaster } from "@/components/ui/sonner";
[2026-04-18T15:17:33.170Z] 11:17:32 AM [vite] (client) Pre-transform error: Failed to load PostCSS config (searchPath: /home/ubuntu/viaoceanica-ai/client): [SyntaxError] Expected double-quoted property name in JSON at position 1922 (line 49 column 1)
[2026-04-18T15:17:33.170Z] SyntaxError: Expected double-quoted property name in JSON at position 1922 (line 49 column 1)
[2026-04-18T15:17:33.170Z] at JSON.parse (<anonymous>)
[2026-04-18T15:17:33.170Z] at jsonLoader (/home/ubuntu/viaoceanica-ai/node_modules/.pnpm/vite@7.1.9_@types+node@24.7.0_jiti@2.6.1_lightningcss@1.30.1_tsx@4.20.6/node_modules/vite/dist/node/chunks/dep-Chhhsdoe.js:8141:42)
[2026-04-18T15:17:33.171Z] at Object.search (/home/ubuntu/viaoceanica-ai/node_modules/.pnpm/vite@7.1.9_@types+node@24.7.0_jiti@2.6.1_lightningcss@1.30.1_tsx@4.20.6/node_modules/vite/dist/node/chunks/dep-Chhhsdoe.js:8257:26)
[2026-04-18T15:17:33.171Z] Plugin: vite:css
[2026-04-18T15:17:33.171Z] File: /home/ubuntu/viaoceanica-ai/client/src/index.css
[2026-04-18T15:17:33.281Z] 11:17:33 AM [vite] (client) Pre-transform error: Failed to resolve import "react/jsx-dev-runtime" from "client/src/components/ErrorBoundary.tsx". Does the file exist?
[2026-04-18T15:17:33.282Z] Plugin: vite:import-analysis
[2026-04-18T15:17:33.282Z] File: /home/ubuntu/viaoceanica-ai/client/src/components/ErrorBoundary.tsx:29:12
[2026-04-18T15:17:33.282Z] 1  |  import { jsxDEV } from "react/jsx-dev-runtime";
[2026-04-18T15:17:33.282Z] |                          ^
[2026-04-18T15:17:33.283Z] 2  |  import { cn } from "@/lib/utils";
[2026-04-18T15:17:33.283Z] 3  |  import { AlertTriangle, RotateCcw } from "lucide-react";
[2026-04-18T15:17:33.283Z] 11:17:33 AM [vite] (client) Pre-transform error: Failed to resolve import "react/jsx-dev-runtime" from "client/src/main.tsx?v=zQ0IvZiP6NjIaVd-T_V6M". Does the file exist?
[2026-04-18T15:17:33.283Z] Plugin: vite:import-analysis
[2026-04-18T15:17:33.283Z] File: /home/ubuntu/viaoceanica-ai/client/src/main.tsx?v=zQ0IvZiP6NjIaVd-T_V6M:30:6
[2026-04-18T15:17:33.283Z] 1  |  import { jsxDEV } from "react/jsx-dev-runtime";
[2026-04-18T15:17:33.284Z] |                          ^
[2026-04-18T15:17:33.284Z] 2  |  import { createRoot } from "react-dom/client";
[2026-04-18T15:17:33.284Z] 3  |  import { QueryClient, QueryClientProvider } from "@tanstack/react-query";
[2026-04-18T15:17:33.284Z] 11:17:33 AM [vite] (client) Pre-transform error: Failed to resolve import "react/jsx-dev-runtime" from "client/src/contexts/ThemeContext.tsx". Does the file exist?
[2026-04-18T15:17:33.284Z] Plugin: vite:import-analysis
[2026-04-18T15:17:33.285Z] File: /home/ubuntu/viaoceanica-ai/client/src/contexts/ThemeContext.tsx:52:4
[2026-04-18T15:17:33.285Z] 1  |  import { jsxDEV } from "react/jsx-dev-runtime";
[2026-04-18T15:17:33.285Z] |                          ^
[2026-04-18T15:17:33.285Z] 2  |  var _s = $RefreshSig$(), _s2 = $RefreshSig$();
[2026-04-18T15:17:33.286Z] 3  |  import { createContext, useContext, useEffect, useState } from "react";
[2026-04-18T15:17:33.286Z] 11:17:33 AM [vite] (client) Pre-transform error: Failed to resolve import "react/jsx-dev-runtime" from "client/src/pages/Login.tsx". Does the file exist?
[2026-04-18T15:17:33.286Z] Plugin: vite:import-analysis
[2026-04-18T15:17:33.287Z] File: /home/ubuntu/viaoceanica-ai/client/src/pages/Login.tsx:55:12
[2026-04-18T15:17:33.287Z] 1  |  import { jsxDEV } from "react/jsx-dev-runtime";
[2026-04-18T15:17:33.287Z] |                          ^
[2026-04-18T15:17:33.288Z] 2  |  var _s = $RefreshSig$();
[2026-04-18T15:17:33.288Z] 3  |  import { Button } from "@/components/ui/button";
[2026-04-18T15:17:33.292Z] 11:17:33 AM [vite] (client) Pre-transform error: Failed to resolve import "react/jsx-dev-runtime" from "client/src/components/DashboardLayout.tsx". Does the file exist?
[2026-04-18T15:17:33.293Z] Plugin: vite:import-analysis
[2026-04-18T15:17:33.293Z] File: /home/ubuntu/viaoceanica-ai/client/src/components/DashboardLayout.tsx:109:11
[2026-04-18T15:17:33.294Z] 1  |  import { Fragment, jsxDEV } from "react/jsx-dev-runtime";
[2026-04-18T15:17:33.294Z] |                                    ^
[2026-04-18T15:17:33.294Z] 2  |  var _s = $RefreshSig$(), _s2 = $RefreshSig$();
[2026-04-18T15:17:33.294Z] 3  |  import { useAuth } from "@/_core/hooks/useAuth";
[2026-04-18T15:17:33.300Z] 11:17:33 AM [vite] (client) Pre-transform error: Failed to resolve import "react/jsx-dev-runtime" from "client/src/pages/Home.tsx". Does the file exist?
[2026-04-18T15:17:33.301Z] Plugin: vite:import-analysis
[2026-04-18T15:17:33.301Z] File: /home/ubuntu/viaoceanica-ai/client/src/pages/Home.tsx:17:12
[2026-04-18T15:17:33.301Z] 1  |  import { Fragment, jsxDEV } from "react/jsx-dev-runtime";
[2026-04-18T15:17:33.302Z] |                                    ^
[2026-04-18T15:17:33.302Z] 2  |  var _s = $RefreshSig$();
[2026-04-18T15:17:33.302Z] 3  |  import { useAuth } from "@/_core/hooks/useAuth";
[2026-04-18T15:17:33.302Z] 11:17:33 AM [vite] (client) Pre-transform error: Failed to resolve import "react/jsx-dev-runtime" from "client/src/pages/Register.tsx". Does the file exist?
[2026-04-18T15:17:33.303Z] Plugin: vite:import-analysis
[2026-04-18T15:17:33.303Z] File: /home/ubuntu/viaoceanica-ai/client/src/pages/Register.tsx:75:12
[2026-04-18T15:17:33.303Z] 1  |  import { jsxDEV } from "react/jsx-dev-runtime";
[2026-04-18T15:17:33.303Z] |                          ^
[2026-04-18T15:17:33.304Z] 2  |  var _s = $RefreshSig$();
[2026-04-18T15:17:33.304Z] 3  |  import { Button } from "@/components/ui/button";
[2026-04-18T15:17:33.311Z] 11:17:33 AM [vite] (client) Pre-transform error: Failed to resolve import "react/jsx-dev-runtime" from "client/src/pages/ForgotPassword.tsx". Does the file exist?
[2026-04-18T15:17:33.311Z] Plugin: vite:import-analysis
[2026-04-18T15:17:33.312Z] File: /home/ubuntu/viaoceanica-ai/client/src/pages/ForgotPassword.tsx:54:12
[2026-04-18T15:17:33.313Z] 1  |  import { Fragment, jsxDEV } from "react/jsx-dev-runtime";
[2026-04-18T15:17:33.313Z] |                                    ^
[2026-04-18T15:17:33.313Z] 2  |  var _s = $RefreshSig$();
[2026-04-18T15:17:33.313Z] 3  |  import { Button } from "@/components/ui/button";
[2026-04-18T15:17:33.314Z] 11:17:33 AM [vite] (client) Pre-transform error: Failed to resolve import "react/jsx-dev-runtime" from "client/src/pages/ResetPassword.tsx". Does the file exist?
[2026-04-18T15:17:33.314Z] Plugin: vite:import-analysis
[2026-04-18T15:17:33.314Z] File: /home/ubuntu/viaoceanica-ai/client/src/pages/ResetPassword.tsx:99:10
[2026-04-18T15:17:33.314Z] 1  |  import { Fragment, jsxDEV } from "react/jsx-dev-runtime";
[2026-04-18T15:17:33.314Z] |                                    ^
[2026-04-18T15:17:33.315Z] 2  |  var _s = $RefreshSig$();
[2026-04-18T15:17:33.315Z] 3  |  import { Button } from "@/components/ui/button";
[2026-04-18T15:17:33.320Z] 11:17:33 AM [vite] (client) Pre-transform error: Failed to resolve import "react/jsx-dev-runtime" from "client/src/pages/TeamManagement.tsx". Does the file exist?
[2026-04-18T15:17:33.321Z] Plugin: vite:import-analysis
[2026-04-18T15:17:33.321Z] File: /home/ubuntu/viaoceanica-ai/client/src/pages/TeamManagement.tsx:60:27
[2026-04-18T15:17:33.321Z] 1  |  import { jsxDEV } from "react/jsx-dev-runtime";
[2026-04-18T15:17:33.321Z] |                          ^
[2026-04-18T15:17:33.322Z] 2  |  var _s = $RefreshSig$();
[2026-04-18T15:17:33.322Z] 3  |  import { Card, CardContent, CardDescription, CardHeader, CardTitle } from "@/components/ui/card";
[2026-04-18T15:17:33.331Z] 11:17:33 AM [vite] (client) Pre-transform error: Failed to resolve import "react/jsx-dev-runtime" from "client/src/pages/Dashboard.tsx". Does the file exist?
[2026-04-18T15:17:33.332Z] Plugin: vite:import-analysis
[2026-04-18T15:17:33.332Z] File: /home/ubuntu/viaoceanica-ai/client/src/pages/Dashboard.tsx:37:8
[2026-04-18T15:17:33.332Z] 1  |  import { jsxDEV } from "react/jsx-dev-runtime";
[2026-04-18T15:17:33.332Z] |                          ^
[2026-04-18T15:17:33.333Z] 2  |  var _s = $RefreshSig$();
[2026-04-18T15:17:33.333Z] 3  |  import { useAuth } from "@/_core/hooks/useAuth";
[2026-04-18T15:17:33.333Z] 11:17:33 AM [vite] (client) Pre-transform error: Failed to resolve import "react/jsx-dev-runtime" from "client/src/pages/Tokens.tsx". Does the file exist?
[2026-04-18T15:17:33.333Z] Plugin: vite:import-analysis
[2026-04-18T15:17:33.334Z] File: /home/ubuntu/viaoceanica-ai/client/src/pages/Tokens.tsx:18:8
[2026-04-18T15:17:33.334Z] 1  |  import { jsxDEV } from "react/jsx-dev-runtime";
[2026-04-18T15:17:33.334Z] |                          ^
[2026-04-18T15:17:33.335Z] 2  |  var _s = $RefreshSig$();
[2026-04-18T15:17:33.335Z] 3  |  import { Card, CardContent, CardDescription, CardHeader, CardTitle } from "@/components/ui/card";
[2026-04-18T15:17:33.336Z] 11:17:33 AM [vite] (client) Pre-transform error: Failed to resolve import "react/jsx-dev-runtime" from "client/src/pages/SettingsPage.tsx". Does the file exist?
[2026-04-18T15:17:33.336Z] Plugin: vite:import-analysis
[2026-04-18T15:17:33.336Z] File: /home/ubuntu/viaoceanica-ai/client/src/pages/SettingsPage.tsx:35:8
[2026-04-18T15:17:33.337Z] 1  |  import { jsxDEV } from "react/jsx-dev-runtime";
[2026-04-18T15:17:33.337Z] |                          ^
[2026-04-18T15:17:33.337Z] 2  |  var _s = $RefreshSig$();
[2026-04-18T15:17:33.337Z] 3  |  import { useAuth } from "@/_core/hooks/useAuth";
[2026-04-18T15:17:33.345Z] 11:17:33 AM [vite] (client) Pre-transform error: Failed to resolve import "react/jsx-dev-runtime" from "client/src/pages/UserProfile.tsx". Does the file exist?
[2026-04-18T15:17:33.345Z] Plugin: vite:import-analysis
[2026-04-18T15:17:33.346Z] File: /home/ubuntu/viaoceanica-ai/client/src/pages/UserProfile.tsx:48:15
[2026-04-18T15:17:33.346Z] 1  |  import { jsxDEV } from "react/jsx-dev-runtime";
[2026-04-18T15:17:33.346Z] |                          ^
[2026-04-18T15:17:33.346Z] 2  |  var _s = $RefreshSig$();
[2026-04-18T15:17:33.347Z] 3  |  import { Card, CardContent, CardDescription, CardHeader, CardTitle } from "@/components/ui/card";
[2026-04-18T15:17:33.347Z] 11:17:33 AM [vite] (client) Pre-transform error: Failed to resolve import "react/jsx-dev-runtime" from "client/src/pages/ModulePage.tsx". Does the file exist?
[2026-04-18T15:17:33.347Z] Plugin: vite:import-analysis
[2026-04-18T15:17:33.347Z] File: /home/ubuntu/viaoceanica-ai/client/src/pages/ModulePage.tsx:60:8
[2026-04-18T15:17:33.348Z] 1  |  import { jsxDEV } from "react/jsx-dev-runtime";
[2026-04-18T15:17:33.348Z] |                          ^
[2026-04-18T15:17:33.349Z] 2  |  var _s = $RefreshSig$();
[2026-04-18T15:17:33.349Z] 3  |  import { useLocation } from "wouter";
[2026-04-18T15:17:33.354Z] 11:17:33 AM [vite] (client) Pre-transform error: Failed to resolve import "react/jsx-dev-runtime" from "client/src/pages/Billing.tsx". Does the file exist?
[2026-04-18T15:17:33.355Z] Plugin: vite:import-analysis
[2026-04-18T15:17:33.356Z] File: /home/ubuntu/viaoceanica-ai/client/src/pages/Billing.tsx:150:8
[2026-04-18T15:17:33.357Z] 1  |  import { jsxDEV } from "react/jsx-dev-runtime";
[2026-04-18T15:17:33.357Z] |                          ^
[2026-04-18T15:17:33.357Z] 2  |  var _s = $RefreshSig$();
[2026-04-18T15:17:33.357Z] 3  |  import { Card, CardContent, CardDescription, CardHeader, CardTitle } from "@/components/ui/card";
[2026-04-18T15:17:33.359Z] 11:17:33 AM [vite] (client) Pre-transform error: Failed to resolve import "react/jsx-dev-runtime" from "client/src/pages/admin/AdminLogin.tsx". Does the file exist?
[2026-04-18T15:17:33.360Z] Plugin: vite:import-analysis
[2026-04-18T15:17:33.360Z] File: /home/ubuntu/viaoceanica-ai/client/src/pages/admin/AdminLogin.tsx:49:10
[2026-04-18T15:17:33.360Z] 1  |  import { jsxDEV } from "react/jsx-dev-runtime";
[2026-04-18T15:17:33.361Z] |                          ^
[2026-04-18T15:17:33.361Z] 2  |  var _s = $RefreshSig$();
[2026-04-18T15:17:33.361Z] 3  |  import { Button } from "@/components/ui/button";
[2026-04-18T15:17:33.361Z] 11:17:33 AM [vite] (client) Pre-transform error: Failed to resolve import "react/jsx-dev-runtime" from "client/src/pages/CompanyProfile.tsx". Does the file exist?
[2026-04-18T15:17:33.362Z] Plugin: vite:import-analysis
[2026-04-18T15:17:33.362Z] File: /home/ubuntu/viaoceanica-ai/client/src/pages/CompanyProfile.tsx:53:8
[2026-04-18T15:17:33.362Z] 1  |  import { jsxDEV } from "react/jsx-dev-runtime";
[2026-04-18T15:17:33.362Z] |                          ^
[2026-04-18T15:17:33.363Z] 2  |  var _s = $RefreshSig$();
[2026-04-18T15:17:33.363Z] 3  |  import { Card, CardContent, CardDescription, CardHeader, CardTitle } from "@/components/ui/card";
[2026-04-18T15:17:33.366Z] 11:17:33 AM [vite] (client) Pre-transform error: Failed to resolve import "react/jsx-dev-runtime" from "client/src/pages/Modules.tsx". Does the file exist?
[2026-04-18T15:17:33.366Z] Plugin: vite:import-analysis
[2026-04-18T15:17:33.366Z] File: /home/ubuntu/viaoceanica-ai/client/src/pages/Modules.tsx:128:8
[2026-04-18T15:17:33.366Z] 1  |  import { jsxDEV } from "react/jsx-dev-runtime";
[2026-04-18T15:17:33.367Z] |                          ^
[2026-04-18T15:17:33.367Z] 2  |  var _s = $RefreshSig$();
[2026-04-18T15:17:33.367Z] 3  |  import { Card, CardContent, CardDescription, CardHeader, CardTitle } from "@/components/ui/card";
[2026-04-18T15:17:33.370Z] 11:17:33 AM [vite] (client) Pre-transform error: Failed to resolve import "react/jsx-dev-runtime" from "client/src/pages/admin/AdminDashboard.tsx". Does the file exist?
[2026-04-18T15:17:33.370Z] Plugin: vite:import-analysis
[2026-04-18T15:17:33.370Z] File: /home/ubuntu/viaoceanica-ai/client/src/pages/admin/AdminDashboard.tsx:22:8
[2026-04-18T15:17:33.371Z] 1  |  import { jsxDEV } from "react/jsx-dev-runtime";
[2026-04-18T15:17:33.371Z] |                          ^
[2026-04-18T15:17:33.371Z] 2  |  var _s = $RefreshSig$();
[2026-04-18T15:17:33.371Z] 3  |  import { Card, CardContent, CardDescription, CardHeader, CardTitle } from "@/components/ui/card";
[2026-04-18T15:17:33.380Z] 11:17:33 AM [vite] (client) Pre-transform error: Failed to resolve import "react/jsx-dev-runtime" from "client/src/pages/admin/AdminCompanies.tsx". Does the file exist?
[2026-04-18T15:17:33.381Z] Plugin: vite:import-analysis
[2026-04-18T15:17:33.381Z] File: /home/ubuntu/viaoceanica-ai/client/src/pages/admin/AdminCompanies.tsx:168:10
[2026-04-18T15:17:33.381Z] 1  |  import { jsxDEV } from "react/jsx-dev-runtime";
[2026-04-18T15:17:33.382Z] |                          ^
[2026-04-18T15:17:33.382Z] 2  |  var _s = $RefreshSig$();
[2026-04-18T15:17:33.382Z] 3  |  import { Card, CardContent, CardDescription, CardHeader, CardTitle } from "@/components/ui/card";
[2026-04-18T15:17:33.384Z] 11:17:33 AM [vite] (client) Pre-transform error: Failed to resolve import "react/jsx-dev-runtime" from "client/src/pages/admin/AdminTokens.tsx". Does the file exist?
[2026-04-18T15:17:33.385Z] Plugin: vite:import-analysis
[2026-04-18T15:17:33.385Z] File: /home/ubuntu/viaoceanica-ai/client/src/pages/admin/AdminTokens.tsx:19:8
[2026-04-18T15:17:33.385Z] 1  |  import { jsxDEV } from "react/jsx-dev-runtime";
[2026-04-18T15:17:33.385Z] |                          ^
[2026-04-18T15:17:33.386Z] 2  |  var _s = $RefreshSig$();
[2026-04-18T15:17:33.386Z] 3  |  import { Card, CardContent, CardDescription, CardHeader, CardTitle } from "@/components/ui/card";
[2026-04-18T15:17:33.483Z] 11:17:33 AM [vite] (client) Pre-transform error: Failed to resolve import "react/jsx-dev-runtime" from "client/src/pages/admin/AdminModules.tsx". Does the file exist?
[2026-04-18T15:17:33.484Z] Plugin: vite:import-analysis
[2026-04-18T15:17:33.484Z] File: /home/ubuntu/viaoceanica-ai/client/src/pages/admin/AdminModules.tsx:162:16
[2026-04-18T15:17:33.484Z] 1  |  import { Fragment, jsxDEV } from "react/jsx-dev-runtime";
[2026-04-18T15:17:33.485Z] |                                    ^
[2026-04-18T15:17:33.485Z] 2  |  var _s = $RefreshSig$(), _s2 = $RefreshSig$();
[2026-04-18T15:17:33.485Z] 3  |  import { Card, CardContent, CardDescription, CardHeader, CardTitle } from "@/components/ui/card";
[2026-04-18T15:17:33.489Z] 11:17:33 AM [vite] (client) Pre-transform error: Failed to resolve import "react/jsx-dev-runtime" from "client/src/pages/admin/AdminPlans.tsx". Does the file exist?
[2026-04-18T15:17:33.490Z] Plugin: vite:import-analysis
[2026-04-18T15:17:33.490Z] File: /home/ubuntu/viaoceanica-ai/client/src/pages/admin/AdminPlans.tsx:146:10
[2026-04-18T15:17:33.490Z] 1  |  import { jsxDEV } from "react/jsx-dev-runtime";
[2026-04-18T15:17:33.491Z] |                          ^
[2026-04-18T15:17:33.492Z] 2  |  var _s = $RefreshSig$();
[2026-04-18T15:17:33.492Z] 3  |  import { Card, CardContent, CardDescription, CardHeader, CardTitle } from "@/components/ui/card";
[2026-04-18T15:17:33.498Z] 11:17:33 AM [vite] (client) Pre-transform error: Failed to resolve import "react/jsx-dev-runtime" from "client/src/pages/admin/AdminAIUsage.tsx". Does the file exist?
[2026-04-18T15:17:33.498Z] Plugin: vite:import-analysis
[2026-04-18T15:17:33.498Z] File: /home/ubuntu/viaoceanica-ai/client/src/pages/admin/AdminAIUsage.tsx:120:10
[2026-04-18T15:17:33.499Z] 1  |  import { jsxDEV } from "react/jsx-dev-runtime";
[2026-04-18T15:17:33.499Z] |                          ^
[2026-04-18T15:17:33.499Z] 2  |  var _s = $RefreshSig$();
[2026-04-18T15:17:33.499Z] 3  |  import { Card, CardContent, CardDescription, CardHeader, CardTitle } from "@/components/ui/card";
[2026-04-18T15:17:33.507Z] 11:17:33 AM [vite] (client) Pre-transform error: Failed to resolve import "react/jsx-dev-runtime" from "client/src/pages/admin/AdminBilling.tsx". Does the file exist?
[2026-04-18T15:17:33.508Z] Plugin: vite:import-analysis
[2026-04-18T15:17:33.508Z] File: /home/ubuntu/viaoceanica-ai/client/src/pages/admin/AdminBilling.tsx:19:8
[2026-04-18T15:17:33.509Z] 1  |  import { jsxDEV } from "react/jsx-dev-runtime";
[2026-04-18T15:17:33.509Z] |                          ^
[2026-04-18T15:17:33.509Z] 2  |  var _s = $RefreshSig$();
[2026-04-18T15:17:33.510Z] 3  |  import { Card, CardContent, CardDescription, CardHeader, CardTitle } from "@/components/ui/card";
[2026-04-18T15:17:33.518Z] 11:17:33 AM [vite] (client) Pre-transform error: Failed to resolve import "react/jsx-dev-runtime" from "client/src/pages/admin/AdminSettings.tsx". Does the file exist?
[2026-04-18T15:17:33.518Z] Plugin: vite:import-analysis
[2026-04-18T15:17:33.518Z] File: /home/ubuntu/viaoceanica-ai/client/src/pages/admin/AdminSettings.tsx:56:8
[2026-04-18T15:17:33.519Z] 1  |  import { jsxDEV } from "react/jsx-dev-runtime";
[2026-04-18T15:17:33.519Z] |                          ^
[2026-04-18T15:17:33.519Z] 2  |  var _s = $RefreshSig$();
[2026-04-18T15:17:33.520Z] 3  |  import { Card, CardContent, CardDescription, CardHeader, CardTitle } from "@/components/ui/card";
[2026-04-18T15:17:33.520Z] 11:17:33 AM [vite] (client) Pre-transform error: Failed to resolve import "@trpc/react-query" from "client/src/lib/trpc.ts". Does the file exist?
[2026-04-18T15:17:33.520Z] Plugin: vite:import-analysis
[2026-04-18T15:17:33.520Z] File: /home/ubuntu/viaoceanica-ai/client/src/lib/trpc.ts:1:32
[2026-04-18T15:17:33.521Z] 1  |  import { createTRPCReact } from "@trpc/react-query";
[2026-04-18T15:17:33.521Z] |                                   ^
[2026-04-18T15:17:33.521Z] 2  |  export const trpc = createTRPCReact();
[2026-04-18T15:17:33.521Z] 3  |
[2026-04-18T15:17:33.522Z] 11:17:33 AM [vite] (client) Pre-transform error: Failed to resolve import "@trpc/react-query" from "client/src/lib/trpc.ts". Does the file exist?
[2026-04-18T15:17:33.522Z] Plugin: vite:import-analysis
[2026-04-18T15:17:33.522Z] File: /home/ubuntu/viaoceanica-ai/client/src/lib/trpc.ts:1:32
[2026-04-18T15:17:33.522Z] 1  |  import { createTRPCReact } from "@trpc/react-query";
[2026-04-18T15:17:33.522Z] |                                   ^
[2026-04-18T15:17:33.523Z] 2  |  export const trpc = createTRPCReact();
[2026-04-18T15:17:33.523Z] 3  |
[2026-04-18T15:17:33.523Z] 11:17:33 AM [vite] (client) Pre-transform error: Failed to resolve import "@trpc/react-query" from "client/src/lib/trpc.ts". Does the file exist?
[2026-04-18T15:17:33.523Z] Plugin: vite:import-analysis
[2026-04-18T15:17:33.524Z] File: /home/ubuntu/viaoceanica-ai/client/src/lib/trpc.ts:1:32
[2026-04-18T15:17:33.524Z] 1  |  import { createTRPCReact } from "@trpc/react-query";
[2026-04-18T15:17:33.524Z] |                                   ^
[2026-04-18T15:17:33.524Z] 2  |  export const trpc = createTRPCReact();
[2026-04-18T15:17:33.525Z] 3  |
[2026-04-18T15:17:33.525Z] 11:17:33 AM [vite] (client) Pre-transform error: Failed to resolve import "@trpc/react-query" from "client/src/lib/trpc.ts". Does the file exist?
[2026-04-18T15:17:33.525Z] Plugin: vite:import-analysis
[2026-04-18T15:17:33.525Z] File: /home/ubuntu/viaoceanica-ai/client/src/lib/trpc.ts:1:32
[2026-04-18T15:17:33.526Z] 1  |  import { createTRPCReact } from "@trpc/react-query";
[2026-04-18T15:17:33.526Z] |                                   ^
[2026-04-18T15:17:33.526Z] 2  |  export const trpc = createTRPCReact();
[2026-04-18T15:17:33.526Z] 3  |
[2026-04-18T15:17:33.526Z] 11:17:33 AM [vite] (client) Pre-transform error: Failed to resolve import "@trpc/react-query" from "client/src/lib/trpc.ts". Does the file exist?
[2026-04-18T15:17:33.527Z] Plugin: vite:import-analysis
[2026-04-18T15:17:33.527Z] File: /home/ubuntu/viaoceanica-ai/client/src/lib/trpc.ts:1:32
[2026-04-18T15:17:33.527Z] 1  |  import { createTRPCReact } from "@trpc/react-query";
[2026-04-18T15:17:33.528Z] |                                   ^
[2026-04-18T15:17:33.528Z] 2  |  export const trpc = createTRPCReact();
[2026-04-18T15:17:33.528Z] 3  |
[2026-04-18T15:17:33.528Z] 11:17:33 AM [vite] (client) Pre-transform error: Failed to resolve import "@trpc/react-query" from "client/src/lib/trpc.ts". Does the file exist?
[2026-04-18T15:17:33.529Z] Plugin: vite:import-analysis
[2026-04-18T15:17:33.529Z] File: /home/ubuntu/viaoceanica-ai/client/src/lib/trpc.ts:1:32
[2026-04-18T15:17:33.529Z] 1  |  import { createTRPCReact } from "@trpc/react-query";
[2026-04-18T15:17:33.529Z] |                                   ^
[2026-04-18T15:17:33.529Z] 2  |  export const trpc = createTRPCReact();
[2026-04-18T15:17:33.530Z] 3  |
[2026-04-18T15:17:33.530Z] 11:17:33 AM [vite] (client) Pre-transform error: Failed to resolve import "react/jsx-dev-runtime" from "client/src/pages/admin/AdminSettings.tsx". Does the file exist?
[2026-04-18T15:17:33.530Z] Plugin: vite:import-analysis
[2026-04-18T15:17:33.530Z] File: /home/ubuntu/viaoceanica-ai/client/src/pages/admin/AdminSettings.tsx:56:8
[2026-04-18T15:17:33.531Z] 1  |  import { jsxDEV } from "react/jsx-dev-runtime";
[2026-04-18T15:17:33.531Z] |                          ^
[2026-04-18T15:17:33.531Z] 2  |  var _s = $RefreshSig$();
[2026-04-18T15:17:33.531Z] 3  |  import { Card, CardContent, CardDescription, CardHeader, CardTitle } from "@/components/ui/card";
[2026-04-18T15:17:33.532Z] 11:17:33 AM [vite] (client) Pre-transform error: Failed to resolve import "react/jsx-dev-runtime" from "client/src/components/ui/tooltip.tsx". Does the file exist?
[2026-04-18T15:17:33.532Z] Plugin: vite:import-analysis
[2026-04-18T15:17:33.532Z] File: /home/ubuntu/viaoceanica-ai/client/src/components/ui/tooltip.tsx:11:4
[2026-04-18T15:17:33.532Z] 1  |  import { jsxDEV } from "react/jsx-dev-runtime";
[2026-04-18T15:17:33.533Z] |                          ^
[2026-04-18T15:17:33.533Z] 2  |  import * as TooltipPrimitive from "@radix-ui/react-tooltip";
[2026-04-18T15:17:33.533Z] 3  |  import { cn } from "@/lib/utils";
[2026-04-18T15:17:33.533Z] 11:17:33 AM [vite] (client) Pre-transform error: Failed to resolve import "react/jsx-dev-runtime" from "client/src/pages/NotFound.tsx". Does the file exist?
[2026-04-18T15:17:33.533Z] Plugin: vite:import-analysis
[2026-04-18T15:17:33.534Z] File: /home/ubuntu/viaoceanica-ai/client/src/pages/NotFound.tsx:19:14
[2026-04-18T15:17:33.534Z] 1  |  import { jsxDEV } from "react/jsx-dev-runtime";
[2026-04-18T15:17:33.534Z] |                          ^
[2026-04-18T15:17:33.534Z] 2  |  var _s = $RefreshSig$();
[2026-04-18T15:17:33.534Z] 3  |  import { Button } from "@/components/ui/button";
[2026-04-18T15:17:33.535Z] 11:17:33 AM [vite] (client) Pre-transform error: Failed to resolve import "react/jsx-dev-runtime" from "client/src/components/ui/sonner.tsx". Does the file exist?
[2026-04-18T15:17:33.535Z] Plugin: vite:import-analysis
[2026-04-18T15:17:33.535Z] File: /home/ubuntu/viaoceanica-ai/client/src/components/ui/sonner.tsx:8:4
[2026-04-18T15:17:33.535Z] 1  |  import { jsxDEV } from "react/jsx-dev-runtime";
[2026-04-18T15:17:33.536Z] |                          ^
[2026-04-18T15:17:33.536Z] 2  |  var _s = $RefreshSig$();
[2026-04-18T15:17:33.536Z] 3  |  import { useTheme } from "next-themes";
[2026-04-18T15:17:33.536Z] 11:17:33 AM [vite] (client) Pre-transform error: Failed to resolve import "@trpc/react-query" from "client/src/lib/trpc.ts". Does the file exist?
[2026-04-18T15:17:33.537Z] Plugin: vite:import-analysis
[2026-04-18T15:17:33.537Z] File: /home/ubuntu/viaoceanica-ai/client/src/lib/trpc.ts:1:32
[2026-04-18T15:17:33.537Z] 1  |  import { createTRPCReact } from "@trpc/react-query";
[2026-04-18T15:17:33.537Z] |                                   ^
[2026-04-18T15:17:33.552Z] 2  |  export const trpc = createTRPCReact();
[2026-04-18T15:17:33.552Z] 3  |
[2026-04-18T15:17:33.553Z] 11:17:33 AM [vite] (client) Pre-transform error: Failed to resolve import "react/jsx-dev-runtime" from "client/src/App.tsx". Does the file exist?
[2026-04-18T15:17:33.553Z] Plugin: vite:import-analysis
[2026-04-18T15:17:33.553Z] File: /home/ubuntu/viaoceanica-ai/client/src/App.tsx:44:14
[2026-04-18T15:17:33.553Z] 1  |  import { jsxDEV } from "react/jsx-dev-runtime";
[2026-04-18T15:17:33.554Z] |                          ^
[2026-04-18T15:17:33.554Z] 2  |  var _s = $RefreshSig$(), _s2 = $RefreshSig$(), _s3 = $RefreshSig$();
[2026-04-18T15:17:33.554Z] 3  |  import { Toaster } from "@/components/ui/sonner";
[2026-04-18T15:17:33.555Z] 11:17:33 AM [vite] (client) Pre-transform error: Failed to resolve import "react/jsx-dev-runtime" from "client/src/components/ui/button.tsx". Does the file exist?
[2026-04-18T15:17:33.556Z] Plugin: vite:import-analysis
[2026-04-18T15:17:33.556Z] File: /home/ubuntu/viaoceanica-ai/client/src/components/ui/button.tsx:52:4
[2026-04-18T15:17:33.556Z] 1  |  import { jsxDEV } from "react/jsx-dev-runtime";
[2026-04-18T15:17:33.556Z] |                          ^
[2026-04-18T15:17:33.557Z] 2  |  import { Slot } from "@radix-ui/react-slot";
[2026-04-18T15:17:33.557Z] 3  |  import { cva } from "class-variance-authority";
[2026-04-18T15:17:33.557Z] 11:17:33 AM [vite] (client) Pre-transform error: Failed to resolve import "react/jsx-dev-runtime" from "client/src/components/ui/button.tsx". Does the file exist?
[2026-04-18T15:17:33.584Z] Plugin: vite:import-analysis
[2026-04-18T15:17:33.585Z] File: /home/ubuntu/viaoceanica-ai/client/src/components/ui/button.tsx:52:4
[2026-04-18T15:17:33.585Z] 1  |  import { jsxDEV } from "react/jsx-dev-runtime";
[2026-04-18T15:17:33.586Z] |                          ^
[2026-04-18T15:17:33.587Z] 2  |  import { Slot } from "@radix-ui/react-slot";
[2026-04-18T15:17:33.587Z] 3  |  import { cva } from "class-variance-authority";
[2026-04-18T15:17:33.587Z] 11:17:33 AM [vite] (client) Pre-transform error: Failed to resolve import "react/jsx-dev-runtime" from "client/src/components/ui/button.tsx". Does the file exist?
[2026-04-18T15:17:33.588Z] Plugin: vite:import-analysis
[2026-04-18T15:17:33.589Z] File: /home/ubuntu/viaoceanica-ai/client/src/components/ui/button.tsx:52:4
[2026-04-18T15:17:33.589Z] 1  |  import { jsxDEV } from "react/jsx-dev-runtime";
[2026-04-18T15:17:33.589Z] |                          ^
[2026-04-18T15:17:33.590Z] 2  |  import { Slot } from "@radix-ui/react-slot";
[2026-04-18T15:17:33.590Z] 3  |  import { cva } from "class-variance-authority";
[2026-04-18T15:17:33.591Z] 11:17:33 AM [vite] (client) Pre-transform error: Failed to resolve import "react/jsx-dev-runtime" from "client/src/components/ui/button.tsx". Does the file exist?
[2026-04-18T15:17:33.591Z] Plugin: vite:import-analysis
[2026-04-18T15:17:33.592Z] File: /home/ubuntu/viaoceanica-ai/client/src/components/ui/button.tsx:52:4
[2026-04-18T15:17:33.593Z] 1  |  import { jsxDEV } from "react/jsx-dev-runtime";
[2026-04-18T15:17:33.593Z] |                          ^
[2026-04-18T15:17:33.594Z] 2  |  import { Slot } from "@radix-ui/react-slot";
[2026-04-18T15:17:33.594Z] 3  |  import { cva } from "class-variance-authority";
[2026-04-18T15:17:33.595Z] 11:17:33 AM [vite] (client) Pre-transform error: Failed to resolve import "react/jsx-dev-runtime" from "client/src/components/ui/button.tsx". Does the file exist?
[2026-04-18T15:17:33.595Z] Plugin: vite:import-analysis
[2026-04-18T15:17:33.596Z] File: /home/ubuntu/viaoceanica-ai/client/src/components/ui/button.tsx:52:4
[2026-04-18T15:17:33.597Z] 1  |  import { jsxDEV } from "react/jsx-dev-runtime";
[2026-04-18T15:17:33.597Z] |                          ^
[2026-04-18T15:17:33.598Z] 2  |  import { Slot } from "@radix-ui/react-slot";
[2026-04-18T15:17:33.598Z] 3  |  import { cva } from "class-variance-authority";
[2026-04-18T15:17:33.599Z] 11:17:33 AM [vite] (client) Pre-transform error: Failed to resolve import "react/jsx-dev-runtime" from "client/src/components/ui/button.tsx". Does the file exist?
[2026-04-18T15:17:33.599Z] Plugin: vite:import-analysis
[2026-04-18T15:17:33.600Z] File: /home/ubuntu/viaoceanica-ai/client/src/components/ui/button.tsx:52:4
[2026-04-18T15:17:33.600Z] 1  |  import { jsxDEV } from "react/jsx-dev-runtime";
[2026-04-18T15:17:33.600Z] |                          ^
[2026-04-18T15:17:33.601Z] 2  |  import { Slot } from "@radix-ui/react-slot";
[2026-04-18T15:17:33.601Z] 3  |  import { cva } from "class-variance-authority";
[2026-04-18T15:17:33.602Z] 11:17:33 AM [vite] (client) Pre-transform error: Failed to resolve import "react/jsx-dev-runtime" from "client/src/components/ui/button.tsx". Does the file exist?
[2026-04-18T15:17:33.602Z] Plugin: vite:import-analysis
[2026-04-18T15:17:33.603Z] File: /home/ubuntu/viaoceanica-ai/client/src/components/ui/button.tsx:52:4
[2026-04-18T15:17:33.604Z] 1  |  import { jsxDEV } from "react/jsx-dev-runtime";
[2026-04-18T15:17:33.604Z] |                          ^
[2026-04-18T15:17:33.604Z] 2  |  import { Slot } from "@radix-ui/react-slot";
[2026-04-18T15:17:33.604Z] 3  |  import { cva } from "class-variance-authority";
[2026-04-18T15:17:33.605Z] 11:17:33 AM [vite] (client) Pre-transform error: Failed to resolve import "react/jsx-dev-runtime" from "client/src/components/ui/button.tsx". Does the file exist?
[2026-04-18T15:17:33.605Z] Plugin: vite:import-analysis
[2026-04-18T15:17:33.605Z] File: /home/ubuntu/viaoceanica-ai/client/src/components/ui/button.tsx:52:4
[2026-04-18T15:17:33.605Z] 1  |  import { jsxDEV } from "react/jsx-dev-runtime";
[2026-04-18T15:17:33.605Z] |                          ^
[2026-04-18T15:17:33.606Z] 2  |  import { Slot } from "@radix-ui/react-slot";
[2026-04-18T15:17:33.606Z] 3  |  import { cva } from "class-variance-authority";
[2026-04-18T15:17:33.607Z] 11:17:33 AM [vite] (client) Pre-transform error: Failed to resolve import "react/jsx-dev-runtime" from "client/src/components/ui/button.tsx". Does the file exist?
[2026-04-18T15:17:33.607Z] Plugin: vite:import-analysis
[2026-04-18T15:17:33.607Z] File: /home/ubuntu/viaoceanica-ai/client/src/components/ui/button.tsx:52:4
[2026-04-18T15:17:33.607Z] 1  |  import { jsxDEV } from "react/jsx-dev-runtime";
[2026-04-18T15:17:33.607Z] |                          ^
[2026-04-18T15:17:33.608Z] 2  |  import { Slot } from "@radix-ui/react-slot";
[2026-04-18T15:17:33.608Z] 3  |  import { cva } from "class-variance-authority";
[2026-04-18T15:17:33.608Z] 11:17:33 AM [vite] (client) Pre-transform error: Failed to resolve import "react/jsx-dev-runtime" from "client/src/components/ui/button.tsx". Does the file exist?
[2026-04-18T15:17:33.609Z] Plugin: vite:import-analysis
[2026-04-18T15:17:33.609Z] File: /home/ubuntu/viaoceanica-ai/client/src/components/ui/button.tsx:52:4
[2026-04-18T15:17:33.609Z] 1  |  import { jsxDEV } from "react/jsx-dev-runtime";
[2026-04-18T15:17:33.609Z] |                          ^
[2026-04-18T15:17:33.610Z] 2  |  import { Slot } from "@radix-ui/react-slot";
[2026-04-18T15:17:33.610Z] 3  |  import { cva } from "class-variance-authority";
[2026-04-18T15:17:33.610Z] 11:17:33 AM [vite] (client) Pre-transform error: Failed to resolve import "react/jsx-dev-runtime" from "client/src/components/ui/button.tsx". Does the file exist?
[2026-04-18T15:17:33.611Z] Plugin: vite:import-analysis
[2026-04-18T15:17:33.611Z] File: /home/ubuntu/viaoceanica-ai/client/src/components/ui/button.tsx:52:4
[2026-04-18T15:17:33.611Z] 1  |  import { jsxDEV } from "react/jsx-dev-runtime";
[2026-04-18T15:17:33.611Z] |                          ^
[2026-04-18T15:17:33.612Z] 2  |  import { Slot } from "@radix-ui/react-slot";
[2026-04-18T15:17:33.612Z] 3  |  import { cva } from "class-variance-authority";
[2026-04-18T15:17:33.613Z] 11:17:33 AM [vite] (client) Pre-transform error: Failed to resolve import "react/jsx-dev-runtime" from "client/src/components/ui/button.tsx". Does the file exist?
[2026-04-18T15:17:33.613Z] Plugin: vite:import-analysis
[2026-04-18T15:17:33.614Z] File: /home/ubuntu/viaoceanica-ai/client/src/components/ui/button.tsx:52:4
[2026-04-18T15:17:33.614Z] 1  |  import { jsxDEV } from "react/jsx-dev-runtime";
[2026-04-18T15:17:33.615Z] |                          ^
[2026-04-18T15:17:33.615Z] 2  |  import { Slot } from "@radix-ui/react-slot";
[2026-04-18T15:17:33.616Z] 3  |  import { cva } from "class-variance-authority";
[2026-04-18T15:17:33.616Z] 11:17:33 AM [vite] (client) Pre-transform error: Failed to resolve import "react/jsx-dev-runtime" from "client/src/components/ui/button.tsx". Does the file exist?
[2026-04-18T15:17:33.616Z] Plugin: vite:import-analysis
[2026-04-18T15:17:33.616Z] File: /home/ubuntu/viaoceanica-ai/client/src/components/ui/button.tsx:52:4
[2026-04-18T15:17:33.617Z] 1  |  import { jsxDEV } from "react/jsx-dev-runtime";
[2026-04-18T15:17:33.617Z] |                          ^
[2026-04-18T15:17:33.617Z] 2  |  import { Slot } from "@radix-ui/react-slot";
[2026-04-18T15:17:33.618Z] 3  |  import { cva } from "class-variance-authority";
[2026-04-18T15:17:33.618Z] 11:17:33 AM [vite] (client) Pre-transform error: Failed to resolve import "react/jsx-dev-runtime" from "client/src/components/ui/button.tsx". Does the file exist?
[2026-04-18T15:17:33.618Z] Plugin: vite:import-analysis
[2026-04-18T15:17:33.618Z] File: /home/ubuntu/viaoceanica-ai/client/src/components/ui/button.tsx:52:4
[2026-04-18T15:17:33.619Z] 1  |  import { jsxDEV } from "react/jsx-dev-runtime";
[2026-04-18T15:17:33.619Z] |                          ^
[2026-04-18T15:17:33.619Z] 2  |  import { Slot } from "@radix-ui/react-slot";
[2026-04-18T15:17:33.619Z] 3  |  import { cva } from "class-variance-authority";
[2026-04-18T15:17:33.619Z] 11:17:33 AM [vite] (client) Pre-transform error: Failed to resolve import "react/jsx-dev-runtime" from "client/src/components/ui/button.tsx". Does the file exist?
[2026-04-18T15:17:33.620Z] Plugin: vite:import-analysis
[2026-04-18T15:17:33.620Z] File: /home/ubuntu/viaoceanica-ai/client/src/components/ui/button.tsx:52:4
[2026-04-18T15:17:33.620Z] 1  |  import { jsxDEV } from "react/jsx-dev-runtime";
[2026-04-18T15:17:33.620Z] |                          ^
[2026-04-18T15:17:33.620Z] 2  |  import { Slot } from "@radix-ui/react-slot";
[2026-04-18T15:17:33.621Z] 3  |  import { cva } from "class-variance-authority";
[2026-04-18T15:17:33.621Z] 11:17:33 AM [vite] (client) Pre-transform error: Failed to resolve import "react/jsx-dev-runtime" from "client/src/components/ui/button.tsx". Does the file exist?
[2026-04-18T15:17:33.621Z] Plugin: vite:import-analysis
[2026-04-18T15:17:33.621Z] File: /home/ubuntu/viaoceanica-ai/client/src/components/ui/button.tsx:52:4
[2026-04-18T15:17:33.622Z] 1  |  import { jsxDEV } from "react/jsx-dev-runtime";
[2026-04-18T15:17:33.622Z] |                          ^
[2026-04-18T15:17:33.622Z] 2  |  import { Slot } from "@radix-ui/react-slot";
[2026-04-18T15:17:33.622Z] 3  |  import { cva } from "class-variance-authority";
[2026-04-18T15:17:33.622Z] 11:17:33 AM [vite] (client) Pre-transform error: Failed to resolve import "react/jsx-dev-runtime" from "client/src/components/ui/button.tsx". Does the file exist?
[2026-04-18T15:17:33.623Z] Plugin: vite:import-analysis
[2026-04-18T15:17:33.623Z] File: /home/ubuntu/viaoceanica-ai/client/src/components/ui/button.tsx:52:4
[2026-04-18T15:17:33.623Z] 1  |  import { jsxDEV } from "react/jsx-dev-runtime";
[2026-04-18T15:17:33.623Z] |                          ^
[2026-04-18T15:17:33.623Z] 2  |  import { Slot } from "@radix-ui/react-slot";
[2026-04-18T15:17:33.624Z] 3  |  import { cva } from "class-variance-authority";
[2026-04-18T15:17:33.624Z] 11:17:33 AM [vite] (client) Pre-transform error: Failed to resolve import "react/jsx-dev-runtime" from "client/src/components/ui/button.tsx". Does the file exist?
[2026-04-18T15:17:33.624Z] Plugin: vite:import-analysis
[2026-04-18T15:17:33.624Z] File: /home/ubuntu/viaoceanica-ai/client/src/components/ui/button.tsx:52:4
[2026-04-18T15:17:33.624Z] 1  |  import { jsxDEV } from "react/jsx-dev-runtime";
[2026-04-18T15:17:33.625Z] |                          ^
[2026-04-18T15:17:33.625Z] 2  |  import { Slot } from "@radix-ui/react-slot";
[2026-04-18T15:17:33.625Z] 3  |  import { cva } from "class-variance-authority";
[2026-04-18T15:17:33.625Z] 11:17:33 AM [vite] (client) Pre-transform error: Failed to resolve import "react/jsx-dev-runtime" from "client/src/components/ui/button.tsx". Does the file exist?
[2026-04-18T15:17:33.625Z] Plugin: vite:import-analysis
[2026-04-18T15:17:33.625Z] File: /home/ubuntu/viaoceanica-ai/client/src/components/ui/button.tsx:52:4
[2026-04-18T15:17:33.626Z] 1  |  import { jsxDEV } from "react/jsx-dev-runtime";
[2026-04-18T15:17:33.626Z] |                          ^
[2026-04-18T15:17:33.626Z] 2  |  import { Slot } from "@radix-ui/react-slot";
[2026-04-18T15:17:33.626Z] 3  |  import { cva } from "class-variance-authority";
[2026-04-18T15:17:33.627Z] 11:17:33 AM [vite] (client) Pre-transform error: Failed to resolve import "clsx" from "client/src/lib/utils.ts". Does the file exist?
[2026-04-18T15:17:33.627Z] Plugin: vite:import-analysis
[2026-04-18T15:17:33.627Z] File: /home/ubuntu/viaoceanica-ai/client/src/lib/utils.ts:1:38
[2026-04-18T15:17:33.627Z] 1  |  import { clsx } from "clsx";
[2026-04-18T15:17:33.627Z] |                        ^
[2026-04-18T15:17:33.628Z] 2  |  import { twMerge } from "tailwind-merge";
[2026-04-18T15:17:33.628Z] 3  |  export function cn(...inputs) {
[2026-04-18T15:17:33.628Z] 11:17:33 AM [vite] (client) Pre-transform error: Failed to resolve import "react/jsx-dev-runtime" from "client/src/components/ui/card.tsx". Does the file exist?
[2026-04-18T15:17:33.628Z] Plugin: vite:import-analysis
[2026-04-18T15:17:33.628Z] File: /home/ubuntu/viaoceanica-ai/client/src/components/ui/card.tsx:7:4
[2026-04-18T15:17:33.629Z] 1  |  import { jsxDEV } from "react/jsx-dev-runtime";
[2026-04-18T15:17:33.629Z] |                          ^
[2026-04-18T15:17:33.629Z] 2  |  import { cn } from "@/lib/utils";
[2026-04-18T15:17:33.629Z] 3  |  function Card({ className, ...props }) {
[2026-04-18T15:17:33.629Z] 11:17:33 AM [vite] (client) Pre-transform error: Failed to resolve import "react/jsx-dev-runtime" from "client/src/components/ui/card.tsx". Does the file exist?
[2026-04-18T15:17:33.630Z] Plugin: vite:import-analysis
[2026-04-18T15:17:33.630Z] File: /home/ubuntu/viaoceanica-ai/client/src/components/ui/card.tsx:7:4
[2026-04-18T15:17:33.630Z] 1  |  import { jsxDEV } from "react/jsx-dev-runtime";
[2026-04-18T15:17:33.630Z] |                          ^
[2026-04-18T15:17:33.631Z] 2  |  import { cn } from "@/lib/utils";
[2026-04-18T15:17:33.631Z] 3  |  function Card({ className, ...props }) {
[2026-04-18T15:17:33.631Z] 11:17:33 AM [vite] (client) Pre-transform error: Failed to resolve import "react/jsx-dev-runtime" from "client/src/components/ui/card.tsx". Does the file exist?
[2026-04-18T15:17:33.631Z] Plugin: vite:import-analysis
[2026-04-18T15:17:33.632Z] File: /home/ubuntu/viaoceanica-ai/client/src/components/ui/card.tsx:7:4
[2026-04-18T15:17:33.632Z] 1  |  import { jsxDEV } from "react/jsx-dev-runtime";
[2026-04-18T15:17:33.632Z] |                          ^
[2026-04-18T15:17:33.632Z] 2  |  import { cn } from "@/lib/utils";
[2026-04-18T15:17:33.632Z] 3  |  function Card({ className, ...props }) {
[2026-04-18T15:17:33.633Z] 11:17:33 AM [vite] (client) Pre-transform error: Failed to resolve import "react/jsx-dev-runtime" from "client/src/components/ui/card.tsx". Does the file exist?
[2026-04-18T15:17:33.633Z] Plugin: vite:import-analysis
[2026-04-18T15:17:33.633Z] File: /home/ubuntu/viaoceanica-ai/client/src/components/ui/card.tsx:7:4
[2026-04-18T15:17:33.633Z] 1  |  import { jsxDEV } from "react/jsx-dev-runtime";
[2026-04-18T15:17:33.633Z] |                          ^
[2026-04-18T15:17:33.634Z] 2  |  import { cn } from "@/lib/utils";
[2026-04-18T15:17:33.634Z] 3  |  function Card({ className, ...props }) {
[2026-04-18T15:17:33.634Z] 11:17:33 AM [vite] (client) Pre-transform error: Failed to resolve import "react/jsx-dev-runtime" from "client/src/components/ui/card.tsx". Does the file exist?
[2026-04-18T15:17:33.634Z] Plugin: vite:import-analysis
[2026-04-18T15:17:33.634Z] File: /home/ubuntu/viaoceanica-ai/client/src/components/ui/card.tsx:7:4
[2026-04-18T15:17:33.635Z] 1  |  import { jsxDEV } from "react/jsx-dev-runtime";
[2026-04-18T15:17:33.635Z] |                          ^
[2026-04-18T15:17:33.635Z] 2  |  import { cn } from "@/lib/utils";
[2026-04-18T15:17:33.635Z] 3  |  function Card({ className, ...props }) {
[2026-04-18T15:17:33.635Z] 11:17:33 AM [vite] (client) Pre-transform error: Failed to resolve import "react/jsx-dev-runtime" from "client/src/components/ui/card.tsx". Does the file exist?
[2026-04-18T15:17:33.636Z] Plugin: vite:import-analysis
[2026-04-18T15:17:33.636Z] File: /home/ubuntu/viaoceanica-ai/client/src/components/ui/card.tsx:7:4
[2026-04-18T15:17:33.636Z] 1  |  import { jsxDEV } from "react/jsx-dev-runtime";
[2026-04-18T15:17:33.636Z] |                          ^
[2026-04-18T15:17:33.636Z] 2  |  import { cn } from "@/lib/utils";
[2026-04-18T15:17:33.637Z] 3  |  function Card({ className, ...props }) {
[2026-04-18T15:17:33.637Z] 11:17:33 AM [vite] (client) Pre-transform error: Failed to resolve import "react/jsx-dev-runtime" from "client/src/components/ui/card.tsx". Does the file exist?
[2026-04-18T15:17:33.637Z] Plugin: vite:import-analysis
[2026-04-18T15:17:33.637Z] File: /home/ubuntu/viaoceanica-ai/client/src/components/ui/card.tsx:7:4
[2026-04-18T15:17:33.637Z] 1  |  import { jsxDEV } from "react/jsx-dev-runtime";
[2026-04-18T15:17:33.638Z] |                          ^
[2026-04-18T15:17:33.638Z] 2  |  import { cn } from "@/lib/utils";
[2026-04-18T15:17:33.638Z] 3  |  function Card({ className, ...props }) {
[2026-04-18T15:17:33.638Z] 11:17:33 AM [vite] (client) Pre-transform error: Failed to resolve import "react/jsx-dev-runtime" from "client/src/components/ui/card.tsx". Does the file exist?
[2026-04-18T15:17:33.638Z] Plugin: vite:import-analysis
[2026-04-18T15:17:33.639Z] File: /home/ubuntu/viaoceanica-ai/client/src/components/ui/card.tsx:7:4
[2026-04-18T15:17:33.639Z] 1  |  import { jsxDEV } from "react/jsx-dev-runtime";
[2026-04-18T15:17:33.639Z] |                          ^
[2026-04-18T15:17:33.639Z] 2  |  import { cn } from "@/lib/utils";
[2026-04-18T15:17:33.639Z] 3  |  function Card({ className, ...props }) {
[2026-04-18T15:17:33.640Z] 11:17:33 AM [vite] (client) Pre-transform error: Failed to resolve import "react/jsx-dev-runtime" from "client/src/components/ui/card.tsx". Does the file exist?
[2026-04-18T15:17:33.640Z] Plugin: vite:import-analysis
[2026-04-18T15:17:33.640Z] File: /home/ubuntu/viaoceanica-ai/client/src/components/ui/card.tsx:7:4
[2026-04-18T15:17:33.640Z] 1  |  import { jsxDEV } from "react/jsx-dev-runtime";
[2026-04-18T15:17:33.641Z] |                          ^
[2026-04-18T15:17:33.641Z] 2  |  import { cn } from "@/lib/utils";
[2026-04-18T15:17:33.641Z] 3  |  function Card({ className, ...props }) {
[2026-04-18T15:17:33.641Z] 11:17:33 AM [vite] (client) Pre-transform error: Failed to resolve import "react/jsx-dev-runtime" from "client/src/components/ui/card.tsx". Does the file exist?
[2026-04-18T15:17:33.641Z] Plugin: vite:import-analysis
[2026-04-18T15:17:33.642Z] File: /home/ubuntu/viaoceanica-ai/client/src/components/ui/card.tsx:7:4
[2026-04-18T15:17:33.642Z] 1  |  import { jsxDEV } from "react/jsx-dev-runtime";
[2026-04-18T15:17:33.642Z] |                          ^
[2026-04-18T15:17:33.642Z] 2  |  import { cn } from "@/lib/utils";
[2026-04-18T15:17:33.642Z] 3  |  function Card({ className, ...props }) {
[2026-04-18T15:17:33.643Z] 11:17:33 AM [vite] (client) Pre-transform error: Failed to resolve import "react/jsx-dev-runtime" from "client/src/components/ui/card.tsx". Does the file exist?
[2026-04-18T15:17:33.643Z] Plugin: vite:import-analysis
[2026-04-18T15:17:33.643Z] File: /home/ubuntu/viaoceanica-ai/client/src/components/ui/card.tsx:7:4
[2026-04-18T15:17:33.643Z] 1  |  import { jsxDEV } from "react/jsx-dev-runtime";
[2026-04-18T15:17:33.643Z] |                          ^
[2026-04-18T15:17:33.644Z] 2  |  import { cn } from "@/lib/utils";
[2026-04-18T15:17:33.644Z] 3  |  function Card({ className, ...props }) {
[2026-04-18T15:17:33.644Z] 11:17:33 AM [vite] (client) Pre-transform error: Failed to resolve import "react/jsx-dev-runtime" from "client/src/components/ui/card.tsx". Does the file exist?
[2026-04-18T15:17:33.644Z] Plugin: vite:import-analysis
[2026-04-18T15:17:33.645Z] File: /home/ubuntu/viaoceanica-ai/client/src/components/ui/card.tsx:7:4
[2026-04-18T15:17:33.645Z] 1  |  import { jsxDEV } from "react/jsx-dev-runtime";
[2026-04-18T15:17:33.646Z] |                          ^
[2026-04-18T15:17:33.646Z] 2  |  import { cn } from "@/lib/utils";
[2026-04-18T15:17:33.646Z] 3  |  function Card({ className, ...props }) {
[2026-04-18T15:17:33.646Z] 11:17:33 AM [vite] (client) Pre-transform error: Failed to resolve import "react/jsx-dev-runtime" from "client/src/components/ui/card.tsx". Does the file exist?
[2026-04-18T15:17:33.646Z] Plugin: vite:import-analysis
[2026-04-18T15:17:33.647Z] File: /home/ubuntu/viaoceanica-ai/client/src/components/ui/card.tsx:7:4
[2026-04-18T15:17:33.647Z] 1  |  import { jsxDEV } from "react/jsx-dev-runtime";
[2026-04-18T15:17:33.647Z] |                          ^
[2026-04-18T15:17:33.647Z] 2  |  import { cn } from "@/lib/utils";
[2026-04-18T15:17:33.648Z] 3  |  function Card({ className, ...props }) {
[2026-04-18T15:17:33.648Z] 11:17:33 AM [vite] (client) Pre-transform error: Failed to resolve import "react/jsx-dev-runtime" from "client/src/components/ui/card.tsx". Does the file exist?
[2026-04-18T15:17:33.648Z] Plugin: vite:import-analysis
[2026-04-18T15:17:33.648Z] File: /home/ubuntu/viaoceanica-ai/client/src/components/ui/card.tsx:7:4
[2026-04-18T15:17:33.648Z] 1  |  import { jsxDEV } from "react/jsx-dev-runtime";
[2026-04-18T15:17:33.649Z] |                          ^
[2026-04-18T15:17:33.649Z] 2  |  import { cn } from "@/lib/utils";
[2026-04-18T15:17:33.649Z] 3  |  function Card({ className, ...props }) {
[2026-04-18T15:17:33.649Z] 11:17:33 AM [vite] (client) Pre-transform error: Failed to resolve import "react/jsx-dev-runtime" from "client/src/components/ui/card.tsx". Does the file exist?
[2026-04-18T15:17:33.649Z] Plugin: vite:import-analysis
[2026-04-18T15:17:33.649Z] File: /home/ubuntu/viaoceanica-ai/client/src/components/ui/card.tsx:7:4
[2026-04-18T15:17:33.650Z] 1  |  import { jsxDEV } from "react/jsx-dev-runtime";
[2026-04-18T15:17:33.650Z] |                          ^
[2026-04-18T15:17:33.650Z] 2  |  import { cn } from "@/lib/utils";
[2026-04-18T15:17:33.650Z] 3  |  function Card({ className, ...props }) {
[2026-04-18T15:17:33.650Z] 11:17:33 AM [vite] (client) Pre-transform error: Failed to resolve import "react/jsx-dev-runtime" from "client/src/components/ui/card.tsx". Does the file exist?
[2026-04-18T15:17:33.651Z] Plugin: vite:import-analysis
[2026-04-18T15:17:33.651Z] File: /home/ubuntu/viaoceanica-ai/client/src/components/ui/card.tsx:7:4
[2026-04-18T15:17:33.651Z] 1  |  import { jsxDEV } from "react/jsx-dev-runtime";
[2026-04-18T15:17:33.651Z] |                          ^
[2026-04-18T15:17:33.651Z] 2  |  import { cn } from "@/lib/utils";
[2026-04-18T15:17:33.652Z] 3  |  function Card({ className, ...props }) {
[2026-04-18T15:17:33.652Z] 11:17:33 AM [vite] (client) Pre-transform error: Failed to resolve import "react/jsx-dev-runtime" from "client/src/components/ui/card.tsx". Does the file exist?
[2026-04-18T15:17:33.652Z] Plugin: vite:import-analysis
[2026-04-18T15:17:33.652Z] File: /home/ubuntu/viaoceanica-ai/client/src/components/ui/card.tsx:7:4
[2026-04-18T15:17:33.652Z] 1  |  import { jsxDEV } from "react/jsx-dev-runtime";
[2026-04-18T15:17:33.653Z] |                          ^
[2026-04-18T15:17:33.653Z] 2  |  import { cn } from "@/lib/utils";
[2026-04-18T15:17:33.653Z] 3  |  function Card({ className, ...props }) {
[2026-04-18T15:17:33.653Z] 11:17:33 AM [vite] (client) Pre-transform error: Failed to resolve import "react/jsx-dev-runtime" from "client/src/components/ui/card.tsx". Does the file exist?
[2026-04-18T15:17:33.653Z] Plugin: vite:import-analysis
[2026-04-18T15:17:33.653Z] File: /home/ubuntu/viaoceanica-ai/client/src/components/ui/card.tsx:7:4
[2026-04-18T15:17:33.654Z] 1  |  import { jsxDEV } from "react/jsx-dev-runtime";
[2026-04-18T15:17:33.654Z] |                          ^
[2026-04-18T15:17:33.654Z] 2  |  import { cn } from "@/lib/utils";
[2026-04-18T15:17:33.654Z] 3  |  function Card({ className, ...props }) {
[2026-04-18T15:17:33.654Z] 11:17:33 AM [vite] (client) Pre-transform error: Failed to resolve import "react/jsx-dev-runtime" from "client/src/components/ui/card.tsx". Does the file exist?
[2026-04-18T15:17:33.654Z] Plugin: vite:import-analysis
[2026-04-18T15:17:33.655Z] File: /home/ubuntu/viaoceanica-ai/client/src/components/ui/card.tsx:7:4
[2026-04-18T15:17:33.655Z] 1  |  import { jsxDEV } from "react/jsx-dev-runtime";
[2026-04-18T15:17:33.655Z] |                          ^
[2026-04-18T15:17:33.655Z] 2  |  import { cn } from "@/lib/utils";
[2026-04-18T15:17:33.655Z] 3  |  function Card({ className, ...props }) {
[2026-04-18T15:17:33.656Z] 11:17:33 AM [vite] (client) Pre-transform error: Failed to resolve import "react/jsx-dev-runtime" from "client/src/components/ui/card.tsx". Does the file exist?
[2026-04-18T15:17:33.656Z] Plugin: vite:import-analysis
[2026-04-18T15:17:33.656Z] File: /home/ubuntu/viaoceanica-ai/client/src/components/ui/card.tsx:7:4
[2026-04-18T15:17:33.656Z] 1  |  import { jsxDEV } from "react/jsx-dev-runtime";
[2026-04-18T15:17:33.657Z] |                          ^
[2026-04-18T15:17:33.657Z] 2  |  import { cn } from "@/lib/utils";
[2026-04-18T15:17:33.657Z] 3  |  function Card({ className, ...props }) {
[2026-04-18T15:17:33.658Z] 11:17:33 AM [vite] (client) Pre-transform error: Failed to resolve import "react/jsx-dev-runtime" from "client/src/components/ui/card.tsx". Does the file exist?
[2026-04-18T15:17:33.658Z] Plugin: vite:import-analysis
[2026-04-18T15:17:33.658Z] File: /home/ubuntu/viaoceanica-ai/client/src/components/ui/card.tsx:7:4
[2026-04-18T15:17:33.658Z] 1  |  import { jsxDEV } from "react/jsx-dev-runtime";
[2026-04-18T15:17:33.658Z] |                          ^
[2026-04-18T15:17:33.659Z] 2  |  import { cn } from "@/lib/utils";
[2026-04-18T15:17:33.659Z] 3  |  function Card({ className, ...props }) {
[2026-04-18T15:17:33.659Z] 11:17:33 AM [vite] (client) Pre-transform error: Failed to resolve import "react/jsx-dev-runtime" from "client/src/components/ui/card.tsx". Does the file exist?
[2026-04-18T15:17:33.659Z] Plugin: vite:import-analysis
[2026-04-18T15:17:33.659Z] File: /home/ubuntu/viaoceanica-ai/client/src/components/ui/card.tsx:7:4
[2026-04-18T15:17:33.660Z] 1  |  import { jsxDEV } from "react/jsx-dev-runtime";
[2026-04-18T15:17:33.660Z] |                          ^
[2026-04-18T15:17:33.660Z] 2  |  import { cn } from "@/lib/utils";
[2026-04-18T15:17:33.660Z] 3  |  function Card({ className, ...props }) {
[2026-04-18T15:17:33.660Z] 11:17:33 AM [vite] (client) Pre-transform error: Failed to resolve import "react/jsx-dev-runtime" from "client/src/components/ui/input.tsx". Does the file exist?
[2026-04-18T15:17:33.661Z] Plugin: vite:import-analysis
[2026-04-18T15:17:33.661Z] File: /home/ubuntu/viaoceanica-ai/client/src/components/ui/input.tsx:53:4
[2026-04-18T15:17:33.661Z] 1  |  import { jsxDEV } from "react/jsx-dev-runtime";
[2026-04-18T15:17:33.661Z] |                          ^
[2026-04-18T15:17:33.661Z] 2  |  var _s = $RefreshSig$();
[2026-04-18T15:17:33.661Z] 3  |  import { useDialogComposition } from "@/components/ui/dialog";
[2026-04-18T15:17:33.661Z] 11:17:33 AM [vite] (client) Pre-transform error: Failed to resolve import "react/jsx-dev-runtime" from "client/src/components/ui/input.tsx". Does the file exist?
[2026-04-18T15:17:33.662Z] Plugin: vite:import-analysis
[2026-04-18T15:17:33.662Z] File: /home/ubuntu/viaoceanica-ai/client/src/components/ui/input.tsx:53:4
[2026-04-18T15:17:33.662Z] 1  |  import { jsxDEV } from "react/jsx-dev-runtime";
[2026-04-18T15:17:33.662Z] |                          ^
[2026-04-18T15:17:33.662Z] 2  |  var _s = $RefreshSig$();
[2026-04-18T15:17:33.662Z] 3  |  import { useDialogComposition } from "@/components/ui/dialog";
[2026-04-18T15:17:33.663Z] 11:17:33 AM [vite] (client) Pre-transform error: Failed to resolve import "react/jsx-dev-runtime" from "client/src/components/ui/input.tsx". Does the file exist?
[2026-04-18T15:17:33.663Z] Plugin: vite:import-analysis
[2026-04-18T15:17:33.663Z] File: /home/ubuntu/viaoceanica-ai/client/src/components/ui/input.tsx:53:4
[2026-04-18T15:17:33.663Z] 1  |  import { jsxDEV } from "react/jsx-dev-runtime";
[2026-04-18T15:17:33.663Z] |                          ^
[2026-04-18T15:17:33.664Z] 2  |  var _s = $RefreshSig$();
[2026-04-18T15:17:33.664Z] 3  |  import { useDialogComposition } from "@/components/ui/dialog";
[2026-04-18T15:17:33.664Z] 11:17:33 AM [vite] (client) Pre-transform error: Failed to resolve import "react/jsx-dev-runtime" from "client/src/components/ui/input.tsx". Does the file exist?
[2026-04-18T15:17:33.664Z] Plugin: vite:import-analysis
[2026-04-18T15:17:33.665Z] File: /home/ubuntu/viaoceanica-ai/client/src/components/ui/input.tsx:53:4
[2026-04-18T15:17:33.665Z] 1  |  import { jsxDEV } from "react/jsx-dev-runtime";
[2026-04-18T15:17:33.665Z] |                          ^
[2026-04-18T15:17:33.665Z] 2  |  var _s = $RefreshSig$();
[2026-04-18T15:17:33.665Z] 3  |  import { useDialogComposition } from "@/components/ui/dialog";
[2026-04-18T15:17:33.665Z] 11:17:33 AM [vite] (client) Pre-transform error: Failed to resolve import "react/jsx-dev-runtime" from "client/src/components/ui/input.tsx". Does the file exist?
[2026-04-18T15:17:33.666Z] Plugin: vite:import-analysis
[2026-04-18T15:17:33.666Z] File: /home/ubuntu/viaoceanica-ai/client/src/components/ui/input.tsx:53:4
[2026-04-18T15:17:33.666Z] 1  |  import { jsxDEV } from "react/jsx-dev-runtime";
[2026-04-18T15:17:33.666Z] |                          ^
[2026-04-18T15:17:33.666Z] 2  |  var _s = $RefreshSig$();
[2026-04-18T15:17:33.667Z] 3  |  import { useDialogComposition } from "@/components/ui/dialog";
[2026-04-18T15:17:33.667Z] 11:17:33 AM [vite] (client) Pre-transform error: Failed to resolve import "react/jsx-dev-runtime" from "client/src/components/ui/input.tsx". Does the file exist?
[2026-04-18T15:17:33.667Z] Plugin: vite:import-analysis
[2026-04-18T15:17:33.667Z] File: /home/ubuntu/viaoceanica-ai/client/src/components/ui/input.tsx:53:4
[2026-04-18T15:17:33.667Z] 1  |  import { jsxDEV } from "react/jsx-dev-runtime";
[2026-04-18T15:17:33.667Z] |                          ^
[2026-04-18T15:17:33.668Z] 2  |  var _s = $RefreshSig$();
[2026-04-18T15:17:33.668Z] 3  |  import { useDialogComposition } from "@/components/ui/dialog";
[2026-04-18T15:17:33.668Z] 11:17:33 AM [vite] (client) Pre-transform error: Failed to resolve import "react/jsx-dev-runtime" from "client/src/components/ui/input.tsx". Does the file exist?
[2026-04-18T15:17:33.668Z] Plugin: vite:import-analysis
[2026-04-18T15:17:33.668Z] File: /home/ubuntu/viaoceanica-ai/client/src/components/ui/input.tsx:53:4
[2026-04-18T15:17:33.669Z] 1  |  import { jsxDEV } from "react/jsx-dev-runtime";
[2026-04-18T15:17:33.669Z] |                          ^
[2026-04-18T15:17:33.669Z] 2  |  var _s = $RefreshSig$();
[2026-04-18T15:17:33.669Z] 3  |  import { useDialogComposition } from "@/components/ui/dialog";
[2026-04-18T15:17:33.669Z] 11:17:33 AM [vite] (client) Pre-transform error: Failed to resolve import "react/jsx-dev-runtime" from "client/src/components/ui/input.tsx". Does the file exist?
[2026-04-18T15:17:33.669Z] Plugin: vite:import-analysis
[2026-04-18T15:17:33.670Z] File: /home/ubuntu/viaoceanica-ai/client/src/components/ui/input.tsx:53:4
[2026-04-18T15:17:33.670Z] 1  |  import { jsxDEV } from "react/jsx-dev-runtime";
[2026-04-18T15:17:33.670Z] |                          ^
[2026-04-18T15:17:33.670Z] 2  |  var _s = $RefreshSig$();
[2026-04-18T15:17:33.670Z] 3  |  import { useDialogComposition } from "@/components/ui/dialog";
[2026-04-18T15:17:33.671Z] 11:17:33 AM [vite] (client) Pre-transform error: Failed to resolve import "react/jsx-dev-runtime" from "client/src/components/ui/input.tsx". Does the file exist?
[2026-04-18T15:17:33.671Z] Plugin: vite:import-analysis
[2026-04-18T15:17:33.671Z] File: /home/ubuntu/viaoceanica-ai/client/src/components/ui/input.tsx:53:4
[2026-04-18T15:17:33.671Z] 1  |  import { jsxDEV } from "react/jsx-dev-runtime";
[2026-04-18T15:17:33.671Z] |                          ^
[2026-04-18T15:17:33.672Z] 2  |  var _s = $RefreshSig$();
[2026-04-18T15:17:33.672Z] 3  |  import { useDialogComposition } from "@/components/ui/dialog";
[2026-04-18T15:17:33.672Z] 11:17:33 AM [vite] (client) Pre-transform error: Failed to resolve import "react/jsx-dev-runtime" from "client/src/components/ui/input.tsx". Does the file exist?
[2026-04-18T15:17:33.672Z] Plugin: vite:import-analysis
[2026-04-18T15:17:33.672Z] File: /home/ubuntu/viaoceanica-ai/client/src/components/ui/input.tsx:53:4
[2026-04-18T15:17:33.673Z] 1  |  import { jsxDEV } from "react/jsx-dev-runtime";
[2026-04-18T15:17:33.673Z] |                          ^
[2026-04-18T15:17:33.673Z] 2  |  var _s = $RefreshSig$();
[2026-04-18T15:17:33.673Z] 3  |  import { useDialogComposition } from "@/components/ui/dialog";
[2026-04-18T15:17:33.673Z] 11:17:33 AM [vite] (client) Pre-transform error: Failed to resolve import "react/jsx-dev-runtime" from "client/src/components/ui/input.tsx". Does the file exist?
[2026-04-18T15:17:33.674Z] Plugin: vite:import-analysis
[2026-04-18T15:17:33.674Z] File: /home/ubuntu/viaoceanica-ai/client/src/components/ui/input.tsx:53:4
[2026-04-18T15:17:33.674Z] 1  |  import { jsxDEV } from "react/jsx-dev-runtime";
[2026-04-18T15:17:33.674Z] |                          ^
[2026-04-18T15:17:33.674Z] 2  |  var _s = $RefreshSig$();
[2026-04-18T15:17:33.674Z] 3  |  import { useDialogComposition } from "@/components/ui/dialog";
[2026-04-18T15:17:33.674Z] 11:17:33 AM [vite] (client) Pre-transform error: Failed to resolve import "react/jsx-dev-runtime" from "client/src/components/ui/input.tsx". Does the file exist?
[2026-04-18T15:17:33.675Z] Plugin: vite:import-analysis
[2026-04-18T15:17:33.675Z] File: /home/ubuntu/viaoceanica-ai/client/src/components/ui/input.tsx:53:4
[2026-04-18T15:17:33.675Z] 1  |  import { jsxDEV } from "react/jsx-dev-runtime";
[2026-04-18T15:17:33.675Z] |                          ^
[2026-04-18T15:17:33.675Z] 2  |  var _s = $RefreshSig$();
[2026-04-18T15:17:33.675Z] 3  |  import { useDialogComposition } from "@/components/ui/dialog";
[2026-04-18T15:17:33.676Z] 11:17:33 AM [vite] (client) Pre-transform error: Failed to resolve import "react/jsx-dev-runtime" from "client/src/components/ui/input.tsx". Does the file exist?
[2026-04-18T15:17:33.676Z] Plugin: vite:import-analysis
[2026-04-18T15:17:33.676Z] File: /home/ubuntu/viaoceanica-ai/client/src/components/ui/input.tsx:53:4
[2026-04-18T15:17:33.676Z] 1  |  import { jsxDEV } from "react/jsx-dev-runtime";
[2026-04-18T15:17:33.676Z] |                          ^
[2026-04-18T15:17:33.677Z] 2  |  var _s = $RefreshSig$();
[2026-04-18T15:17:33.677Z] 3  |  import { useDialogComposition } from "@/components/ui/dialog";
[2026-04-18T15:17:33.677Z] 11:17:33 AM [vite] (client) Pre-transform error: Failed to resolve import "react/jsx-dev-runtime" from "client/src/components/ui/label.tsx". Does the file exist?
[2026-04-18T15:17:33.677Z] Plugin: vite:import-analysis
[2026-04-18T15:17:33.677Z] File: /home/ubuntu/viaoceanica-ai/client/src/components/ui/label.tsx:11:4
[2026-04-18T15:17:33.677Z] 1  |  import { jsxDEV } from "react/jsx-dev-runtime";
[2026-04-18T15:17:33.678Z] |                          ^
[2026-04-18T15:17:33.678Z] 2  |  import * as LabelPrimitive from "@radix-ui/react-label";
[2026-04-18T15:17:33.678Z] 3  |  import { cn } from "@/lib/utils";
[2026-04-18T15:17:33.678Z] 11:17:33 AM [vite] (client) Pre-transform error: Failed to resolve import "react/jsx-dev-runtime" from "client/src/components/ui/label.tsx". Does the file exist?
[2026-04-18T15:17:33.678Z] Plugin: vite:import-analysis
[2026-04-18T15:17:33.678Z] File: /home/ubuntu/viaoceanica-ai/client/src/components/ui/label.tsx:11:4
[2026-04-18T15:17:33.679Z] 1  |  import { jsxDEV } from "react/jsx-dev-runtime";
[2026-04-18T15:17:33.679Z] |                          ^
[2026-04-18T15:17:33.679Z] 2  |  import * as LabelPrimitive from "@radix-ui/react-label";
[2026-04-18T15:17:33.679Z] 3  |  import { cn } from "@/lib/utils";
[2026-04-18T15:17:33.679Z] 11:17:33 AM [vite] (client) Pre-transform error: Failed to resolve import "react/jsx-dev-runtime" from "client/src/components/ui/label.tsx". Does the file exist?
[2026-04-18T15:17:33.679Z] Plugin: vite:import-analysis
[2026-04-18T15:17:33.680Z] File: /home/ubuntu/viaoceanica-ai/client/src/components/ui/label.tsx:11:4
[2026-04-18T15:17:33.680Z] 1  |  import { jsxDEV } from "react/jsx-dev-runtime";
[2026-04-18T15:17:33.680Z] |                          ^
[2026-04-18T15:17:33.680Z] 2  |  import * as LabelPrimitive from "@radix-ui/react-label";
[2026-04-18T15:17:33.680Z] 3  |  import { cn } from "@/lib/utils";
[2026-04-18T15:17:33.680Z] 11:17:33 AM [vite] (client) Pre-transform error: Failed to resolve import "react/jsx-dev-runtime" from "client/src/components/ui/label.tsx". Does the file exist?
[2026-04-18T15:17:33.681Z] Plugin: vite:import-analysis
[2026-04-18T15:17:33.681Z] File: /home/ubuntu/viaoceanica-ai/client/src/components/ui/label.tsx:11:4
[2026-04-18T15:17:33.682Z] 1  |  import { jsxDEV } from "react/jsx-dev-runtime";
[2026-04-18T15:17:33.683Z] |                          ^
[2026-04-18T15:17:33.683Z] 2  |  import * as LabelPrimitive from "@radix-ui/react-label";
[2026-04-18T15:17:33.684Z] 3  |  import { cn } from "@/lib/utils";
[2026-04-18T15:17:33.687Z] 11:17:33 AM [vite] (client) Pre-transform error: Failed to resolve import "react/jsx-dev-runtime" from "client/src/components/ui/label.tsx". Does the file exist?
[2026-04-18T15:17:33.688Z] Plugin: vite:import-analysis
[2026-04-18T15:17:33.688Z] File: /home/ubuntu/viaoceanica-ai/client/src/components/ui/label.tsx:11:4
[2026-04-18T15:17:33.688Z] 1  |  import { jsxDEV } from "react/jsx-dev-runtime";
[2026-04-18T15:17:33.689Z] |                          ^
[2026-04-18T15:17:33.689Z] 2  |  import * as LabelPrimitive from "@radix-ui/react-label";
[2026-04-18T15:17:33.689Z] 3  |  import { cn } from "@/lib/utils";
[2026-04-18T15:17:33.689Z] 11:17:33 AM [vite] (client) Pre-transform error: Failed to resolve import "react/jsx-dev-runtime" from "client/src/components/ui/label.tsx". Does the file exist?
[2026-04-18T15:17:33.690Z] Plugin: vite:import-analysis
[2026-04-18T15:17:33.690Z] File: /home/ubuntu/viaoceanica-ai/client/src/components/ui/label.tsx:11:4
[2026-04-18T15:17:33.690Z] 1  |  import { jsxDEV } from "react/jsx-dev-runtime";
[2026-04-18T15:17:33.690Z] |                          ^
[2026-04-18T15:17:33.690Z] 2  |  import * as LabelPrimitive from "@radix-ui/react-label";
[2026-04-18T15:17:33.691Z] 3  |  import { cn } from "@/lib/utils";
[2026-04-18T15:17:33.691Z] 11:17:33 AM [vite] (client) Pre-transform error: Failed to resolve import "react/jsx-dev-runtime" from "client/src/components/ui/label.tsx". Does the file exist?
[2026-04-18T15:17:33.691Z] Plugin: vite:import-analysis
[2026-04-18T15:17:33.691Z] File: /home/ubuntu/viaoceanica-ai/client/src/components/ui/label.tsx:11:4
[2026-04-18T15:17:33.691Z] 1  |  import { jsxDEV } from "react/jsx-dev-runtime";
[2026-04-18T15:17:33.692Z] |                          ^
[2026-04-18T15:17:33.692Z] 2  |  import * as LabelPrimitive from "@radix-ui/react-label";
[2026-04-18T15:17:33.692Z] 3  |  import { cn } from "@/lib/utils";
[2026-04-18T15:17:33.692Z] 11:17:33 AM [vite] (client) Pre-transform error: Failed to resolve import "react/jsx-dev-runtime" from "client/src/components/ui/label.tsx". Does the file exist?
[2026-04-18T15:17:33.693Z] Plugin: vite:import-analysis
[2026-04-18T15:17:33.693Z] File: /home/ubuntu/viaoceanica-ai/client/src/components/ui/label.tsx:11:4
[2026-04-18T15:17:33.693Z] 1  |  import { jsxDEV } from "react/jsx-dev-runtime";
[2026-04-18T15:17:33.693Z] |                          ^
[2026-04-18T15:17:33.693Z] 2  |  import * as LabelPrimitive from "@radix-ui/react-label";
[2026-04-18T15:17:33.693Z] 3  |  import { cn } from "@/lib/utils";
[2026-04-18T15:17:33.694Z] 11:17:33 AM [vite] (client) Pre-transform error: Failed to resolve import "react/jsx-dev-runtime" from "client/src/components/ui/label.tsx". Does the file exist?
[2026-04-18T15:17:33.694Z] Plugin: vite:import-analysis
[2026-04-18T15:17:33.694Z] File: /home/ubuntu/viaoceanica-ai/client/src/components/ui/label.tsx:11:4
[2026-04-18T15:17:33.694Z] 1  |  import { jsxDEV } from "react/jsx-dev-runtime";
[2026-04-18T15:17:33.695Z] |                          ^
[2026-04-18T15:17:33.695Z] 2  |  import * as LabelPrimitive from "@radix-ui/react-label";
[2026-04-18T15:17:33.695Z] 3  |  import { cn } from "@/lib/utils";
[2026-04-18T15:17:33.695Z] 11:17:33 AM [vite] (client) Pre-transform error: Failed to resolve import "react/jsx-dev-runtime" from "client/src/components/ui/label.tsx". Does the file exist?
[2026-04-18T15:17:33.696Z] Plugin: vite:import-analysis
[2026-04-18T15:17:33.696Z] File: /home/ubuntu/viaoceanica-ai/client/src/components/ui/label.tsx:11:4
[2026-04-18T15:17:33.696Z] 1  |  import { jsxDEV } from "react/jsx-dev-runtime";
[2026-04-18T15:17:33.696Z] |                          ^
[2026-04-18T15:17:33.697Z] 2  |  import * as LabelPrimitive from "@radix-ui/react-label";
[2026-04-18T15:17:33.697Z] 3  |  import { cn } from "@/lib/utils";
[2026-04-18T15:17:33.697Z] 11:17:33 AM [vite] (client) Pre-transform error: Failed to resolve import "react/jsx-dev-runtime" from "client/src/components/ui/label.tsx". Does the file exist?
[2026-04-18T15:17:33.697Z] Plugin: vite:import-analysis
[2026-04-18T15:17:33.698Z] File: /home/ubuntu/viaoceanica-ai/client/src/components/ui/label.tsx:11:4
[2026-04-18T15:17:33.698Z] 1  |  import { jsxDEV } from "react/jsx-dev-runtime";
[2026-04-18T15:17:33.698Z] |                          ^
[2026-04-18T15:17:33.698Z] 2  |  import * as LabelPrimitive from "@radix-ui/react-label";
[2026-04-18T15:17:33.698Z] 3  |  import { cn } from "@/lib/utils";
[2026-04-18T15:17:33.699Z] 11:17:33 AM [vite] (client) Pre-transform error: Failed to resolve import "react/jsx-dev-runtime" from "client/src/components/ui/label.tsx". Does the file exist?
[2026-04-18T15:17:33.699Z] Plugin: vite:import-analysis
[2026-04-18T15:17:33.699Z] File: /home/ubuntu/viaoceanica-ai/client/src/components/ui/label.tsx:11:4
[2026-04-18T15:17:33.699Z] 1  |  import { jsxDEV } from "react/jsx-dev-runtime";
[2026-04-18T15:17:33.700Z] |                          ^
[2026-04-18T15:17:33.700Z] 2  |  import * as LabelPrimitive from "@radix-ui/react-label";
[2026-04-18T15:17:33.700Z] 3  |  import { cn } from "@/lib/utils";
[2026-04-18T15:17:33.700Z] 11:17:33 AM [vite] (client) Pre-transform error: Failed to resolve import "react/jsx-dev-runtime" from "client/src/components/ui/avatar.tsx". Does the file exist?
[2026-04-18T15:17:33.701Z] Plugin: vite:import-analysis
[2026-04-18T15:17:33.701Z] File: /home/ubuntu/viaoceanica-ai/client/src/components/ui/avatar.tsx:11:4
[2026-04-18T15:17:33.701Z] 1  |  import { jsxDEV } from "react/jsx-dev-runtime";
[2026-04-18T15:17:33.702Z] |                          ^
[2026-04-18T15:17:33.702Z] 2  |  import * as AvatarPrimitive from "@radix-ui/react-avatar";
[2026-04-18T15:17:33.702Z] 3  |  import { cn } from "@/lib/utils";
[2026-04-18T15:17:33.702Z] 11:17:33 AM [vite] (client) Pre-transform error: Failed to resolve import "react" from "client/src/_core/hooks/useAuth.ts". Does the file exist?
[2026-04-18T15:17:33.702Z] Plugin: vite:import-analysis
[2026-04-18T15:17:33.703Z] File: /home/ubuntu/viaoceanica-ai/client/src/_core/hooks/useAuth.ts:1:58
[2026-04-18T15:17:33.704Z] 1  |  import { useCallback, useEffect, useMemo, useState } from "react";
[2026-04-18T15:17:33.704Z] |                                                             ^
[2026-04-18T15:17:33.705Z] 2  |  export function useAuth() {
[2026-04-18T15:17:33.705Z] 3  |    const [user, setUser] = useState(null);
[2026-04-18T15:17:33.705Z] 11:17:33 AM [vite] (client) Pre-transform error: Failed to resolve import "react" from "client/src/_core/hooks/useAuth.ts". Does the file exist?
[2026-04-18T15:17:33.706Z] Plugin: vite:import-analysis
[2026-04-18T15:17:33.706Z] File: /home/ubuntu/viaoceanica-ai/client/src/_core/hooks/useAuth.ts:1:58
[2026-04-18T15:17:33.707Z] 1  |  import { useCallback, useEffect, useMemo, useState } from "react";
[2026-04-18T15:17:33.707Z] |                                                             ^
[2026-04-18T15:17:33.708Z] 2  |  export function useAuth() {
[2026-04-18T15:17:33.708Z] 3  |    const [user, setUser] = useState(null);
[2026-04-18T15:17:33.709Z] 11:17:33 AM [vite] (client) Pre-transform error: Failed to resolve import "react" from "client/src/_core/hooks/useAuth.ts". Does the file exist?
[2026-04-18T15:17:33.709Z] Plugin: vite:import-analysis
[2026-04-18T15:17:33.710Z] File: /home/ubuntu/viaoceanica-ai/client/src/_core/hooks/useAuth.ts:1:58
[2026-04-18T15:17:33.710Z] 1  |  import { useCallback, useEffect, useMemo, useState } from "react";
[2026-04-18T15:17:33.711Z] |                                                             ^
[2026-04-18T15:17:33.711Z] 2  |  export function useAuth() {
[2026-04-18T15:17:33.711Z] 3  |    const [user, setUser] = useState(null);
[2026-04-18T15:17:33.712Z] 11:17:33 AM [vite] (client) Pre-transform error: Failed to resolve import "react" from "client/src/_core/hooks/useAuth.ts". Does the file exist?
[2026-04-18T15:17:33.713Z] Plugin: vite:import-analysis
[2026-04-18T15:17:33.714Z] File: /home/ubuntu/viaoceanica-ai/client/src/_core/hooks/useAuth.ts:1:58
[2026-04-18T15:17:33.715Z] 1  |  import { useCallback, useEffect, useMemo, useState } from "react";
[2026-04-18T15:17:33.715Z] |                                                             ^
[2026-04-18T15:17:33.716Z] 2  |  export function useAuth() {
[2026-04-18T15:17:33.716Z] 3  |    const [user, setUser] = useState(null);
[2026-04-18T15:17:33.716Z] 11:17:33 AM [vite] (client) Pre-transform error: Failed to resolve import "react" from "client/src/_core/hooks/useAuth.ts". Does the file exist?
[2026-04-18T15:17:33.717Z] Plugin: vite:import-analysis
[2026-04-18T15:17:33.717Z] File: /home/ubuntu/viaoceanica-ai/client/src/_core/hooks/useAuth.ts:1:58
[2026-04-18T15:17:33.718Z] 1  |  import { useCallback, useEffect, useMemo, useState } from "react";
[2026-04-18T15:17:33.718Z] |                                                             ^
[2026-04-18T15:17:33.718Z] 2  |  export function useAuth() {
[2026-04-18T15:17:33.718Z] 3  |    const [user, setUser] = useState(null);
[2026-04-18T15:17:33.719Z] 11:17:33 AM [vite] (client) Pre-transform error: Failed to resolve import "react/jsx-dev-runtime" from "client/src/components/ui/button.tsx". Does the file exist?
[2026-04-18T15:17:33.719Z] Plugin: vite:import-analysis
[2026-04-18T15:17:33.719Z] File: /home/ubuntu/viaoceanica-ai/client/src/components/ui/button.tsx:52:4
[2026-04-18T15:17:33.719Z] 1  |  import { jsxDEV } from "react/jsx-dev-runtime";
[2026-04-18T15:17:33.720Z] |                          ^
[2026-04-18T15:17:33.720Z] 2  |  import { Slot } from "@radix-ui/react-slot";
[2026-04-18T15:17:33.720Z] 3  |  import { cva } from "class-variance-authority";
[2026-04-18T15:17:33.731Z] 11:17:33 AM [vite] (client) Pre-transform error: Failed to resolve import "clsx" from "client/src/lib/utils.ts". Does the file exist?
[2026-04-18T15:17:33.732Z] Plugin: vite:import-analysis
[2026-04-18T15:17:33.742Z] File: /home/ubuntu/viaoceanica-ai/client/src/lib/utils.ts:1:38
[2026-04-18T15:17:33.743Z] 1  |  import { clsx } from "clsx";
[2026-04-18T15:17:33.746Z] |                        ^
[2026-04-18T15:17:33.747Z] 2  |  import { twMerge } from "tailwind-merge";
[2026-04-18T15:17:33.747Z] 3  |  export function cn(...inputs) {
[2026-04-18T15:17:33.748Z] 11:17:33 AM [vite] (client) Pre-transform error: Failed to resolve import "react/jsx-dev-runtime" from "client/src/components/ui/card.tsx". Does the file exist?
[2026-04-18T15:17:33.748Z] Plugin: vite:import-analysis
[2026-04-18T15:17:33.749Z] File: /home/ubuntu/viaoceanica-ai/client/src/components/ui/card.tsx:7:4
[2026-04-18T15:17:33.749Z] 1  |  import { jsxDEV } from "react/jsx-dev-runtime";
[2026-04-18T15:17:33.749Z] |                          ^
[2026-04-18T15:17:33.749Z] 2  |  import { cn } from "@/lib/utils";
[2026-04-18T15:17:33.749Z] 3  |  function Card({ className, ...props }) {
[2026-04-18T15:17:33.749Z] 11:17:33 AM [vite] (client) Pre-transform error: Failed to resolve import "react/jsx-dev-runtime" from "client/src/components/ui/input.tsx". Does the file exist?
[2026-04-18T15:17:33.750Z] Plugin: vite:import-analysis
[2026-04-18T15:17:33.750Z] File: /home/ubuntu/viaoceanica-ai/client/src/components/ui/input.tsx:53:4
[2026-04-18T15:17:33.750Z] 1  |  import { jsxDEV } from "react/jsx-dev-runtime";
[2026-04-18T15:17:33.750Z] |                          ^
[2026-04-18T15:17:33.751Z] 2  |  var _s = $RefreshSig$();
[2026-04-18T15:17:33.751Z] 3  |  import { useDialogComposition } from "@/components/ui/dialog";
[2026-04-18T15:17:33.751Z] 11:17:33 AM [vite] (client) Pre-transform error: Failed to resolve import "react/jsx-dev-runtime" from "client/src/components/ui/label.tsx". Does the file exist?
[2026-04-18T15:17:33.751Z] Plugin: vite:import-analysis
[2026-04-18T15:17:33.752Z] File: /home/ubuntu/viaoceanica-ai/client/src/components/ui/label.tsx:11:4
[2026-04-18T15:17:33.752Z] 1  |  import { jsxDEV } from "react/jsx-dev-runtime";
[2026-04-18T15:17:33.752Z] |                          ^
[2026-04-18T15:17:33.752Z] 2  |  import * as LabelPrimitive from "@radix-ui/react-label";
[2026-04-18T15:17:33.752Z] 3  |  import { cn } from "@/lib/utils";
[2026-04-18T15:17:33.753Z] 11:17:33 AM [vite] (client) Pre-transform error: Failed to resolve import "react/jsx-dev-runtime" from "client/src/components/DashboardLayoutSkeleton.tsx". Does the file exist?
[2026-04-18T15:17:33.753Z] Plugin: vite:import-analysis
[2026-04-18T15:17:33.753Z] File: /home/ubuntu/viaoceanica-ai/client/src/components/DashboardLayoutSkeleton.tsx:10:10
[2026-04-18T15:17:33.753Z] 1  |  import { jsxDEV } from "react/jsx-dev-runtime";
[2026-04-18T15:17:33.753Z] |                          ^
[2026-04-18T15:17:33.754Z] 2  |  import { Skeleton } from "./ui/skeleton";
[2026-04-18T15:17:33.754Z] 3  |  export function DashboardLayoutSkeleton() {
[2026-04-18T15:17:33.754Z] 11:17:33 AM [vite] (client) Pre-transform error: Failed to resolve import "react/jsx-dev-runtime" from "client/src/components/ui/avatar.tsx". Does the file exist?
[2026-04-18T15:17:33.754Z] Plugin: vite:import-analysis
[2026-04-18T15:17:33.755Z] File: /home/ubuntu/viaoceanica-ai/client/src/components/ui/avatar.tsx:11:4
[2026-04-18T15:17:33.755Z] 1  |  import { jsxDEV } from "react/jsx-dev-runtime";
[2026-04-18T15:17:33.755Z] |                          ^
[2026-04-18T15:17:33.755Z] 2  |  import * as AvatarPrimitive from "@radix-ui/react-avatar";
[2026-04-18T15:17:33.755Z] 3  |  import { cn } from "@/lib/utils";
[2026-04-18T15:17:33.756Z] 11:17:33 AM [vite] (client) Pre-transform error: Failed to resolve import "react" from "client/src/_core/hooks/useAuth.ts". Does the file exist?
[2026-04-18T15:17:33.756Z] Plugin: vite:import-analysis
[2026-04-18T15:17:33.756Z] File: /home/ubuntu/viaoceanica-ai/client/src/_core/hooks/useAuth.ts:1:58
[2026-04-18T15:17:33.757Z] 1  |  import { useCallback, useEffect, useMemo, useState } from "react";
[2026-04-18T15:17:33.757Z] |                                                             ^
[2026-04-18T15:17:33.757Z] 2  |  export function useAuth() {
[2026-04-18T15:17:33.757Z] 3  |    const [user, setUser] = useState(null);
[2026-04-18T15:17:33.758Z] 11:17:33 AM [vite] (client) Pre-transform error: Failed to resolve import "react/jsx-dev-runtime" from "client/src/components/ui/dropdown-menu.tsx". Does the file exist?
[2026-04-18T15:17:33.758Z] Plugin: vite:import-analysis
[2026-04-18T15:17:33.758Z] File: /home/ubuntu/viaoceanica-ai/client/src/components/ui/dropdown-menu.tsx:10:9
[2026-04-18T15:17:33.759Z] 1  |  import { jsxDEV } from "react/jsx-dev-runtime";
[2026-04-18T15:17:33.759Z] |                          ^
[2026-04-18T15:17:33.759Z] 2  |  import * as DropdownMenuPrimitive from "@radix-ui/react-dropdown-menu";
[2026-04-18T15:17:33.759Z] 3  |  import { CheckIcon, ChevronRightIcon, CircleIcon } from "lucide-react";
[2026-04-18T15:17:33.760Z] 11:17:33 AM [vite] (client) Pre-transform error: Failed to resolve import "react" from "client/src/hooks/useApi.ts". Does the file exist?
[2026-04-18T15:17:33.760Z] Plugin: vite:import-analysis
[2026-04-18T15:17:33.760Z] File: /home/ubuntu/viaoceanica-ai/client/src/hooks/useApi.ts:12:57
[2026-04-18T15:17:33.761Z] 1  |  import { useState, useEffect, useCallback, useRef } from "react";
[2026-04-18T15:17:33.761Z] |                                                            ^
[2026-04-18T15:17:33.761Z] 2  |  async function apiFetch(path, init) {
[2026-04-18T15:17:33.762Z] 3  |    const res = await fetch(path, {
[2026-04-18T15:17:33.762Z] 11:17:33 AM [vite] (client) Pre-transform error: Failed to resolve import "react" from "client/src/hooks/useApi.ts". Does the file exist?
[2026-04-18T15:17:33.762Z] Plugin: vite:import-analysis
[2026-04-18T15:17:33.762Z] File: /home/ubuntu/viaoceanica-ai/client/src/hooks/useApi.ts:12:57
[2026-04-18T15:17:33.763Z] 1  |  import { useState, useEffect, useCallback, useRef } from "react";
[2026-04-18T15:17:33.763Z] |                                                            ^
[2026-04-18T15:17:33.763Z] 2  |  async function apiFetch(path, init) {
[2026-04-18T15:17:33.763Z] 3  |    const res = await fetch(path, {
[2026-04-18T15:17:33.763Z] 11:17:33 AM [vite] (client) Pre-transform error: Failed to resolve import "react" from "client/src/hooks/useApi.ts". Does the file exist?
[2026-04-18T15:17:33.764Z] Plugin: vite:import-analysis
[2026-04-18T15:17:33.764Z] File: /home/ubuntu/viaoceanica-ai/client/src/hooks/useApi.ts:12:57
[2026-04-18T15:17:33.764Z] 1  |  import { useState, useEffect, useCallback, useRef } from "react";
[2026-04-18T15:17:33.764Z] |                                                            ^
[2026-04-18T15:17:33.764Z] 2  |  async function apiFetch(path, init) {
[2026-04-18T15:17:33.765Z] 3  |    const res = await fetch(path, {
[2026-04-18T15:17:33.765Z] 11:17:33 AM [vite] (client) Pre-transform error: Failed to resolve import "react" from "client/src/hooks/useApi.ts". Does the file exist?
[2026-04-18T15:17:33.765Z] Plugin: vite:import-analysis
[2026-04-18T15:17:33.765Z] File: /home/ubuntu/viaoceanica-ai/client/src/hooks/useApi.ts:12:57
[2026-04-18T15:17:33.766Z] 1  |  import { useState, useEffect, useCallback, useRef } from "react";
[2026-04-18T15:17:33.766Z] |                                                            ^
[2026-04-18T15:17:33.766Z] 2  |  async function apiFetch(path, init) {
[2026-04-18T15:17:33.766Z] 3  |    const res = await fetch(path, {
[2026-04-18T15:17:33.766Z] 11:17:33 AM [vite] (client) Pre-transform error: Failed to resolve import "react" from "client/src/hooks/useApi.ts". Does the file exist?
[2026-04-18T15:17:33.766Z] Plugin: vite:import-analysis
[2026-04-18T15:17:33.767Z] File: /home/ubuntu/viaoceanica-ai/client/src/hooks/useApi.ts:12:57
[2026-04-18T15:17:33.767Z] 1  |  import { useState, useEffect, useCallback, useRef } from "react";
[2026-04-18T15:17:33.767Z] |                                                            ^
[2026-04-18T15:17:33.767Z] 2  |  async function apiFetch(path, init) {
[2026-04-18T15:17:33.767Z] 3  |    const res = await fetch(path, {
[2026-04-18T15:17:33.768Z] 11:17:33 AM [vite] (client) Pre-transform error: Failed to resolve import "react" from "client/src/hooks/useApi.ts". Does the file exist?
[2026-04-18T15:17:33.768Z] Plugin: vite:import-analysis
[2026-04-18T15:17:33.768Z] File: /home/ubuntu/viaoceanica-ai/client/src/hooks/useApi.ts:12:57
[2026-04-18T15:17:33.768Z] 1  |  import { useState, useEffect, useCallback, useRef } from "react";
[2026-04-18T15:17:33.769Z] |                                                            ^
[2026-04-18T15:17:33.769Z] 2  |  async function apiFetch(path, init) {
[2026-04-18T15:17:33.769Z] 3  |    const res = await fetch(path, {
[2026-04-18T15:17:33.769Z] 11:17:33 AM [vite] (client) Pre-transform error: Failed to resolve import "react" from "client/src/hooks/useApi.ts". Does the file exist?
[2026-04-18T15:17:33.769Z] Plugin: vite:import-analysis
[2026-04-18T15:17:33.770Z] File: /home/ubuntu/viaoceanica-ai/client/src/hooks/useApi.ts:12:57
[2026-04-18T15:17:33.770Z] 1  |  import { useState, useEffect, useCallback, useRef } from "react";
[2026-04-18T15:17:33.770Z] |                                                            ^
[2026-04-18T15:17:33.770Z] 2  |  async function apiFetch(path, init) {
[2026-04-18T15:17:33.770Z] 3  |    const res = await fetch(path, {
[2026-04-18T15:17:33.771Z] 11:17:33 AM [vite] (client) Pre-transform error: Failed to resolve import "react" from "client/src/hooks/useApi.ts". Does the file exist?
[2026-04-18T15:17:33.771Z] Plugin: vite:import-analysis
[2026-04-18T15:17:33.771Z] File: /home/ubuntu/viaoceanica-ai/client/src/hooks/useApi.ts:12:57
[2026-04-18T15:17:33.771Z] 1  |  import { useState, useEffect, useCallback, useRef } from "react";
[2026-04-18T15:17:33.771Z] |                                                            ^
[2026-04-18T15:17:33.771Z] 2  |  async function apiFetch(path, init) {
[2026-04-18T15:17:33.772Z] 3  |    const res = await fetch(path, {
[2026-04-18T15:17:33.772Z] 11:17:33 AM [vite] (client) Pre-transform error: Failed to resolve import "react" from "client/src/hooks/useApi.ts". Does the file exist?
[2026-04-18T15:17:33.772Z] Plugin: vite:import-analysis
[2026-04-18T15:17:33.772Z] File: /home/ubuntu/viaoceanica-ai/client/src/hooks/useApi.ts:12:57
[2026-04-18T15:17:33.772Z] 1  |  import { useState, useEffect, useCallback, useRef } from "react";
[2026-04-18T15:17:33.773Z] |                                                            ^
[2026-04-18T15:17:33.773Z] 2  |  async function apiFetch(path, init) {
[2026-04-18T15:17:33.773Z] 3  |    const res = await fetch(path, {
[2026-04-18T15:17:33.773Z] 11:17:33 AM [vite] (client) Pre-transform error: Failed to resolve import "react" from "client/src/hooks/useApi.ts". Does the file exist?
[2026-04-18T15:17:33.773Z] Plugin: vite:import-analysis
[2026-04-18T15:17:33.773Z] File: /home/ubuntu/viaoceanica-ai/client/src/hooks/useApi.ts:12:57
[2026-04-18T15:17:33.774Z] 1  |  import { useState, useEffect, useCallback, useRef } from "react";
[2026-04-18T15:17:33.774Z] |                                                            ^
[2026-04-18T15:17:33.774Z] 2  |  async function apiFetch(path, init) {
[2026-04-18T15:17:33.774Z] 3  |    const res = await fetch(path, {
[2026-04-18T15:17:33.774Z] 11:17:33 AM [vite] (client) Pre-transform error: Failed to resolve import "react/jsx-dev-runtime" from "client/src/components/ui/badge.tsx". Does the file exist?
[2026-04-18T15:17:33.774Z] Plugin: vite:import-analysis
[2026-04-18T15:17:33.774Z] File: /home/ubuntu/viaoceanica-ai/client/src/components/ui/badge.tsx:38:4
[2026-04-18T15:17:33.775Z] 1  |  import { jsxDEV } from "react/jsx-dev-runtime";
[2026-04-18T15:17:33.775Z] |                          ^
[2026-04-18T15:17:33.775Z] 2  |  import { Slot } from "@radix-ui/react-slot";
[2026-04-18T15:17:33.775Z] 3  |  import { cva } from "class-variance-authority";
[2026-04-18T15:17:33.775Z] 11:17:33 AM [vite] (client) Pre-transform error: Failed to resolve import "react/jsx-dev-runtime" from "client/src/components/ui/badge.tsx". Does the file exist?
[2026-04-18T15:17:33.775Z] Plugin: vite:import-analysis
[2026-04-18T15:17:33.775Z] File: /home/ubuntu/viaoceanica-ai/client/src/components/ui/badge.tsx:38:4
[2026-04-18T15:17:33.776Z] 1  |  import { jsxDEV } from "react/jsx-dev-runtime";
[2026-04-18T15:17:33.776Z] |                          ^
[2026-04-18T15:17:33.776Z] 2  |  import { Slot } from "@radix-ui/react-slot";
[2026-04-18T15:17:33.776Z] 3  |  import { cva } from "class-variance-authority";
[2026-04-18T15:17:33.776Z] 11:17:33 AM [vite] (client) Pre-transform error: Failed to resolve import "react/jsx-dev-runtime" from "client/src/components/ui/badge.tsx". Does the file exist?
[2026-04-18T15:17:33.776Z] Plugin: vite:import-analysis
[2026-04-18T15:17:33.777Z] File: /home/ubuntu/viaoceanica-ai/client/src/components/ui/badge.tsx:38:4
[2026-04-18T15:17:33.777Z] 1  |  import { jsxDEV } from "react/jsx-dev-runtime";
[2026-04-18T15:17:33.777Z] |                          ^
[2026-04-18T15:17:33.777Z] 2  |  import { Slot } from "@radix-ui/react-slot";
[2026-04-18T15:17:33.777Z] 3  |  import { cva } from "class-variance-authority";
[2026-04-18T15:17:33.778Z] 11:17:33 AM [vite] (client) Pre-transform error: Failed to resolve import "react/jsx-dev-runtime" from "client/src/components/ui/badge.tsx". Does the file exist?
[2026-04-18T15:17:33.778Z] Plugin: vite:import-analysis
[2026-04-18T15:17:33.778Z] File: /home/ubuntu/viaoceanica-ai/client/src/components/ui/badge.tsx:38:4
[2026-04-18T15:17:33.778Z] 1  |  import { jsxDEV } from "react/jsx-dev-runtime";
[2026-04-18T15:17:33.779Z] |                          ^
[2026-04-18T15:17:33.780Z] 2  |  import { Slot } from "@radix-ui/react-slot";
[2026-04-18T15:17:33.780Z] 3  |  import { cva } from "class-variance-authority";
[2026-04-18T15:17:33.780Z] 11:17:33 AM [vite] (client) Pre-transform error: Failed to resolve import "react/jsx-dev-runtime" from "client/src/components/ui/badge.tsx". Does the file exist?
[2026-04-18T15:17:33.780Z] Plugin: vite:import-analysis
[2026-04-18T15:17:33.781Z] File: /home/ubuntu/viaoceanica-ai/client/src/components/ui/badge.tsx:38:4
[2026-04-18T15:17:33.781Z] 1  |  import { jsxDEV } from "react/jsx-dev-runtime";
[2026-04-18T15:17:33.781Z] |                          ^
[2026-04-18T15:17:33.781Z] 2  |  import { Slot } from "@radix-ui/react-slot";
[2026-04-18T15:17:33.781Z] 3  |  import { cva } from "class-variance-authority";
[2026-04-18T15:17:33.782Z] 11:17:33 AM [vite] (client) Pre-transform error: Failed to resolve import "react/jsx-dev-runtime" from "client/src/components/ui/badge.tsx". Does the file exist?
[2026-04-18T15:17:33.782Z] Plugin: vite:import-analysis
[2026-04-18T15:17:33.782Z] File: /home/ubuntu/viaoceanica-ai/client/src/components/ui/badge.tsx:38:4
[2026-04-18T15:17:33.782Z] 1  |  import { jsxDEV } from "react/jsx-dev-runtime";
[2026-04-18T15:17:33.782Z] |                          ^
[2026-04-18T15:17:33.783Z] 2  |  import { Slot } from "@radix-ui/react-slot";
[2026-04-18T15:17:33.784Z] 3  |  import { cva } from "class-variance-authority";
[2026-04-18T15:17:33.785Z] 11:17:33 AM [vite] (client) Pre-transform error: Failed to resolve import "react/jsx-dev-runtime" from "client/src/components/ui/badge.tsx". Does the file exist?
[2026-04-18T15:17:33.785Z] Plugin: vite:import-analysis
[2026-04-18T15:17:33.785Z] File: /home/ubuntu/viaoceanica-ai/client/src/components/ui/badge.tsx:38:4
[2026-04-18T15:17:33.785Z] 1  |  import { jsxDEV } from "react/jsx-dev-runtime";
[2026-04-18T15:17:33.786Z] |                          ^
[2026-04-18T15:17:33.786Z] 2  |  import { Slot } from "@radix-ui/react-slot";
[2026-04-18T15:17:33.786Z] 3  |  import { cva } from "class-variance-authority";
[2026-04-18T15:17:33.786Z] 11:17:33 AM [vite] (client) Pre-transform error: Failed to resolve import "react/jsx-dev-runtime" from "client/src/components/ui/badge.tsx". Does the file exist?
[2026-04-18T15:17:33.786Z] Plugin: vite:import-analysis
[2026-04-18T15:17:33.787Z] File: /home/ubuntu/viaoceanica-ai/client/src/components/ui/badge.tsx:38:4
[2026-04-18T15:17:33.787Z] 1  |  import { jsxDEV } from "react/jsx-dev-runtime";
[2026-04-18T15:17:33.787Z] |                          ^
[2026-04-18T15:17:33.787Z] 2  |  import { Slot } from "@radix-ui/react-slot";
[2026-04-18T15:17:33.787Z] 3  |  import { cva } from "class-variance-authority";
[2026-04-18T15:17:33.787Z] 11:17:33 AM [vite] (client) Pre-transform error: Failed to resolve import "react/jsx-dev-runtime" from "client/src/components/ui/badge.tsx". Does the file exist?
[2026-04-18T15:17:33.788Z] Plugin: vite:import-analysis
[2026-04-18T15:17:33.788Z] File: /home/ubuntu/viaoceanica-ai/client/src/components/ui/badge.tsx:38:4
[2026-04-18T15:17:33.788Z] 1  |  import { jsxDEV } from "react/jsx-dev-runtime";
[2026-04-18T15:17:33.788Z] |                          ^
[2026-04-18T15:17:33.788Z] 2  |  import { Slot } from "@radix-ui/react-slot";
[2026-04-18T15:17:33.789Z] 3  |  import { cva } from "class-variance-authority";
[2026-04-18T15:17:33.789Z] 11:17:33 AM [vite] (client) Pre-transform error: Failed to resolve import "react/jsx-dev-runtime" from "client/src/components/ui/badge.tsx". Does the file exist?
[2026-04-18T15:17:33.789Z] Plugin: vite:import-analysis
[2026-04-18T15:17:33.789Z] File: /home/ubuntu/viaoceanica-ai/client/src/components/ui/badge.tsx:38:4
[2026-04-18T15:17:33.789Z] 1  |  import { jsxDEV } from "react/jsx-dev-runtime";
[2026-04-18T15:17:33.789Z] |                          ^
[2026-04-18T15:17:33.789Z] 2  |  import { Slot } from "@radix-ui/react-slot";
[2026-04-18T15:17:33.790Z] 3  |  import { cva } from "class-variance-authority";
[2026-04-18T15:17:33.790Z] 11:17:33 AM [vite] (client) Pre-transform error: Failed to resolve import "react/jsx-dev-runtime" from "client/src/components/ui/badge.tsx". Does the file exist?
[2026-04-18T15:17:33.790Z] Plugin: vite:import-analysis
[2026-04-18T15:17:33.790Z] File: /home/ubuntu/viaoceanica-ai/client/src/components/ui/badge.tsx:38:4
[2026-04-18T15:17:33.790Z] 1  |  import { jsxDEV } from "react/jsx-dev-runtime";
[2026-04-18T15:17:33.791Z] |                          ^
[2026-04-18T15:17:33.791Z] 2  |  import { Slot } from "@radix-ui/react-slot";
[2026-04-18T15:17:33.791Z] 3  |  import { cva } from "class-variance-authority";
[2026-04-18T15:17:33.791Z] 11:17:33 AM [vite] (client) Pre-transform error: Failed to resolve import "react/jsx-dev-runtime" from "client/src/components/ui/badge.tsx". Does the file exist?
[2026-04-18T15:17:33.791Z] Plugin: vite:import-analysis
[2026-04-18T15:17:33.791Z] File: /home/ubuntu/viaoceanica-ai/client/src/components/ui/badge.tsx:38:4
[2026-04-18T15:17:33.792Z] 1  |  import { jsxDEV } from "react/jsx-dev-runtime";
[2026-04-18T15:17:33.792Z] |                          ^
[2026-04-18T15:17:33.792Z] 2  |  import { Slot } from "@radix-ui/react-slot";
[2026-04-18T15:17:33.792Z] 3  |  import { cva } from "class-variance-authority";
[2026-04-18T15:17:33.792Z] 11:17:33 AM [vite] (client) Pre-transform error: Failed to resolve import "react/jsx-dev-runtime" from "client/src/components/ui/badge.tsx". Does the file exist?
[2026-04-18T15:17:33.792Z] Plugin: vite:import-analysis
[2026-04-18T15:17:33.793Z] File: /home/ubuntu/viaoceanica-ai/client/src/components/ui/badge.tsx:38:4
[2026-04-18T15:17:33.793Z] 1  |  import { jsxDEV } from "react/jsx-dev-runtime";
[2026-04-18T15:17:33.793Z] |                          ^
[2026-04-18T15:17:33.793Z] 2  |  import { Slot } from "@radix-ui/react-slot";
[2026-04-18T15:17:33.793Z] 3  |  import { cva } from "class-variance-authority";
[2026-04-18T15:17:33.793Z] 11:17:33 AM [vite] (client) Pre-transform error: Failed to resolve import "react/jsx-dev-runtime" from "client/src/components/ui/dropdown-menu.tsx". Does the file exist?
[2026-04-18T15:17:33.794Z] Plugin: vite:import-analysis
[2026-04-18T15:17:33.794Z] File: /home/ubuntu/viaoceanica-ai/client/src/components/ui/dropdown-menu.tsx:10:9
[2026-04-18T15:17:33.794Z] 1  |  import { jsxDEV } from "react/jsx-dev-runtime";
[2026-04-18T15:17:33.794Z] |                          ^
[2026-04-18T15:17:33.794Z] 2  |  import * as DropdownMenuPrimitive from "@radix-ui/react-dropdown-menu";
[2026-04-18T15:17:33.794Z] 3  |  import { CheckIcon, ChevronRightIcon, CircleIcon } from "lucide-react";
[2026-04-18T15:17:33.795Z] 11:17:33 AM [vite] (client) Pre-transform error: Failed to resolve import "react/jsx-dev-runtime" from "client/src/components/ui/collapsible.tsx". Does the file exist?
[2026-04-18T15:17:33.795Z] Plugin: vite:import-analysis
[2026-04-18T15:17:33.795Z] File: /home/ubuntu/viaoceanica-ai/client/src/components/ui/collapsible.tsx:6:9
[2026-04-18T15:17:33.795Z] 1  |  import { jsxDEV } from "react/jsx-dev-runtime";
[2026-04-18T15:17:33.795Z] |                          ^
[2026-04-18T15:17:33.796Z] 2  |  import * as CollapsiblePrimitive from "@radix-ui/react-collapsible";
[2026-04-18T15:17:33.796Z] 3  |  function Collapsible({
[2026-04-18T15:17:33.796Z] 11:17:33 AM [vite] (client) Pre-transform error: Failed to resolve import "react" from "client/src/hooks/useMobile.tsx". Does the file exist?
[2026-04-18T15:17:33.797Z] Plugin: vite:import-analysis
[2026-04-18T15:17:33.797Z] File: /home/ubuntu/viaoceanica-ai/client/src/hooks/useMobile.tsx:1:23
[2026-04-18T15:17:33.797Z] 1  |  var _s = $RefreshSig$();
[2026-04-18T15:17:33.797Z] 2  |  import * as React from "react";
[2026-04-18T15:17:33.797Z] |                          ^
[2026-04-18T15:17:33.798Z] 3  |  const MOBILE_BREAKPOINT = 768;
[2026-04-18T15:17:33.798Z] 4  |  export function useIsMobile() {
[2026-04-18T15:17:33.798Z] 11:17:33 AM [vite] (client) Pre-transform error: Failed to resolve import "react" from "client/src/hooks/useApi.ts". Does the file exist?
[2026-04-18T15:17:33.798Z] Plugin: vite:import-analysis
[2026-04-18T15:17:33.798Z] File: /home/ubuntu/viaoceanica-ai/client/src/hooks/useApi.ts:12:57
[2026-04-18T15:17:33.799Z] 1  |  import { useState, useEffect, useCallback, useRef } from "react";
[2026-04-18T15:17:33.799Z] |                                                            ^
[2026-04-18T15:17:33.799Z] 2  |  async function apiFetch(path, init) {
[2026-04-18T15:17:33.799Z] 3  |    const res = await fetch(path, {
[2026-04-18T15:17:33.799Z] 11:17:33 AM [vite] (client) Pre-transform error: Failed to resolve import "react/jsx-dev-runtime" from "client/src/components/ui/badge.tsx". Does the file exist?
[2026-04-18T15:17:33.800Z] Plugin: vite:import-analysis
[2026-04-18T15:17:33.800Z] File: /home/ubuntu/viaoceanica-ai/client/src/components/ui/badge.tsx:38:4
[2026-04-18T15:17:33.800Z] 1  |  import { jsxDEV } from "react/jsx-dev-runtime";
[2026-04-18T15:17:33.800Z] |                          ^
[2026-04-18T15:17:33.800Z] 2  |  import { Slot } from "@radix-ui/react-slot";
[2026-04-18T15:17:33.800Z] 3  |  import { cva } from "class-variance-authority";
[2026-04-18T15:17:33.801Z] 11:17:33 AM [vite] (client) Pre-transform error: Failed to resolve import "react/jsx-dev-runtime" from "client/src/components/ui/dialog.tsx". Does the file exist?
[2026-04-18T15:17:33.801Z] Plugin: vite:import-analysis
[2026-04-18T15:17:33.801Z] File: /home/ubuntu/viaoceanica-ai/client/src/components/ui/dialog.tsx:51:6
[2026-04-18T15:17:33.801Z] 1  |  import { jsxDEV } from "react/jsx-dev-runtime";
[2026-04-18T15:17:33.801Z] |                          ^
[2026-04-18T15:17:33.801Z] 2  |  var _s = $RefreshSig$(), _s2 = $RefreshSig$(), _s3 = $RefreshSig$();
[2026-04-18T15:17:33.802Z] 3  |  import { cn } from "@/lib/utils";
[2026-04-18T15:17:33.802Z] 11:17:33 AM [vite] (client) Pre-transform error: Failed to resolve import "react/jsx-dev-runtime" from "client/src/components/ui/dialog.tsx". Does the file exist?
[2026-04-18T15:17:33.802Z] Plugin: vite:import-analysis
[2026-04-18T15:17:33.802Z] File: /home/ubuntu/viaoceanica-ai/client/src/components/ui/dialog.tsx:51:6
[2026-04-18T15:17:33.802Z] 1  |  import { jsxDEV } from "react/jsx-dev-runtime";
[2026-04-18T15:17:33.802Z] |                          ^
[2026-04-18T15:17:33.803Z] 2  |  var _s = $RefreshSig$(), _s2 = $RefreshSig$(), _s3 = $RefreshSig$();
[2026-04-18T15:17:33.803Z] 3  |  import { cn } from "@/lib/utils";
[2026-04-18T15:17:33.803Z] 11:17:33 AM [vite] (client) Pre-transform error: Failed to resolve import "react/jsx-dev-runtime" from "client/src/components/ui/dialog.tsx". Does the file exist?
[2026-04-18T15:17:33.803Z] Plugin: vite:import-analysis
[2026-04-18T15:17:33.803Z] File: /home/ubuntu/viaoceanica-ai/client/src/components/ui/dialog.tsx:51:6
[2026-04-18T15:17:33.804Z] 1  |  import { jsxDEV } from "react/jsx-dev-runtime";
[2026-04-18T15:17:33.804Z] |                          ^
[2026-04-18T15:17:33.804Z] 2  |  var _s = $RefreshSig$(), _s2 = $RefreshSig$(), _s3 = $RefreshSig$();
[2026-04-18T15:17:33.804Z] 3  |  import { cn } from "@/lib/utils";
[2026-04-18T15:17:33.805Z] 11:17:33 AM [vite] (client) Pre-transform error: Failed to resolve import "react/jsx-dev-runtime" from "client/src/components/ui/dialog.tsx". Does the file exist?
[2026-04-18T15:17:33.805Z] Plugin: vite:import-analysis
[2026-04-18T15:17:33.805Z] File: /home/ubuntu/viaoceanica-ai/client/src/components/ui/dialog.tsx:51:6
[2026-04-18T15:17:33.805Z] 1  |  import { jsxDEV } from "react/jsx-dev-runtime";
[2026-04-18T15:17:33.805Z] |                          ^
[2026-04-18T15:17:33.805Z] 2  |  var _s = $RefreshSig$(), _s2 = $RefreshSig$(), _s3 = $RefreshSig$();
[2026-04-18T15:17:33.806Z] 3  |  import { cn } from "@/lib/utils";
[2026-04-18T15:17:33.806Z] 11:17:33 AM [vite] (client) Pre-transform error: Failed to resolve import "react/jsx-dev-runtime" from "client/src/components/ui/dialog.tsx". Does the file exist?
[2026-04-18T15:17:33.806Z] Plugin: vite:import-analysis
[2026-04-18T15:17:33.806Z] File: /home/ubuntu/viaoceanica-ai/client/src/components/ui/dialog.tsx:51:6
[2026-04-18T15:17:33.806Z] 1  |  import { jsxDEV } from "react/jsx-dev-runtime";
[2026-04-18T15:17:33.807Z] |                          ^
[2026-04-18T15:17:33.807Z] 2  |  var _s = $RefreshSig$(), _s2 = $RefreshSig$(), _s3 = $RefreshSig$();
[2026-04-18T15:17:33.807Z] 3  |  import { cn } from "@/lib/utils";
[2026-04-18T15:17:33.807Z] 11:17:33 AM [vite] (client) Pre-transform error: Failed to resolve import "react/jsx-dev-runtime" from "client/src/components/ui/sidebar.tsx". Does the file exist?
[2026-04-18T15:17:33.807Z] Plugin: vite:import-analysis
[2026-04-18T15:17:33.807Z] File: /home/ubuntu/viaoceanica-ai/client/src/components/ui/sidebar.tsx:131:8
[2026-04-18T15:17:33.808Z] 1  |  "use client";
[2026-04-18T15:17:33.808Z] 2  |  import { jsxDEV } from "react/jsx-dev-runtime";
[2026-04-18T15:17:33.808Z] |                          ^
[2026-04-18T15:17:33.808Z] 3  |  var _s = $RefreshSig$(), _s2 = $RefreshSig$(), _s3 = $RefreshSig$(), _s4 = $RefreshSig$(), _s5 = $RefreshSig$(), _s6 ...
[2026-04-18T15:17:33.809Z] 4  |  import { Button } from "@/components/ui/button";
[2026-04-18T15:17:33.809Z] 11:17:33 AM [vite] (client) Pre-transform error: Failed to resolve import "react/jsx-dev-runtime" from "client/src/components/ui/dialog.tsx". Does the file exist?
[2026-04-18T15:17:33.809Z] Plugin: vite:import-analysis
[2026-04-18T15:17:33.809Z] File: /home/ubuntu/viaoceanica-ai/client/src/components/ui/dialog.tsx:51:6
[2026-04-18T15:17:33.809Z] 1  |  import { jsxDEV } from "react/jsx-dev-runtime";
[2026-04-18T15:17:33.810Z] |                          ^
[2026-04-18T15:17:33.810Z] 2  |  var _s = $RefreshSig$(), _s2 = $RefreshSig$(), _s3 = $RefreshSig$();
[2026-04-18T15:17:33.810Z] 3  |  import { cn } from "@/lib/utils";
[2026-04-18T15:17:33.810Z] 11:17:33 AM [vite] (client) Pre-transform error: Failed to resolve import "react/jsx-dev-runtime" from "client/src/components/ui/alert-dialog.tsx". Does the file exist?
[2026-04-18T15:17:33.810Z] Plugin: vite:import-analysis
[2026-04-18T15:17:33.811Z] File: /home/ubuntu/viaoceanica-ai/client/src/components/ui/alert-dialog.tsx:10:9
[2026-04-18T15:17:33.811Z] 1  |  import { jsxDEV } from "react/jsx-dev-runtime";
[2026-04-18T15:17:33.811Z] |                          ^
[2026-04-18T15:17:33.811Z] 2  |  import * as AlertDialogPrimitive from "@radix-ui/react-alert-dialog";
[2026-04-18T15:17:33.811Z] 3  |  import { cn } from "@/lib/utils";
[2026-04-18T15:17:33.812Z] 11:17:33 AM [vite] (client) Pre-transform error: Failed to resolve import "react/jsx-dev-runtime" from "client/src/components/ui/select.tsx". Does the file exist?
[2026-04-18T15:17:33.812Z] Plugin: vite:import-analysis
[2026-04-18T15:17:33.812Z] File: /home/ubuntu/viaoceanica-ai/client/src/components/ui/select.tsx:10:9
[2026-04-18T15:17:33.812Z] 1  |  import { jsxDEV } from "react/jsx-dev-runtime";
[2026-04-18T15:17:33.812Z] |                          ^
[2026-04-18T15:17:33.812Z] 2  |  import * as SelectPrimitive from "@radix-ui/react-select";
[2026-04-18T15:17:33.813Z] 3  |  import { CheckIcon, ChevronDownIcon, ChevronUpIcon } from "lucide-react";
[2026-04-18T15:17:33.813Z] 11:17:33 AM [vite] (client) Pre-transform error: Failed to resolve import "react/jsx-dev-runtime" from "client/src/components/ui/select.tsx". Does the file exist?
[2026-04-18T15:17:33.813Z] Plugin: vite:import-analysis
[2026-04-18T15:17:33.813Z] File: /home/ubuntu/viaoceanica-ai/client/src/components/ui/select.tsx:10:9
[2026-04-18T15:17:33.813Z] 1  |  import { jsxDEV } from "react/jsx-dev-runtime";
[2026-04-18T15:17:33.814Z] |                          ^
[2026-04-18T15:17:33.814Z] 2  |  import * as SelectPrimitive from "@radix-ui/react-select";
[2026-04-18T15:17:33.814Z] 3  |  import { CheckIcon, ChevronDownIcon, ChevronUpIcon } from "lucide-react";
[2026-04-18T15:17:33.814Z] 11:17:33 AM [vite] (client) Pre-transform error: Failed to resolve import "react/jsx-dev-runtime" from "client/src/components/ui/select.tsx". Does the file exist?
[2026-04-18T15:17:33.814Z] Plugin: vite:import-analysis
[2026-04-18T15:17:33.814Z] File: /home/ubuntu/viaoceanica-ai/client/src/components/ui/select.tsx:10:9
[2026-04-18T15:17:33.815Z] 1  |  import { jsxDEV } from "react/jsx-dev-runtime";
[2026-04-18T15:17:33.815Z] |                          ^
[2026-04-18T15:17:33.815Z] 2  |  import * as SelectPrimitive from "@radix-ui/react-select";
[2026-04-18T15:17:33.815Z] 3  |  import { CheckIcon, ChevronDownIcon, ChevronUpIcon } from "lucide-react";
[2026-04-18T15:17:33.815Z] 11:17:33 AM [vite] (client) Pre-transform error: Failed to resolve import "react/jsx-dev-runtime" from "client/src/components/ui/table.tsx". Does the file exist?
[2026-04-18T15:17:33.815Z] Plugin: vite:import-analysis
[2026-04-18T15:17:33.816Z] File: /home/ubuntu/viaoceanica-ai/client/src/components/ui/table.tsx:11:6
[2026-04-18T15:17:33.816Z] 1  |  import { jsxDEV } from "react/jsx-dev-runtime";
[2026-04-18T15:17:33.816Z] |                          ^
[2026-04-18T15:17:33.816Z] 2  |  import { cn } from "@/lib/utils";
[2026-04-18T15:17:33.816Z] 3  |  function Table({ className, ...props }) {
[2026-04-18T15:17:33.816Z] 11:17:33 AM [vite] (client) Pre-transform error: Failed to resolve import "react/jsx-dev-runtime" from "client/src/components/ui/table.tsx". Does the file exist?
[2026-04-18T15:17:33.817Z] Plugin: vite:import-analysis
[2026-04-18T15:17:33.817Z] File: /home/ubuntu/viaoceanica-ai/client/src/components/ui/table.tsx:11:6
[2026-04-18T15:17:33.817Z] 1  |  import { jsxDEV } from "react/jsx-dev-runtime";
[2026-04-18T15:17:33.817Z] |                          ^
[2026-04-18T15:17:33.817Z] 2  |  import { cn } from "@/lib/utils";
[2026-04-18T15:17:33.818Z] 3  |  function Table({ className, ...props }) {
[2026-04-18T15:17:33.818Z] 11:17:33 AM [vite] (client) Pre-transform error: Failed to resolve import "react/jsx-dev-runtime" from "client/src/components/ui/table.tsx". Does the file exist?
[2026-04-18T15:17:33.818Z] Plugin: vite:import-analysis
[2026-04-18T15:17:33.818Z] File: /home/ubuntu/viaoceanica-ai/client/src/components/ui/table.tsx:11:6
[2026-04-18T15:17:33.818Z] 1  |  import { jsxDEV } from "react/jsx-dev-runtime";
[2026-04-18T15:17:33.818Z] |                          ^
[2026-04-18T15:17:33.819Z] 2  |  import { cn } from "@/lib/utils";
[2026-04-18T15:17:33.819Z] 3  |  function Table({ className, ...props }) {
[2026-04-18T15:17:33.819Z] 11:17:33 AM [vite] (client) Pre-transform error: Failed to resolve import "react/jsx-dev-runtime" from "client/src/components/ui/table.tsx". Does the file exist?
[2026-04-18T15:17:33.819Z] Plugin: vite:import-analysis
[2026-04-18T15:17:33.819Z] File: /home/ubuntu/viaoceanica-ai/client/src/components/ui/table.tsx:11:6
[2026-04-18T15:17:33.819Z] 1  |  import { jsxDEV } from "react/jsx-dev-runtime";
[2026-04-18T15:17:33.820Z] |                          ^
[2026-04-18T15:17:33.820Z] 2  |  import { cn } from "@/lib/utils";
[2026-04-18T15:17:33.820Z] 3  |  function Table({ className, ...props }) {
[2026-04-18T15:17:33.820Z] 11:17:33 AM [vite] (client) Pre-transform error: Failed to resolve import "react/jsx-dev-runtime" from "client/src/components/ui/table.tsx". Does the file exist?
[2026-04-18T15:17:33.820Z] Plugin: vite:import-analysis
[2026-04-18T15:17:33.821Z] File: /home/ubuntu/viaoceanica-ai/client/src/components/ui/table.tsx:11:6
[2026-04-18T15:17:33.821Z] 1  |  import { jsxDEV } from "react/jsx-dev-runtime";
[2026-04-18T15:17:33.821Z] |                          ^
[2026-04-18T15:17:33.821Z] 2  |  import { cn } from "@/lib/utils";
[2026-04-18T15:17:33.821Z] 3  |  function Table({ className, ...props }) {
[2026-04-18T15:17:33.821Z] 11:17:33 AM [vite] (client) Pre-transform error: Failed to resolve import "react/jsx-dev-runtime" from "client/src/components/ui/skeleton.tsx". Does the file exist?
[2026-04-18T15:17:33.822Z] Plugin: vite:import-analysis
[2026-04-18T15:17:33.822Z] File: /home/ubuntu/viaoceanica-ai/client/src/components/ui/skeleton.tsx:5:4
[2026-04-18T15:17:33.822Z] 1  |  import { jsxDEV } from "react/jsx-dev-runtime";
[2026-04-18T15:17:33.822Z] |                          ^
[2026-04-18T15:17:33.822Z] 2  |  import { cn } from "@/lib/utils";
[2026-04-18T15:17:33.823Z] 3  |  function Skeleton({ className, ...props }) {
[2026-04-18T15:17:33.823Z] 11:17:33 AM [vite] (client) Pre-transform error: Failed to resolve import "react/jsx-dev-runtime" from "client/src/components/ui/skeleton.tsx". Does the file exist?
[2026-04-18T15:17:33.823Z] Plugin: vite:import-analysis
[2026-04-18T15:17:33.823Z] File: /home/ubuntu/viaoceanica-ai/client/src/components/ui/skeleton.tsx:5:4
[2026-04-18T15:17:33.823Z] 1  |  import { jsxDEV } from "react/jsx-dev-runtime";
[2026-04-18T15:17:33.823Z] |                          ^
[2026-04-18T15:17:33.824Z] 2  |  import { cn } from "@/lib/utils";
[2026-04-18T15:17:33.824Z] 3  |  function Skeleton({ className, ...props }) {
[2026-04-18T15:17:33.824Z] 11:17:33 AM [vite] (client) Pre-transform error: Failed to resolve import "react/jsx-dev-runtime" from "client/src/components/ui/skeleton.tsx". Does the file exist?
[2026-04-18T15:17:33.824Z] Plugin: vite:import-analysis
[2026-04-18T15:17:33.824Z] File: /home/ubuntu/viaoceanica-ai/client/src/components/ui/skeleton.tsx:5:4
[2026-04-18T15:17:33.824Z] 1  |  import { jsxDEV } from "react/jsx-dev-runtime";
[2026-04-18T15:17:33.825Z] |                          ^
[2026-04-18T15:17:33.825Z] 2  |  import { cn } from "@/lib/utils";
[2026-04-18T15:17:33.825Z] 3  |  function Skeleton({ className, ...props }) {
[2026-04-18T15:17:33.825Z] 11:17:33 AM [vite] (client) Pre-transform error: Failed to resolve import "react/jsx-dev-runtime" from "client/src/components/ui/skeleton.tsx". Does the file exist?
[2026-04-18T15:17:33.825Z] Plugin: vite:import-analysis
[2026-04-18T15:17:33.825Z] File: /home/ubuntu/viaoceanica-ai/client/src/components/ui/skeleton.tsx:5:4
[2026-04-18T15:17:33.826Z] 1  |  import { jsxDEV } from "react/jsx-dev-runtime";
[2026-04-18T15:17:33.826Z] |                          ^
[2026-04-18T15:17:33.826Z] 2  |  import { cn } from "@/lib/utils";
[2026-04-18T15:17:33.826Z] 3  |  function Skeleton({ className, ...props }) {
[2026-04-18T15:17:33.826Z] 11:17:33 AM [vite] (client) Pre-transform error: Failed to resolve import "react/jsx-dev-runtime" from "client/src/components/ui/skeleton.tsx". Does the file exist?
[2026-04-18T15:17:33.826Z] Plugin: vite:import-analysis
[2026-04-18T15:17:33.827Z] File: /home/ubuntu/viaoceanica-ai/client/src/components/ui/skeleton.tsx:5:4
[2026-04-18T15:17:33.827Z] 1  |  import { jsxDEV } from "react/jsx-dev-runtime";
[2026-04-18T15:17:33.827Z] |                          ^
[2026-04-18T15:17:33.827Z] 2  |  import { cn } from "@/lib/utils";
[2026-04-18T15:17:33.827Z] 3  |  function Skeleton({ className, ...props }) {
[2026-04-18T15:17:33.827Z] 11:17:33 AM [vite] (client) Pre-transform error: Failed to resolve import "react/jsx-dev-runtime" from "client/src/components/ui/skeleton.tsx". Does the file exist?
[2026-04-18T15:17:33.828Z] Plugin: vite:import-analysis
[2026-04-18T15:17:33.828Z] File: /home/ubuntu/viaoceanica-ai/client/src/components/ui/skeleton.tsx:5:4
[2026-04-18T15:17:33.828Z] 1  |  import { jsxDEV } from "react/jsx-dev-runtime";
[2026-04-18T15:17:33.828Z] |                          ^
[2026-04-18T15:17:33.828Z] 2  |  import { cn } from "@/lib/utils";
[2026-04-18T15:17:33.829Z] 3  |  function Skeleton({ className, ...props }) {
[2026-04-18T15:17:33.829Z] 11:17:33 AM [vite] (client) Pre-transform error: Failed to resolve import "react/jsx-dev-runtime" from "client/src/components/ui/skeleton.tsx". Does the file exist?
[2026-04-18T15:17:33.829Z] Plugin: vite:import-analysis
[2026-04-18T15:17:33.829Z] File: /home/ubuntu/viaoceanica-ai/client/src/components/ui/skeleton.tsx:5:4
[2026-04-18T15:17:33.829Z] 1  |  import { jsxDEV } from "react/jsx-dev-runtime";
[2026-04-18T15:17:33.829Z] |                          ^
[2026-04-18T15:17:33.830Z] 2  |  import { cn } from "@/lib/utils";
[2026-04-18T15:17:33.830Z] 3  |  function Skeleton({ className, ...props }) {
[2026-04-18T15:17:33.830Z] 11:17:33 AM [vite] (client) Pre-transform error: Failed to resolve import "react/jsx-dev-runtime" from "client/src/components/ui/skeleton.tsx". Does the file exist?
[2026-04-18T15:17:33.830Z] Plugin: vite:import-analysis
[2026-04-18T15:17:33.831Z] File: /home/ubuntu/viaoceanica-ai/client/src/components/ui/skeleton.tsx:5:4
[2026-04-18T15:17:33.831Z] 1  |  import { jsxDEV } from "react/jsx-dev-runtime";
[2026-04-18T15:17:33.831Z] |                          ^
[2026-04-18T15:17:33.831Z] 2  |  import { cn } from "@/lib/utils";
[2026-04-18T15:17:33.831Z] 3  |  function Skeleton({ className, ...props }) {
[2026-04-18T15:17:33.831Z] 11:17:33 AM [vite] (client) Pre-transform error: Failed to resolve import "react/jsx-dev-runtime" from "client/src/components/ui/skeleton.tsx". Does the file exist?
[2026-04-18T15:17:33.832Z] Plugin: vite:import-analysis
[2026-04-18T15:17:33.832Z] File: /home/ubuntu/viaoceanica-ai/client/src/components/ui/skeleton.tsx:5:4
[2026-04-18T15:17:33.832Z] 1  |  import { jsxDEV } from "react/jsx-dev-runtime";
[2026-04-18T15:17:33.832Z] |                          ^
[2026-04-18T15:17:33.832Z] 2  |  import { cn } from "@/lib/utils";
[2026-04-18T15:17:33.833Z] 3  |  function Skeleton({ className, ...props }) {
[2026-04-18T15:17:33.833Z] 11:17:33 AM [vite] (client) Pre-transform error: Failed to resolve import "react/jsx-dev-runtime" from "client/src/components/ui/skeleton.tsx". Does the file exist?
[2026-04-18T15:17:33.833Z] Plugin: vite:import-analysis
[2026-04-18T15:17:33.833Z] File: /home/ubuntu/viaoceanica-ai/client/src/components/ui/skeleton.tsx:5:4
[2026-04-18T15:17:33.833Z] 1  |  import { jsxDEV } from "react/jsx-dev-runtime";
[2026-04-18T15:17:33.834Z] |                          ^
[2026-04-18T15:17:33.834Z] 2  |  import { cn } from "@/lib/utils";
[2026-04-18T15:17:33.834Z] 3  |  function Skeleton({ className, ...props }) {
[2026-04-18T15:17:33.834Z] 11:17:33 AM [vite] (client) Pre-transform error: Failed to resolve import "react/jsx-dev-runtime" from "client/src/components/ui/skeleton.tsx". Does the file exist?
[2026-04-18T15:17:33.834Z] Plugin: vite:import-analysis
[2026-04-18T15:17:33.834Z] File: /home/ubuntu/viaoceanica-ai/client/src/components/ui/skeleton.tsx:5:4
[2026-04-18T15:17:33.835Z] 1  |  import { jsxDEV } from "react/jsx-dev-runtime";
[2026-04-18T15:17:33.835Z] |                          ^
[2026-04-18T15:17:33.835Z] 2  |  import { cn } from "@/lib/utils";
[2026-04-18T15:17:33.835Z] 3  |  function Skeleton({ className, ...props }) {
[2026-04-18T15:17:33.836Z] 11:17:33 AM [vite] (client) Pre-transform error: Failed to resolve import "react/jsx-dev-runtime" from "client/src/components/ui/skeleton.tsx". Does the file exist?
[2026-04-18T15:17:33.836Z] Plugin: vite:import-analysis
[2026-04-18T15:17:33.836Z] File: /home/ubuntu/viaoceanica-ai/client/src/components/ui/skeleton.tsx:5:4
[2026-04-18T15:17:33.836Z] 1  |  import { jsxDEV } from "react/jsx-dev-runtime";
[2026-04-18T15:17:33.836Z] |                          ^
[2026-04-18T15:17:33.837Z] 2  |  import { cn } from "@/lib/utils";
[2026-04-18T15:17:33.837Z] 3  |  function Skeleton({ className, ...props }) {
[2026-04-18T15:17:33.837Z] 11:17:33 AM [vite] (client) Pre-transform error: Failed to resolve import "react/jsx-dev-runtime" from "client/src/components/ui/skeleton.tsx". Does the file exist?
[2026-04-18T15:17:33.837Z] Plugin: vite:import-analysis
[2026-04-18T15:17:33.837Z] File: /home/ubuntu/viaoceanica-ai/client/src/components/ui/skeleton.tsx:5:4
[2026-04-18T15:17:33.837Z] 1  |  import { jsxDEV } from "react/jsx-dev-runtime";
[2026-04-18T15:17:33.838Z] |                          ^
[2026-04-18T15:17:33.838Z] 2  |  import { cn } from "@/lib/utils";
[2026-04-18T15:17:33.838Z] 3  |  function Skeleton({ className, ...props }) {
[2026-04-18T15:17:33.838Z] 11:17:33 AM [vite] (client) Pre-transform error: Failed to resolve import "react/jsx-dev-runtime" from "client/src/components/ui/skeleton.tsx". Does the file exist?
[2026-04-18T15:17:33.839Z] Plugin: vite:import-analysis
[2026-04-18T15:17:33.839Z] File: /home/ubuntu/viaoceanica-ai/client/src/components/ui/skeleton.tsx:5:4
[2026-04-18T15:17:33.839Z] 1  |  import { jsxDEV } from "react/jsx-dev-runtime";
[2026-04-18T15:17:33.839Z] |                          ^
[2026-04-18T15:17:33.839Z] 2  |  import { cn } from "@/lib/utils";
[2026-04-18T15:17:33.840Z] 3  |  function Skeleton({ className, ...props }) {
[2026-04-18T15:17:33.840Z] 11:17:33 AM [vite] (client) Pre-transform error: Failed to resolve import "react/jsx-dev-runtime" from "client/src/components/ui/skeleton.tsx". Does the file exist?
[2026-04-18T15:17:33.840Z] Plugin: vite:import-analysis
[2026-04-18T15:17:33.840Z] File: /home/ubuntu/viaoceanica-ai/client/src/components/ui/skeleton.tsx:5:4
[2026-04-18T15:17:33.840Z] 1  |  import { jsxDEV } from "react/jsx-dev-runtime";
[2026-04-18T15:17:33.840Z] |                          ^
[2026-04-18T15:17:33.841Z] 2  |  import { cn } from "@/lib/utils";
[2026-04-18T15:17:33.841Z] 3  |  function Skeleton({ className, ...props }) {
[2026-04-18T15:17:33.841Z] 11:17:33 AM [vite] (client) Pre-transform error: Failed to resolve import "react/jsx-dev-runtime" from "client/src/components/ui/separator.tsx". Does the file exist?
[2026-04-18T15:17:33.841Z] Plugin: vite:import-analysis
[2026-04-18T15:17:33.841Z] File: /home/ubuntu/viaoceanica-ai/client/src/components/ui/separator.tsx:13:4
[2026-04-18T15:17:33.841Z] 1  |  import { jsxDEV } from "react/jsx-dev-runtime";
[2026-04-18T15:17:33.842Z] |                          ^
[2026-04-18T15:17:33.842Z] 2  |  import * as SeparatorPrimitive from "@radix-ui/react-separator";
[2026-04-18T15:17:33.842Z] 3  |  import { cn } from "@/lib/utils";
[2026-04-18T15:17:33.842Z] 11:17:33 AM [vite] (client) Pre-transform error: Failed to resolve import "react/jsx-dev-runtime" from "client/src/components/ui/separator.tsx". Does the file exist?
[2026-04-18T15:17:33.842Z] Plugin: vite:import-analysis
[2026-04-18T15:17:33.842Z] File: /home/ubuntu/viaoceanica-ai/client/src/components/ui/separator.tsx:13:4
[2026-04-18T15:17:33.843Z] 1  |  import { jsxDEV } from "react/jsx-dev-runtime";
[2026-04-18T15:17:33.843Z] |                          ^
[2026-04-18T15:17:33.843Z] 2  |  import * as SeparatorPrimitive from "@radix-ui/react-separator";
[2026-04-18T15:17:33.843Z] 3  |  import { cn } from "@/lib/utils";
[2026-04-18T15:17:33.843Z] 11:17:33 AM [vite] (client) Pre-transform error: Failed to resolve import "react/jsx-dev-runtime" from "client/src/components/ui/separator.tsx". Does the file exist?
[2026-04-18T15:17:33.843Z] Plugin: vite:import-analysis
[2026-04-18T15:17:33.844Z] File: /home/ubuntu/viaoceanica-ai/client/src/components/ui/separator.tsx:13:4
[2026-04-18T15:17:33.844Z] 1  |  import { jsxDEV } from "react/jsx-dev-runtime";
[2026-04-18T15:17:33.844Z] |                          ^
[2026-04-18T15:17:33.844Z] 2  |  import * as SeparatorPrimitive from "@radix-ui/react-separator";
[2026-04-18T15:17:33.844Z] 3  |  import { cn } from "@/lib/utils";
[2026-04-18T15:17:33.845Z] 11:17:33 AM [vite] (client) Pre-transform error: Failed to resolve import "react/jsx-dev-runtime" from "client/src/components/ui/switch.tsx". Does the file exist?
[2026-04-18T15:17:33.845Z] Plugin: vite:import-analysis
[2026-04-18T15:17:33.845Z] File: /home/ubuntu/viaoceanica-ai/client/src/components/ui/switch.tsx:19:6
[2026-04-18T15:17:33.845Z] 1  |  import { jsxDEV } from "react/jsx-dev-runtime";
[2026-04-18T15:17:33.845Z] |                          ^
[2026-04-18T15:17:33.846Z] 2  |  import * as SwitchPrimitive from "@radix-ui/react-switch";
[2026-04-18T15:17:33.846Z] 3  |  import { cn } from "@/lib/utils";
[2026-04-18T15:17:33.846Z] 11:17:33 AM [vite] (client) Pre-transform error: Failed to resolve import "react/jsx-dev-runtime" from "client/src/components/ui/switch.tsx". Does the file exist?
[2026-04-18T15:17:33.846Z] Plugin: vite:import-analysis
[2026-04-18T15:17:33.846Z] File: /home/ubuntu/viaoceanica-ai/client/src/components/ui/switch.tsx:19:6
[2026-04-18T15:17:33.846Z] 1  |  import { jsxDEV } from "react/jsx-dev-runtime";
[2026-04-18T15:17:33.847Z] |                          ^
[2026-04-18T15:17:33.847Z] 2  |  import * as SwitchPrimitive from "@radix-ui/react-switch";
[2026-04-18T15:17:33.847Z] 3  |  import { cn } from "@/lib/utils";
[2026-04-18T15:17:33.847Z] 11:17:33 AM [vite] (client) Pre-transform error: Failed to resolve import "react/jsx-dev-runtime" from "client/src/components/ui/select.tsx". Does the file exist?
[2026-04-18T15:17:33.847Z] Plugin: vite:import-analysis
[2026-04-18T15:17:33.847Z] File: /home/ubuntu/viaoceanica-ai/client/src/components/ui/select.tsx:10:9
[2026-04-18T15:17:33.848Z] 1  |  import { jsxDEV } from "react/jsx-dev-runtime";
[2026-04-18T15:17:33.848Z] |                          ^
[2026-04-18T15:17:33.874Z] 2  |  import * as SelectPrimitive from "@radix-ui/react-select";
[2026-04-18T15:17:33.875Z] 3  |  import { CheckIcon, ChevronDownIcon, ChevronUpIcon } from "lucide-react";
[2026-04-18T15:17:33.876Z] 11:17:33 AM [vite] (client) Pre-transform error: Failed to resolve import "react/jsx-dev-runtime" from "client/src/components/ui/table.tsx". Does the file exist?
[2026-04-18T15:17:33.876Z] Plugin: vite:import-analysis
[2026-04-18T15:17:33.876Z] File: /home/ubuntu/viaoceanica-ai/client/src/components/ui/table.tsx:11:6
[2026-04-18T15:17:33.877Z] 1  |  import { jsxDEV } from "react/jsx-dev-runtime";
[2026-04-18T15:17:33.877Z] |                          ^
[2026-04-18T15:17:33.878Z] 2  |  import { cn } from "@/lib/utils";
[2026-04-18T15:17:33.878Z] 3  |  function Table({ className, ...props }) {
[2026-04-18T15:17:33.878Z] 11:17:33 AM [vite] (client) Pre-transform error: Failed to resolve import "react/jsx-dev-runtime" from "client/src/components/ui/skeleton.tsx". Does the file exist?
[2026-04-18T15:17:33.878Z] Plugin: vite:import-analysis
[2026-04-18T15:17:33.879Z] File: /home/ubuntu/viaoceanica-ai/client/src/components/ui/skeleton.tsx:5:4
[2026-04-18T15:17:33.879Z] 1  |  import { jsxDEV } from "react/jsx-dev-runtime";
[2026-04-18T15:17:33.880Z] |                          ^
[2026-04-18T15:17:33.880Z] 2  |  import { cn } from "@/lib/utils";
[2026-04-18T15:17:33.880Z] 3  |  function Skeleton({ className, ...props }) {
[2026-04-18T15:17:33.881Z] 11:17:33 AM [vite] (client) Pre-transform error: Failed to resolve import "react/jsx-dev-runtime" from "client/src/components/ui/separator.tsx". Does the file exist?
[2026-04-18T15:17:33.881Z] Plugin: vite:import-analysis
[2026-04-18T15:17:33.882Z] File: /home/ubuntu/viaoceanica-ai/client/src/components/ui/separator.tsx:13:4
[2026-04-18T15:17:33.883Z] 1  |  import { jsxDEV } from "react/jsx-dev-runtime";
[2026-04-18T15:17:33.884Z] |                          ^
[2026-04-18T15:17:33.884Z] 2  |  import * as SeparatorPrimitive from "@radix-ui/react-separator";
[2026-04-18T15:17:33.886Z] 3  |  import { cn } from "@/lib/utils";
[2026-04-18T15:17:33.887Z] 11:17:33 AM [vite] (client) Pre-transform error: Failed to resolve import "react/jsx-dev-runtime" from "client/src/components/ui/switch.tsx". Does the file exist?
[2026-04-18T15:17:33.888Z] Plugin: vite:import-analysis
[2026-04-18T15:17:33.888Z] File: /home/ubuntu/viaoceanica-ai/client/src/components/ui/switch.tsx:19:6
[2026-04-18T15:17:33.888Z] 1  |  import { jsxDEV } from "react/jsx-dev-runtime";
[2026-04-18T15:17:33.889Z] |                          ^
[2026-04-18T15:17:33.889Z] 2  |  import * as SwitchPrimitive from "@radix-ui/react-switch";
[2026-04-18T15:17:33.889Z] 3  |  import { cn } from "@/lib/utils";
[2026-04-18T15:17:33.890Z] 11:17:33 AM [vite] (client) Pre-transform error: Failed to resolve import "react/jsx-dev-runtime" from "client/src/components/ui/checkbox.tsx". Does the file exist?
[2026-04-18T15:17:33.890Z] Plugin: vite:import-analysis
[2026-04-18T15:17:33.890Z] File: /home/ubuntu/viaoceanica-ai/client/src/components/ui/checkbox.tsx:24:8
[2026-04-18T15:17:33.891Z] 1  |  import { jsxDEV } from "react/jsx-dev-runtime";
[2026-04-18T15:17:33.891Z] |                          ^
[2026-04-18T15:17:33.892Z] 2  |  import * as CheckboxPrimitive from "@radix-ui/react-checkbox";
[2026-04-18T15:17:33.892Z] 3  |  import { CheckIcon } from "lucide-react";
[2026-04-18T15:17:33.893Z] 11:17:33 AM [vite] (client) Pre-transform error: Failed to load PostCSS config (searchPath: /home/ubuntu/viaoceanica-ai/client): [SyntaxError] Expected double-quoted property name in JSON at position 1922 (line 49 column 1)
[2026-04-18T15:17:33.893Z] SyntaxError: Expected double-quoted property name in JSON at position 1922 (line 49 column 1)
[2026-04-18T15:17:33.893Z] at JSON.parse (<anonymous>)
[2026-04-18T15:17:33.894Z] at jsonLoader (/home/ubuntu/viaoceanica-ai/node_modules/.pnpm/vite@7.1.9_@types+node@24.7.0_jiti@2.6.1_lightningcss@1.30.1_tsx@4.20.6/node_modules/vite/dist/node/chunks/dep-Chhhsdoe.js:8141:42)
[2026-04-18T15:17:33.894Z] at Object.search (/home/ubuntu/viaoceanica-ai/node_modules/.pnpm/vite@7.1.9_@types+node@24.7.0_jiti@2.6.1_lightningcss@1.30.1_tsx@4.20.6/node_modules/vite/dist/node/chunks/dep-Chhhsdoe.js:8257:26)
[2026-04-18T15:17:33.894Z] Plugin: vite:css
[2026-04-18T15:17:33.894Z] File: /home/ubuntu/viaoceanica-ai/client/src/index.css
[2026-04-18T15:17:34.161Z] 11:17:34 AM [vite] (client) Pre-transform error: Failed to resolve import "react/jsx-dev-runtime" from "client/src/components/ui/textarea.tsx". Does the file exist?
[2026-04-18T15:17:34.162Z] Plugin: vite:import-analysis
[2026-04-18T15:17:34.162Z] File: /home/ubuntu/viaoceanica-ai/client/src/components/ui/textarea.tsx:53:4
[2026-04-18T15:17:34.162Z] 1  |  import { jsxDEV } from "react/jsx-dev-runtime";
[2026-04-18T15:17:34.163Z] |                          ^
[2026-04-18T15:17:34.163Z] 2  |  var _s = $RefreshSig$();
[2026-04-18T15:17:34.163Z] 3  |  import { useDialogComposition } from "@/components/ui/dialog";
[2026-04-18T15:17:34.163Z] 11:17:34 AM [vite] (client) Pre-transform error: Failed to resolve import "react/jsx-dev-runtime" from "client/src/components/ui/tabs.tsx". Does the file exist?
[2026-04-18T15:17:34.164Z] Plugin: vite:import-analysis
[2026-04-18T15:17:34.164Z] File: /home/ubuntu/viaoceanica-ai/client/src/components/ui/tabs.tsx:11:4
[2026-04-18T15:17:34.165Z] 1  |  import { jsxDEV } from "react/jsx-dev-runtime";
[2026-04-18T15:17:34.165Z] |                          ^
[2026-04-18T15:17:34.166Z] 2  |  import * as TabsPrimitive from "@radix-ui/react-tabs";
[2026-04-18T15:17:34.166Z] 3  |  import { cn } from "@/lib/utils";
[2026-04-18T15:17:34.166Z] 11:17:34 AM [vite] (client) Pre-transform error: Failed to resolve import "react/jsx-dev-runtime" from "client/src/components/ui/textarea.tsx". Does the file exist?
[2026-04-18T15:17:34.167Z] Plugin: vite:import-analysis
[2026-04-18T15:17:34.167Z] File: /home/ubuntu/viaoceanica-ai/client/src/components/ui/textarea.tsx:53:4
[2026-04-18T15:17:34.168Z] 1  |  import { jsxDEV } from "react/jsx-dev-runtime";
[2026-04-18T15:17:34.169Z] |                          ^
[2026-04-18T15:17:34.169Z] 2  |  var _s = $RefreshSig$();
[2026-04-18T15:17:34.169Z] 3  |  import { useDialogComposition } from "@/components/ui/dialog";
[2026-04-18T15:17:34.170Z] 11:17:34 AM [vite] (client) Pre-transform error: Failed to resolve import "react/jsx-dev-runtime" from "client/src/components/ui/tabs.tsx". Does the file exist?
[2026-04-18T15:17:34.170Z] Plugin: vite:import-analysis
[2026-04-18T15:17:34.171Z] File: /home/ubuntu/viaoceanica-ai/client/src/components/ui/tabs.tsx:11:4
[2026-04-18T15:17:34.171Z] 1  |  import { jsxDEV } from "react/jsx-dev-runtime";
[2026-04-18T15:17:34.171Z] |                          ^
[2026-04-18T15:17:34.172Z] 2  |  import * as TabsPrimitive from "@radix-ui/react-tabs";
[2026-04-18T15:17:34.172Z] 3  |  import { cn } from "@/lib/utils";
[2026-04-18T15:17:34.172Z] 11:17:34 AM [vite] (client) Pre-transform error: Failed to resolve import "react/jsx-dev-runtime" from "client/src/components/ui/chart.tsx". Does the file exist?
[2026-04-18T15:17:34.173Z] Plugin: vite:import-analysis
[2026-04-18T15:17:34.173Z] File: /home/ubuntu/viaoceanica-ai/client/src/components/ui/chart.tsx:61:8
[2026-04-18T15:17:34.174Z] 1  |  import { Fragment, jsxDEV } from "react/jsx-dev-runtime";
[2026-04-18T15:17:34.175Z] |                                    ^
[2026-04-18T15:17:34.175Z] 2  |  var _s = $RefreshSig$(), _s2 = $RefreshSig$(), _s3 = $RefreshSig$(), _s4 = $RefreshSig$();
[2026-04-18T15:17:34.176Z] 3  |  import * as React from "react";
[2026-04-18T15:17:34.176Z] 11:17:34 AM [vite] (client) Pre-transform error: Failed to resolve import "react/jsx-dev-runtime" from "client/src/components/ErrorBoundary.tsx". Does the file exist?
[2026-04-18T15:17:34.177Z] Plugin: vite:import-analysis
[2026-04-18T15:17:34.178Z] File: /home/ubuntu/viaoceanica-ai/client/src/components/ErrorBoundary.tsx:29:12
[2026-04-18T15:17:34.178Z] 1  |  import { jsxDEV } from "react/jsx-dev-runtime";
[2026-04-18T15:17:34.179Z] |                          ^
[2026-04-18T15:17:34.179Z] 2  |  import { cn } from "@/lib/utils";
[2026-04-18T15:17:34.180Z] 3  |  import { AlertTriangle, RotateCcw } from "lucide-react";
[2026-04-18T15:17:34.181Z] 11:17:34 AM [vite] (client) Pre-transform error: Failed to resolve import "react/jsx-dev-runtime" from "client/src/contexts/ThemeContext.tsx". Does the file exist?
[2026-04-18T15:17:34.181Z] Plugin: vite:import-analysis
[2026-04-18T15:17:34.182Z] File: /home/ubuntu/viaoceanica-ai/client/src/contexts/ThemeContext.tsx:52:4
[2026-04-18T15:17:34.182Z] 1  |  import { jsxDEV } from "react/jsx-dev-runtime";
[2026-04-18T15:17:34.183Z] |                          ^
[2026-04-18T15:17:34.183Z] 2  |  var _s = $RefreshSig$(), _s2 = $RefreshSig$();
[2026-04-18T15:17:34.184Z] 3  |  import { createContext, useContext, useEffect, useState } from "react";
[2026-04-18T15:17:34.203Z] 11:17:34 AM [vite] (client) Pre-transform error: Failed to resolve import "react/jsx-dev-runtime" from "client/src/components/DashboardLayout.tsx". Does the file exist?
[2026-04-18T15:17:34.203Z] Plugin: vite:import-analysis
[2026-04-18T15:17:34.204Z] File: /home/ubuntu/viaoceanica-ai/client/src/components/DashboardLayout.tsx:109:11
[2026-04-18T15:17:34.205Z] 1  |  import { Fragment, jsxDEV } from "react/jsx-dev-runtime";
[2026-04-18T15:17:34.205Z] |                                    ^
[2026-04-18T15:17:34.206Z] 2  |  var _s = $RefreshSig$(), _s2 = $RefreshSig$();
[2026-04-18T15:17:34.207Z] 3  |  import { useAuth } from "@/_core/hooks/useAuth";
[2026-04-18T15:17:34.208Z] 11:17:34 AM [vite] (client) Pre-transform error: Failed to resolve import "react/jsx-dev-runtime" from "client/src/pages/Home.tsx". Does the file exist?
[2026-04-18T15:17:34.208Z] Plugin: vite:import-analysis
[2026-04-18T15:17:34.209Z] File: /home/ubuntu/viaoceanica-ai/client/src/pages/Home.tsx:17:12
[2026-04-18T15:17:34.210Z] 1  |  import { Fragment, jsxDEV } from "react/jsx-dev-runtime";
[2026-04-18T15:17:34.211Z] |                                    ^
[2026-04-18T15:17:34.211Z] 2  |  var _s = $RefreshSig$();
[2026-04-18T15:17:34.211Z] 3  |  import { useAuth } from "@/_core/hooks/useAuth";
[2026-04-18T15:17:34.214Z] 11:17:34 AM [vite] (client) Pre-transform error: Failed to resolve import "react/jsx-dev-runtime" from "client/src/pages/Register.tsx". Does the file exist?
[2026-04-18T15:17:34.214Z] Plugin: vite:import-analysis
[2026-04-18T15:17:34.215Z] File: /home/ubuntu/viaoceanica-ai/client/src/pages/Register.tsx:75:12
[2026-04-18T15:17:34.215Z] 1  |  import { jsxDEV } from "react/jsx-dev-runtime";
[2026-04-18T15:17:34.215Z] |                          ^
[2026-04-18T15:17:34.215Z] 2  |  var _s = $RefreshSig$();
[2026-04-18T15:17:34.216Z] 3  |  import { Button } from "@/components/ui/button";
[2026-04-18T15:17:34.216Z] 11:17:34 AM [vite] (client) Pre-transform error: Failed to resolve import "react/jsx-dev-runtime" from "client/src/pages/Login.tsx". Does the file exist?
[2026-04-18T15:17:34.216Z] Plugin: vite:import-analysis
[2026-04-18T15:17:34.216Z] File: /home/ubuntu/viaoceanica-ai/client/src/pages/Login.tsx:55:12
[2026-04-18T15:17:34.216Z] 1  |  import { jsxDEV } from "react/jsx-dev-runtime";
[2026-04-18T15:17:34.217Z] |                          ^
[2026-04-18T15:17:34.217Z] 2  |  var _s = $RefreshSig$();
[2026-04-18T15:17:34.217Z] 3  |  import { Button } from "@/components/ui/button";
[2026-04-18T15:17:34.220Z] 11:17:34 AM [vite] (client) Pre-transform error: Failed to resolve import "react/jsx-dev-runtime" from "client/src/pages/ResetPassword.tsx". Does the file exist?
[2026-04-18T15:17:34.221Z] Plugin: vite:import-analysis
[2026-04-18T15:17:34.221Z] File: /home/ubuntu/viaoceanica-ai/client/src/pages/ResetPassword.tsx:99:10
[2026-04-18T15:17:34.221Z] 1  |  import { Fragment, jsxDEV } from "react/jsx-dev-runtime";
[2026-04-18T15:17:34.222Z] |                                    ^
[2026-04-18T15:17:34.222Z] 2  |  var _s = $RefreshSig$();
[2026-04-18T15:17:34.223Z] 3  |  import { Button } from "@/components/ui/button";
[2026-04-18T15:17:34.223Z] 11:17:34 AM [vite] (client) Pre-transform error: Failed to resolve import "react/jsx-dev-runtime" from "client/src/pages/Dashboard.tsx". Does the file exist?
[2026-04-18T15:17:34.224Z] Plugin: vite:import-analysis
[2026-04-18T15:17:34.224Z] File: /home/ubuntu/viaoceanica-ai/client/src/pages/Dashboard.tsx:37:8
[2026-04-18T15:17:34.224Z] 1  |  import { jsxDEV } from "react/jsx-dev-runtime";
[2026-04-18T15:17:34.225Z] |                          ^
[2026-04-18T15:17:34.225Z] 2  |  var _s = $RefreshSig$();
[2026-04-18T15:17:34.225Z] 3  |  import { useAuth } from "@/_core/hooks/useAuth";
[2026-04-18T15:17:34.236Z] 11:17:34 AM [vite] (client) Pre-transform error: Failed to resolve import "react/jsx-dev-runtime" from "client/src/pages/TeamManagement.tsx". Does the file exist?
[2026-04-18T15:17:34.237Z] Plugin: vite:import-analysis
[2026-04-18T15:17:34.237Z] File: /home/ubuntu/viaoceanica-ai/client/src/pages/TeamManagement.tsx:60:27
[2026-04-18T15:17:34.238Z] 1  |  import { jsxDEV } from "react/jsx-dev-runtime";
[2026-04-18T15:17:34.239Z] |                          ^
[2026-04-18T15:17:34.240Z] 2  |  var _s = $RefreshSig$();
[2026-04-18T15:17:34.240Z] 3  |  import { Card, CardContent, CardDescription, CardHeader, CardTitle } from "@/components/ui/card";
[2026-04-18T15:17:34.249Z] 11:17:34 AM [vite] (client) Pre-transform error: Failed to resolve import "react/jsx-dev-runtime" from "client/src/pages/Modules.tsx". Does the file exist?
[2026-04-18T15:17:34.250Z] Plugin: vite:import-analysis
[2026-04-18T15:17:34.250Z] File: /home/ubuntu/viaoceanica-ai/client/src/pages/Modules.tsx:128:8
[2026-04-18T15:17:34.250Z] 1  |  import { jsxDEV } from "react/jsx-dev-runtime";
[2026-04-18T15:17:34.251Z] |                          ^
[2026-04-18T15:17:34.251Z] 2  |  var _s = $RefreshSig$();
[2026-04-18T15:17:34.251Z] 3  |  import { Card, CardContent, CardDescription, CardHeader, CardTitle } from "@/components/ui/card";
[2026-04-18T15:17:34.261Z] 11:17:34 AM [vite] (client) Pre-transform error: Failed to resolve import "react/jsx-dev-runtime" from "client/src/pages/Tokens.tsx". Does the file exist?
[2026-04-18T15:17:34.262Z] Plugin: vite:import-analysis
[2026-04-18T15:17:34.262Z] File: /home/ubuntu/viaoceanica-ai/client/src/pages/Tokens.tsx:18:8
[2026-04-18T15:17:34.263Z] 1  |  import { jsxDEV } from "react/jsx-dev-runtime";
[2026-04-18T15:17:34.263Z] |                          ^
[2026-04-18T15:17:34.264Z] 2  |  var _s = $RefreshSig$();
[2026-04-18T15:17:34.264Z] 3  |  import { Card, CardContent, CardDescription, CardHeader, CardTitle } from "@/components/ui/card";
[2026-04-18T15:17:34.264Z] 11:17:34 AM [vite] (client) Pre-transform error: Failed to resolve import "react/jsx-dev-runtime" from "client/src/pages/CompanyProfile.tsx". Does the file exist?
[2026-04-18T15:17:34.264Z] Plugin: vite:import-analysis
[2026-04-18T15:17:34.264Z] File: /home/ubuntu/viaoceanica-ai/client/src/pages/CompanyProfile.tsx:53:8
[2026-04-18T15:17:34.265Z] 1  |  import { jsxDEV } from "react/jsx-dev-runtime";
[2026-04-18T15:17:34.265Z] |                          ^
[2026-04-18T15:17:34.265Z] 2  |  var _s = $RefreshSig$();
[2026-04-18T15:17:34.265Z] 3  |  import { Card, CardContent, CardDescription, CardHeader, CardTitle } from "@/components/ui/card";
[2026-04-18T15:17:34.269Z] 11:17:34 AM [vite] (client) Pre-transform error: Failed to resolve import "react/jsx-dev-runtime" from "client/src/pages/SettingsPage.tsx". Does the file exist?
[2026-04-18T15:17:34.270Z] Plugin: vite:import-analysis
[2026-04-18T15:17:34.271Z] File: /home/ubuntu/viaoceanica-ai/client/src/pages/SettingsPage.tsx:35:8
[2026-04-18T15:17:34.272Z] 1  |  import { jsxDEV } from "react/jsx-dev-runtime";
[2026-04-18T15:17:34.272Z] |                          ^
[2026-04-18T15:17:34.272Z] 2  |  var _s = $RefreshSig$();
[2026-04-18T15:17:34.273Z] 3  |  import { useAuth } from "@/_core/hooks/useAuth";
[2026-04-18T15:17:34.286Z] 11:17:34 AM [vite] (client) Pre-transform error: Failed to resolve import "react/jsx-dev-runtime" from "client/src/pages/UserProfile.tsx". Does the file exist?
[2026-04-18T15:17:34.286Z] Plugin: vite:import-analysis
[2026-04-18T15:17:34.287Z] File: /home/ubuntu/viaoceanica-ai/client/src/pages/UserProfile.tsx:48:15
[2026-04-18T15:17:34.287Z] 1  |  import { jsxDEV } from "react/jsx-dev-runtime";
[2026-04-18T15:17:34.288Z] |                          ^
[2026-04-18T15:17:34.288Z] 2  |  var _s = $RefreshSig$();
[2026-04-18T15:17:34.289Z] 3  |  import { Card, CardContent, CardDescription, CardHeader, CardTitle } from "@/components/ui/card";
[2026-04-18T15:17:34.289Z] 11:17:34 AM [vite] (client) Pre-transform error: Failed to resolve import "react/jsx-dev-runtime" from "client/src/pages/ModulePage.tsx". Does the file exist?
[2026-04-18T15:17:34.289Z] Plugin: vite:import-analysis
[2026-04-18T15:17:34.289Z] File: /home/ubuntu/viaoceanica-ai/client/src/pages/ModulePage.tsx:60:8
[2026-04-18T15:17:34.289Z] 1  |  import { jsxDEV } from "react/jsx-dev-runtime";
[2026-04-18T15:17:34.290Z] |                          ^
[2026-04-18T15:17:34.290Z] 2  |  var _s = $RefreshSig$();
[2026-04-18T15:17:34.290Z] 3  |  import { useLocation } from "wouter";
[2026-04-18T15:17:34.299Z] 11:17:34 AM [vite] (client) Pre-transform error: Failed to resolve import "react/jsx-dev-runtime" from "client/src/pages/Billing.tsx". Does the file exist?
[2026-04-18T15:17:34.299Z] Plugin: vite:import-analysis
[2026-04-18T15:17:34.300Z] File: /home/ubuntu/viaoceanica-ai/client/src/pages/Billing.tsx:150:8
[2026-04-18T15:17:34.300Z] 1  |  import { jsxDEV } from "react/jsx-dev-runtime";
[2026-04-18T15:17:34.300Z] |                          ^
[2026-04-18T15:17:34.301Z] 2  |  var _s = $RefreshSig$();
[2026-04-18T15:17:34.301Z] 3  |  import { Card, CardContent, CardDescription, CardHeader, CardTitle } from "@/components/ui/card";
[2026-04-18T15:17:34.301Z] 11:17:34 AM [vite] (client) Pre-transform error: Failed to resolve import "react/jsx-dev-runtime" from "client/src/pages/admin/AdminLogin.tsx". Does the file exist?
[2026-04-18T15:17:34.301Z] Plugin: vite:import-analysis
[2026-04-18T15:17:34.302Z] File: /home/ubuntu/viaoceanica-ai/client/src/pages/admin/AdminLogin.tsx:49:10
[2026-04-18T15:17:34.302Z] 1  |  import { jsxDEV } from "react/jsx-dev-runtime";
[2026-04-18T15:17:34.302Z] |                          ^
[2026-04-18T15:17:34.302Z] 2  |  var _s = $RefreshSig$();
[2026-04-18T15:17:34.303Z] 3  |  import { Button } from "@/components/ui/button";
[2026-04-18T15:17:34.313Z] 11:17:34 AM [vite] (client) Pre-transform error: Failed to resolve import "react/jsx-dev-runtime" from "client/src/pages/admin/AdminCompanies.tsx". Does the file exist?
[2026-04-18T15:17:34.314Z] Plugin: vite:import-analysis
[2026-04-18T15:17:34.315Z] File: /home/ubuntu/viaoceanica-ai/client/src/pages/admin/AdminCompanies.tsx:168:10
[2026-04-18T15:17:34.315Z] 1  |  import { jsxDEV } from "react/jsx-dev-runtime";
[2026-04-18T15:17:34.315Z] |                          ^
[2026-04-18T15:17:34.315Z] 2  |  var _s = $RefreshSig$();
[2026-04-18T15:17:34.316Z] 3  |  import { Card, CardContent, CardDescription, CardHeader, CardTitle } from "@/components/ui/card";
[2026-04-18T15:17:34.322Z] 11:17:34 AM [vite] (client) Pre-transform error: Failed to resolve import "react/jsx-dev-runtime" from "client/src/pages/admin/AdminTokens.tsx". Does the file exist?
[2026-04-18T15:17:34.323Z] Plugin: vite:import-analysis
[2026-04-18T15:17:34.323Z] File: /home/ubuntu/viaoceanica-ai/client/src/pages/admin/AdminTokens.tsx:19:8
[2026-04-18T15:17:34.323Z] 1  |  import { jsxDEV } from "react/jsx-dev-runtime";
[2026-04-18T15:17:34.324Z] |                          ^
[2026-04-18T15:17:34.324Z] 2  |  var _s = $RefreshSig$();
[2026-04-18T15:17:34.325Z] 3  |  import { Card, CardContent, CardDescription, CardHeader, CardTitle } from "@/components/ui/card";
[2026-04-18T15:17:34.325Z] 11:17:34 AM [vite] (client) Pre-transform error: Failed to resolve import "react/jsx-dev-runtime" from "client/src/pages/ForgotPassword.tsx". Does the file exist?
[2026-04-18T15:17:34.325Z] Plugin: vite:import-analysis
[2026-04-18T15:17:34.326Z] File: /home/ubuntu/viaoceanica-ai/client/src/pages/ForgotPassword.tsx:54:12
[2026-04-18T15:17:34.326Z] 1  |  import { Fragment, jsxDEV } from "react/jsx-dev-runtime";
[2026-04-18T15:17:34.326Z] |                                    ^
[2026-04-18T15:17:34.326Z] 2  |  var _s = $RefreshSig$();
[2026-04-18T15:17:34.327Z] 3  |  import { Button } from "@/components/ui/button";
[2026-04-18T15:17:34.356Z] 11:17:34 AM [vite] (client) Pre-transform error: Failed to resolve import "react/jsx-dev-runtime" from "client/src/pages/admin/AdminModules.tsx". Does the file exist?
[2026-04-18T15:17:34.356Z] Plugin: vite:import-analysis
[2026-04-18T15:17:34.357Z] File: /home/ubuntu/viaoceanica-ai/client/src/pages/admin/AdminModules.tsx:162:16
[2026-04-18T15:17:34.357Z] 1  |  import { Fragment, jsxDEV } from "react/jsx-dev-runtime";
[2026-04-18T15:17:34.357Z] |                                    ^
[2026-04-18T15:17:34.358Z] 2  |  var _s = $RefreshSig$(), _s2 = $RefreshSig$();
[2026-04-18T15:17:34.358Z] 3  |  import { Card, CardContent, CardDescription, CardHeader, CardTitle } from "@/components/ui/card";
[2026-04-18T15:17:34.366Z] 11:17:34 AM [vite] (client) Pre-transform error: Failed to resolve import "react/jsx-dev-runtime" from "client/src/pages/admin/AdminDashboard.tsx". Does the file exist?
[2026-04-18T15:17:34.367Z] Plugin: vite:import-analysis
[2026-04-18T15:17:34.369Z] File: /home/ubuntu/viaoceanica-ai/client/src/pages/admin/AdminDashboard.tsx:22:8
[2026-04-18T15:17:34.369Z] 1  |  import { jsxDEV } from "react/jsx-dev-runtime";
[2026-04-18T15:17:34.371Z] |                          ^
[2026-04-18T15:17:34.372Z] 2  |  var _s = $RefreshSig$();
[2026-04-18T15:17:34.372Z] 3  |  import { Card, CardContent, CardDescription, CardHeader, CardTitle } from "@/components/ui/card";
[2026-04-18T15:17:34.377Z] 11:17:34 AM [vite] (client) Pre-transform error: Failed to resolve import "react/jsx-dev-runtime" from "client/src/pages/admin/AdminPlans.tsx". Does the file exist?
[2026-04-18T15:17:34.378Z] Plugin: vite:import-analysis
[2026-04-18T15:17:34.379Z] File: /home/ubuntu/viaoceanica-ai/client/src/pages/admin/AdminPlans.tsx:146:10
[2026-04-18T15:17:34.379Z] 1  |  import { jsxDEV } from "react/jsx-dev-runtime";
[2026-04-18T15:17:34.379Z] |                          ^
[2026-04-18T15:17:34.379Z] 2  |  var _s = $RefreshSig$();
[2026-04-18T15:17:34.380Z] 3  |  import { Card, CardContent, CardDescription, CardHeader, CardTitle } from "@/components/ui/card";
[2026-04-18T15:17:34.394Z] 11:17:34 AM [vite] (client) Pre-transform error: Failed to resolve import "@trpc/react-query" from "client/src/lib/trpc.ts". Does the file exist?
[2026-04-18T15:17:34.395Z] Plugin: vite:import-analysis
[2026-04-18T15:17:34.396Z] File: /home/ubuntu/viaoceanica-ai/client/src/lib/trpc.ts:1:32
[2026-04-18T15:17:34.396Z] 1  |  import { createTRPCReact } from "@trpc/react-query";
[2026-04-18T15:17:34.396Z] |                                   ^
[2026-04-18T15:17:34.397Z] 2  |  export const trpc = createTRPCReact();
[2026-04-18T15:17:34.397Z] 3  |
[2026-04-18T15:17:34.398Z] 11:17:34 AM [vite] (client) Pre-transform error: Failed to resolve import "@trpc/react-query" from "client/src/lib/trpc.ts". Does the file exist?
[2026-04-18T15:17:34.398Z] Plugin: vite:import-analysis
[2026-04-18T15:17:34.398Z] File: /home/ubuntu/viaoceanica-ai/client/src/lib/trpc.ts:1:32
[2026-04-18T15:17:34.399Z] 1  |  import { createTRPCReact } from "@trpc/react-query";
[2026-04-18T15:17:34.400Z] |                                   ^
[2026-04-18T15:17:34.400Z] 2  |  export const trpc = createTRPCReact();
[2026-04-18T15:17:34.401Z] 3  |
[2026-04-18T15:17:34.402Z] 11:17:34 AM [vite] (client) Pre-transform error: Failed to resolve import "@trpc/react-query" from "client/src/lib/trpc.ts". Does the file exist?
[2026-04-18T15:17:34.402Z] Plugin: vite:import-analysis
[2026-04-18T15:17:34.402Z] File: /home/ubuntu/viaoceanica-ai/client/src/lib/trpc.ts:1:32
[2026-04-18T15:17:34.403Z] 1  |  import { createTRPCReact } from "@trpc/react-query";
[2026-04-18T15:17:34.404Z] |                                   ^
[2026-04-18T15:17:34.404Z] 2  |  export const trpc = createTRPCReact();
[2026-04-18T15:17:34.404Z] 3  |
[2026-04-18T15:17:34.404Z] 11:17:34 AM [vite] (client) Pre-transform error: Failed to resolve import "@trpc/react-query" from "client/src/lib/trpc.ts". Does the file exist?
[2026-04-18T15:17:34.404Z] Plugin: vite:import-analysis
[2026-04-18T15:17:34.405Z] File: /home/ubuntu/viaoceanica-ai/client/src/lib/trpc.ts:1:32
[2026-04-18T15:17:34.405Z] 1  |  import { createTRPCReact } from "@trpc/react-query";
[2026-04-18T15:17:34.405Z] |                                   ^
[2026-04-18T15:17:34.405Z] 2  |  export const trpc = createTRPCReact();
[2026-04-18T15:17:34.405Z] 3  |
[2026-04-18T15:17:34.406Z] 11:17:34 AM [vite] (client) Pre-transform error: Failed to resolve import "react/jsx-dev-runtime" from "client/src/pages/admin/AdminAIUsage.tsx". Does the file exist?
[2026-04-18T15:17:34.406Z] Plugin: vite:import-analysis
[2026-04-18T15:17:34.406Z] File: /home/ubuntu/viaoceanica-ai/client/src/pages/admin/AdminAIUsage.tsx:120:10
[2026-04-18T15:17:34.406Z] 1  |  import { jsxDEV } from "react/jsx-dev-runtime";
[2026-04-18T15:17:34.406Z] |                          ^
[2026-04-18T15:17:34.406Z] 2  |  var _s = $RefreshSig$();
[2026-04-18T15:17:34.407Z] 3  |  import { Card, CardContent, CardDescription, CardHeader, CardTitle } from "@/components/ui/card";
[2026-04-18T15:17:34.407Z] 11:17:34 AM [vite] (client) Pre-transform error: Failed to resolve import "@trpc/react-query" from "client/src/lib/trpc.ts". Does the file exist?
[2026-04-18T15:17:34.407Z] Plugin: vite:import-analysis
[2026-04-18T15:17:34.407Z] File: /home/ubuntu/viaoceanica-ai/client/src/lib/trpc.ts:1:32
[2026-04-18T15:17:34.408Z] 1  |  import { createTRPCReact } from "@trpc/react-query";
[2026-04-18T15:17:34.408Z] |                                   ^
[2026-04-18T15:17:34.408Z] 2  |  export const trpc = createTRPCReact();
[2026-04-18T15:17:34.408Z] 3  |
[2026-04-18T15:17:34.408Z] 11:17:34 AM [vite] (client) Pre-transform error: Failed to resolve import "react/jsx-dev-runtime" from "client/src/components/ui/tooltip.tsx". Does the file exist?
[2026-04-18T15:17:34.409Z] Plugin: vite:import-analysis
[2026-04-18T15:17:34.409Z] File: /home/ubuntu/viaoceanica-ai/client/src/components/ui/tooltip.tsx:11:4
[2026-04-18T15:17:34.409Z] 1  |  import { jsxDEV } from "react/jsx-dev-runtime";
[2026-04-18T15:17:34.409Z] |                          ^
[2026-04-18T15:17:34.409Z] 2  |  import * as TooltipPrimitive from "@radix-ui/react-tooltip";
[2026-04-18T15:17:34.409Z] 3  |  import { cn } from "@/lib/utils";
[2026-04-18T15:17:34.410Z] 11:17:34 AM [vite] (client) Pre-transform error: Failed to resolve import "react/jsx-dev-runtime" from "client/src/components/ui/sonner.tsx". Does the file exist?
[2026-04-18T15:17:34.410Z] Plugin: vite:import-analysis
[2026-04-18T15:17:34.410Z] File: /home/ubuntu/viaoceanica-ai/client/src/components/ui/sonner.tsx:8:4
[2026-04-18T15:17:34.410Z] 1  |  import { jsxDEV } from "react/jsx-dev-runtime";
[2026-04-18T15:17:34.411Z] |                          ^
[2026-04-18T15:17:34.411Z] 2  |  var _s = $RefreshSig$();
[2026-04-18T15:17:34.411Z] 3  |  import { useTheme } from "next-themes";
[2026-04-18T15:17:34.411Z] 11:17:34 AM [vite] (client) Pre-transform error: Failed to resolve import "react/jsx-dev-runtime" from "client/src/pages/admin/AdminBilling.tsx". Does the file exist?
[2026-04-18T15:17:34.411Z] Plugin: vite:import-analysis
[2026-04-18T15:17:34.412Z] File: /home/ubuntu/viaoceanica-ai/client/src/pages/admin/AdminBilling.tsx:19:8
[2026-04-18T15:17:34.412Z] 1  |  import { jsxDEV } from "react/jsx-dev-runtime";
[2026-04-18T15:17:34.412Z] |                          ^
[2026-04-18T15:17:34.412Z] 2  |  var _s = $RefreshSig$();
[2026-04-18T15:17:34.412Z] 3  |  import { Card, CardContent, CardDescription, CardHeader, CardTitle } from "@/components/ui/card";
[2026-04-18T15:17:34.412Z] 11:17:34 AM [vite] (client) Pre-transform error: Failed to resolve import "react/jsx-dev-runtime" from "client/src/components/ui/tooltip.tsx". Does the file exist?
[2026-04-18T15:17:34.413Z] Plugin: vite:import-analysis
[2026-04-18T15:17:34.413Z] File: /home/ubuntu/viaoceanica-ai/client/src/components/ui/tooltip.tsx:11:4
[2026-04-18T15:17:34.413Z] 1  |  import { jsxDEV } from "react/jsx-dev-runtime";
[2026-04-18T15:17:34.413Z] |                          ^
[2026-04-18T15:17:34.413Z] 2  |  import * as TooltipPrimitive from "@radix-ui/react-tooltip";
[2026-04-18T15:17:34.413Z] 3  |  import { cn } from "@/lib/utils";
[2026-04-18T15:17:34.414Z] 11:17:34 AM [vite] (client) Pre-transform error: Failed to resolve import "clsx" from "client/src/lib/utils.ts". Does the file exist?
[2026-04-18T15:17:34.415Z] Plugin: vite:import-analysis
[2026-04-18T15:17:34.415Z] File: /home/ubuntu/viaoceanica-ai/client/src/lib/utils.ts:1:38
[2026-04-18T15:17:34.415Z] 1  |  import { clsx } from "clsx";
[2026-04-18T15:17:34.415Z] |                        ^
[2026-04-18T15:17:34.415Z] 2  |  import { twMerge } from "tailwind-merge";
[2026-04-18T15:17:34.416Z] 3  |  export function cn(...inputs) {
[2026-04-18T15:17:34.416Z] 11:17:34 AM [vite] (client) Pre-transform error: Failed to resolve import "clsx" from "client/src/lib/utils.ts". Does the file exist?
[2026-04-18T15:17:34.416Z] Plugin: vite:import-analysis
[2026-04-18T15:17:34.416Z] File: /home/ubuntu/viaoceanica-ai/client/src/lib/utils.ts:1:38
[2026-04-18T15:17:34.416Z] 1  |  import { clsx } from "clsx";
[2026-04-18T15:17:34.416Z] |                        ^
[2026-04-18T15:17:34.417Z] 2  |  import { twMerge } from "tailwind-merge";
[2026-04-18T15:17:34.417Z] 3  |  export function cn(...inputs) {
[2026-04-18T15:17:34.417Z] 11:17:34 AM [vite] (client) Pre-transform error: Failed to resolve import "clsx" from "client/src/lib/utils.ts". Does the file exist?
[2026-04-18T15:17:34.417Z] Plugin: vite:import-analysis
[2026-04-18T15:17:34.417Z] File: /home/ubuntu/viaoceanica-ai/client/src/lib/utils.ts:1:38
[2026-04-18T15:17:34.418Z] 1  |  import { clsx } from "clsx";
[2026-04-18T15:17:34.418Z] |                        ^
[2026-04-18T15:17:34.418Z] 2  |  import { twMerge } from "tailwind-merge";
[2026-04-18T15:17:34.418Z] 3  |  export function cn(...inputs) {
[2026-04-18T15:17:34.418Z] 11:17:34 AM [vite] (client) Pre-transform error: Failed to resolve import "clsx" from "client/src/lib/utils.ts". Does the file exist?
[2026-04-18T15:17:34.418Z] Plugin: vite:import-analysis
[2026-04-18T15:17:34.418Z] File: /home/ubuntu/viaoceanica-ai/client/src/lib/utils.ts:1:38
[2026-04-18T15:17:34.419Z] 1  |  import { clsx } from "clsx";
[2026-04-18T15:17:34.419Z] |                        ^
[2026-04-18T15:17:34.419Z] 2  |  import { twMerge } from "tailwind-merge";
[2026-04-18T15:17:34.419Z] 3  |  export function cn(...inputs) {
[2026-04-18T15:17:34.419Z] 11:17:34 AM [vite] (client) Pre-transform error: Failed to resolve import "clsx" from "client/src/lib/utils.ts". Does the file exist?
[2026-04-18T15:17:34.419Z] Plugin: vite:import-analysis
[2026-04-18T15:17:34.420Z] File: /home/ubuntu/viaoceanica-ai/client/src/lib/utils.ts:1:38
[2026-04-18T15:17:34.420Z] 1  |  import { clsx } from "clsx";
[2026-04-18T15:17:34.420Z] |                        ^
[2026-04-18T15:17:34.420Z] 2  |  import { twMerge } from "tailwind-merge";
[2026-04-18T15:17:34.420Z] 3  |  export function cn(...inputs) {
[2026-04-18T15:17:34.421Z] 11:17:34 AM [vite] (client) Pre-transform error: Failed to resolve import "clsx" from "client/src/lib/utils.ts". Does the file exist?
[2026-04-18T15:17:34.421Z] Plugin: vite:import-analysis
[2026-04-18T15:17:34.421Z] File: /home/ubuntu/viaoceanica-ai/client/src/lib/utils.ts:1:38
[2026-04-18T15:17:34.421Z] 1  |  import { clsx } from "clsx";
[2026-04-18T15:17:34.421Z] |                        ^
[2026-04-18T15:17:34.421Z] 2  |  import { twMerge } from "tailwind-merge";
[2026-04-18T15:17:34.421Z] 3  |  export function cn(...inputs) {
[2026-04-18T15:17:34.422Z] 11:17:34 AM [vite] (client) Pre-transform error: Failed to resolve import "clsx" from "client/src/lib/utils.ts". Does the file exist?
[2026-04-18T15:17:34.422Z] Plugin: vite:import-analysis
[2026-04-18T15:17:34.422Z] File: /home/ubuntu/viaoceanica-ai/client/src/lib/utils.ts:1:38
[2026-04-18T15:17:34.422Z] 1  |  import { clsx } from "clsx";
[2026-04-18T15:17:34.422Z] |                        ^
[2026-04-18T15:17:34.423Z] 2  |  import { twMerge } from "tailwind-merge";
[2026-04-18T15:17:34.423Z] 3  |  export function cn(...inputs) {
[2026-04-18T15:17:34.423Z] 11:17:34 AM [vite] (client) Pre-transform error: Failed to resolve import "clsx" from "client/src/lib/utils.ts". Does the file exist?
[2026-04-18T15:17:34.423Z] Plugin: vite:import-analysis
[2026-04-18T15:17:34.423Z] File: /home/ubuntu/viaoceanica-ai/client/src/lib/utils.ts:1:38
[2026-04-18T15:17:34.423Z] 1  |  import { clsx } from "clsx";
[2026-04-18T15:17:34.424Z] |                        ^
[2026-04-18T15:17:34.424Z] 2  |  import { twMerge } from "tailwind-merge";
[2026-04-18T15:17:34.424Z] 3  |  export function cn(...inputs) {
[2026-04-18T15:17:34.424Z] 11:17:34 AM [vite] (client) Pre-transform error: Failed to resolve import "clsx" from "client/src/lib/utils.ts". Does the file exist?
[2026-04-18T15:17:34.424Z] Plugin: vite:import-analysis
[2026-04-18T15:17:34.424Z] File: /home/ubuntu/viaoceanica-ai/client/src/lib/utils.ts:1:38
[2026-04-18T15:17:34.425Z] 1  |  import { clsx } from "clsx";
[2026-04-18T15:17:34.425Z] |                        ^
[2026-04-18T15:17:34.425Z] 2  |  import { twMerge } from "tailwind-merge";
[2026-04-18T15:17:34.425Z] 3  |  export function cn(...inputs) {
[2026-04-18T15:17:34.425Z] 11:17:34 AM [vite] (client) Pre-transform error: Failed to resolve import "clsx" from "client/src/lib/utils.ts". Does the file exist?
[2026-04-18T15:17:34.425Z] Plugin: vite:import-analysis
[2026-04-18T15:17:34.426Z] File: /home/ubuntu/viaoceanica-ai/client/src/lib/utils.ts:1:38
[2026-04-18T15:17:34.426Z] 1  |  import { clsx } from "clsx";
[2026-04-18T15:17:34.426Z] |                        ^
[2026-04-18T15:17:34.426Z] 2  |  import { twMerge } from "tailwind-merge";
[2026-04-18T15:17:34.426Z] 3  |  export function cn(...inputs) {
[2026-04-18T15:17:34.427Z] 11:17:34 AM [vite] (client) Pre-transform error: Failed to resolve import "clsx" from "client/src/lib/utils.ts". Does the file exist?
[2026-04-18T15:17:34.427Z] Plugin: vite:import-analysis
[2026-04-18T15:17:34.427Z] File: /home/ubuntu/viaoceanica-ai/client/src/lib/utils.ts:1:38
[2026-04-18T15:17:34.427Z] 1  |  import { clsx } from "clsx";
[2026-04-18T15:17:34.427Z] |                        ^
[2026-04-18T15:17:34.427Z] 2  |  import { twMerge } from "tailwind-merge";
[2026-04-18T15:17:34.428Z] 3  |  export function cn(...inputs) {
[2026-04-18T15:17:34.428Z] 11:17:34 AM [vite] (client) Pre-transform error: Failed to resolve import "clsx" from "client/src/lib/utils.ts". Does the file exist?
[2026-04-18T15:17:34.428Z] Plugin: vite:import-analysis
[2026-04-18T15:17:34.428Z] File: /home/ubuntu/viaoceanica-ai/client/src/lib/utils.ts:1:38
[2026-04-18T15:17:34.429Z] 1  |  import { clsx } from "clsx";
[2026-04-18T15:17:34.429Z] |                        ^
[2026-04-18T15:17:34.429Z] 2  |  import { twMerge } from "tailwind-merge";
[2026-04-18T15:17:34.429Z] 3  |  export function cn(...inputs) {
[2026-04-18T15:17:34.429Z] 11:17:34 AM [vite] (client) Pre-transform error: Failed to resolve import "clsx" from "client/src/lib/utils.ts". Does the file exist?
[2026-04-18T15:17:34.429Z] Plugin: vite:import-analysis
[2026-04-18T15:17:34.430Z] File: /home/ubuntu/viaoceanica-ai/client/src/lib/utils.ts:1:38
[2026-04-18T15:17:34.430Z] 1  |  import { clsx } from "clsx";
[2026-04-18T15:17:34.430Z] |                        ^
[2026-04-18T15:17:34.430Z] 2  |  import { twMerge } from "tailwind-merge";
[2026-04-18T15:17:34.430Z] 3  |  export function cn(...inputs) {
[2026-04-18T15:17:34.430Z] 11:17:34 AM [vite] (client) Pre-transform error: Failed to resolve import "clsx" from "client/src/lib/utils.ts". Does the file exist?
[2026-04-18T15:17:34.430Z] Plugin: vite:import-analysis
[2026-04-18T15:17:34.431Z] File: /home/ubuntu/viaoceanica-ai/client/src/lib/utils.ts:1:38
[2026-04-18T15:17:34.431Z] 1  |  import { clsx } from "clsx";
[2026-04-18T15:17:34.431Z] |                        ^
[2026-04-18T15:17:34.431Z] 2  |  import { twMerge } from "tailwind-merge";
[2026-04-18T15:17:34.431Z] 3  |  export function cn(...inputs) {
[2026-04-18T15:17:34.432Z] 11:17:34 AM [vite] (client) Pre-transform error: Failed to resolve import "clsx" from "client/src/lib/utils.ts". Does the file exist?
[2026-04-18T15:17:34.432Z] Plugin: vite:import-analysis
[2026-04-18T15:17:34.432Z] File: /home/ubuntu/viaoceanica-ai/client/src/lib/utils.ts:1:38
[2026-04-18T15:17:34.432Z] 1  |  import { clsx } from "clsx";
[2026-04-18T15:17:34.432Z] |                        ^
[2026-04-18T15:17:34.433Z] 2  |  import { twMerge } from "tailwind-merge";
[2026-04-18T15:17:34.433Z] 3  |  export function cn(...inputs) {
[2026-04-18T15:17:34.433Z] 11:17:34 AM [vite] (client) Pre-transform error: Failed to resolve import "clsx" from "client/src/lib/utils.ts". Does the file exist?
[2026-04-18T15:17:34.433Z] Plugin: vite:import-analysis
[2026-04-18T15:17:34.434Z] File: /home/ubuntu/viaoceanica-ai/client/src/lib/utils.ts:1:38
[2026-04-18T15:17:34.434Z] 1  |  import { clsx } from "clsx";
[2026-04-18T15:17:34.434Z] |                        ^
[2026-04-18T15:17:34.434Z] 2  |  import { twMerge } from "tailwind-merge";
[2026-04-18T15:17:34.434Z] 3  |  export function cn(...inputs) {
[2026-04-18T15:17:34.435Z] 11:17:34 AM [vite] (client) Pre-transform error: Failed to resolve import "clsx" from "client/src/lib/utils.ts". Does the file exist?
[2026-04-18T15:17:34.435Z] Plugin: vite:import-analysis
[2026-04-18T15:17:34.435Z] File: /home/ubuntu/viaoceanica-ai/client/src/lib/utils.ts:1:38
[2026-04-18T15:17:34.435Z] 1  |  import { clsx } from "clsx";
[2026-04-18T15:17:34.435Z] |                        ^
[2026-04-18T15:17:34.436Z] 2  |  import { twMerge } from "tailwind-merge";
[2026-04-18T15:17:34.436Z] 3  |  export function cn(...inputs) {
[2026-04-18T15:17:34.436Z] 11:17:34 AM [vite] (client) Pre-transform error: Failed to resolve import "clsx" from "client/src/lib/utils.ts". Does the file exist?
[2026-04-18T15:17:34.436Z] Plugin: vite:import-analysis
[2026-04-18T15:17:34.436Z] File: /home/ubuntu/viaoceanica-ai/client/src/lib/utils.ts:1:38
[2026-04-18T15:17:34.437Z] 1  |  import { clsx } from "clsx";
[2026-04-18T15:17:34.437Z] |                        ^
[2026-04-18T15:17:34.437Z] 2  |  import { twMerge } from "tailwind-merge";
[2026-04-18T15:17:34.437Z] 3  |  export function cn(...inputs) {
[2026-04-18T15:17:34.438Z] 11:17:34 AM [vite] (client) Pre-transform error: Failed to resolve import "clsx" from "client/src/lib/utils.ts". Does the file exist?
[2026-04-18T15:17:34.438Z] Plugin: vite:import-analysis
[2026-04-18T15:17:34.439Z] File: /home/ubuntu/viaoceanica-ai/client/src/lib/utils.ts:1:38
[2026-04-18T15:17:34.439Z] 1  |  import { clsx } from "clsx";
[2026-04-18T15:17:34.440Z] |                        ^
[2026-04-18T15:17:34.440Z] 2  |  import { twMerge } from "tailwind-merge";
[2026-04-18T15:17:34.440Z] 3  |  export function cn(...inputs) {
[2026-04-18T15:17:34.441Z] 11:17:34 AM [vite] (client) Pre-transform error: Failed to resolve import "clsx" from "client/src/lib/utils.ts". Does the file exist?
[2026-04-18T15:17:34.441Z] Plugin: vite:import-analysis
[2026-04-18T15:17:34.441Z] File: /home/ubuntu/viaoceanica-ai/client/src/lib/utils.ts:1:38
[2026-04-18T15:17:34.441Z] 1  |  import { clsx } from "clsx";
[2026-04-18T15:17:34.442Z] |                        ^
[2026-04-18T15:17:34.442Z] 2  |  import { twMerge } from "tailwind-merge";
[2026-04-18T15:17:34.442Z] 3  |  export function cn(...inputs) {
[2026-04-18T15:17:34.443Z] 11:17:34 AM [vite] (client) Pre-transform error: Failed to resolve import "react" from "client/src/hooks/useComposition.ts". Does the file exist?
[2026-04-18T15:17:34.443Z] Plugin: vite:import-analysis
[2026-04-18T15:17:34.443Z] File: /home/ubuntu/viaoceanica-ai/client/src/hooks/useComposition.ts:1:23
[2026-04-18T15:17:34.443Z] 1  |  import { useRef } from "react";
[2026-04-18T15:17:34.444Z] |                          ^
[2026-04-18T15:17:34.444Z] 2  |  import { usePersistFn } from "./usePersistFn";
[2026-04-18T15:17:34.444Z] 3  |  export function useComposition(options = {}) {
[2026-04-18T15:17:34.444Z] 11:17:34 AM [vite] (client) Pre-transform error: Failed to resolve import "react/jsx-dev-runtime" from "client/src/components/ui/button.tsx". Does the file exist?
[2026-04-18T15:17:34.447Z] Plugin: vite:import-analysis
[2026-04-18T15:17:34.449Z] File: /home/ubuntu/viaoceanica-ai/client/src/components/ui/button.tsx:52:4
[2026-04-18T15:17:34.451Z] 1  |  import { jsxDEV } from "react/jsx-dev-runtime";
[2026-04-18T15:17:34.453Z] |                          ^
[2026-04-18T15:17:34.455Z] 2  |  import { Slot } from "@radix-ui/react-slot";
[2026-04-18T15:17:34.457Z] 3  |  import { cva } from "class-variance-authority";
[2026-04-18T15:17:34.459Z] 11:17:34 AM [vite] (client) Pre-transform error: Failed to resolve import "react/jsx-dev-runtime" from "client/src/components/ui/button.tsx". Does the file exist?
[2026-04-18T15:17:34.461Z] Plugin: vite:import-analysis
[2026-04-18T15:17:34.461Z] File: /home/ubuntu/viaoceanica-ai/client/src/components/ui/button.tsx:52:4
[2026-04-18T15:17:34.462Z] 1  |  import { jsxDEV } from "react/jsx-dev-runtime";
[2026-04-18T15:17:34.462Z] |                          ^
[2026-04-18T15:17:34.462Z] 2  |  import { Slot } from "@radix-ui/react-slot";
[2026-04-18T15:17:34.462Z] 3  |  import { cva } from "class-variance-authority";
[2026-04-18T15:17:34.463Z] 11:17:34 AM [vite] (client) Pre-transform error: Failed to resolve import "react/jsx-dev-runtime" from "client/src/components/ui/button.tsx". Does the file exist?
[2026-04-18T15:17:34.463Z] Plugin: vite:import-analysis
[2026-04-18T15:17:34.463Z] File: /home/ubuntu/viaoceanica-ai/client/src/components/ui/button.tsx:52:4
[2026-04-18T15:17:34.463Z] 1  |  import { jsxDEV } from "react/jsx-dev-runtime";
[2026-04-18T15:17:34.464Z] |                          ^
[2026-04-18T15:17:34.464Z] 2  |  import { Slot } from "@radix-ui/react-slot";
[2026-04-18T15:17:34.464Z] 3  |  import { cva } from "class-variance-authority";
[2026-04-18T15:17:34.464Z] 11:17:34 AM [vite] (client) Pre-transform error: Failed to resolve import "react/jsx-dev-runtime" from "client/src/components/ui/button.tsx". Does the file exist?
[2026-04-18T15:17:34.465Z] Plugin: vite:import-analysis
[2026-04-18T15:17:34.465Z] File: /home/ubuntu/viaoceanica-ai/client/src/components/ui/button.tsx:52:4
[2026-04-18T15:17:34.465Z] 1  |  import { jsxDEV } from "react/jsx-dev-runtime";
[2026-04-18T15:17:34.466Z] |                          ^
[2026-04-18T15:17:34.466Z] 2  |  import { Slot } from "@radix-ui/react-slot";
[2026-04-18T15:17:34.466Z] 3  |  import { cva } from "class-variance-authority";
[2026-04-18T15:17:34.467Z] 11:17:34 AM [vite] (client) Pre-transform error: Failed to resolve import "react/jsx-dev-runtime" from "client/src/components/ui/button.tsx". Does the file exist?
[2026-04-18T15:17:34.467Z] Plugin: vite:import-analysis
[2026-04-18T15:17:34.467Z] File: /home/ubuntu/viaoceanica-ai/client/src/components/ui/button.tsx:52:4
[2026-04-18T15:17:34.467Z] 1  |  import { jsxDEV } from "react/jsx-dev-runtime";
[2026-04-18T15:17:34.468Z] |                          ^
[2026-04-18T15:17:34.468Z] 2  |  import { Slot } from "@radix-ui/react-slot";
[2026-04-18T15:17:34.468Z] 3  |  import { cva } from "class-variance-authority";
[2026-04-18T15:17:34.468Z] 11:17:34 AM [vite] (client) Pre-transform error: Failed to resolve import "react/jsx-dev-runtime" from "client/src/components/ui/button.tsx". Does the file exist?
[2026-04-18T15:17:34.469Z] Plugin: vite:import-analysis
[2026-04-18T15:17:34.469Z] File: /home/ubuntu/viaoceanica-ai/client/src/components/ui/button.tsx:52:4
[2026-04-18T15:17:34.469Z] 1  |  import { jsxDEV } from "react/jsx-dev-runtime";
[2026-04-18T15:17:34.469Z] |                          ^
[2026-04-18T15:17:34.469Z] 2  |  import { Slot } from "@radix-ui/react-slot";
[2026-04-18T15:17:34.470Z] 3  |  import { cva } from "class-variance-authority";
[2026-04-18T15:17:34.470Z] 11:17:34 AM [vite] (client) Pre-transform error: Failed to resolve import "react/jsx-dev-runtime" from "client/src/components/ui/button.tsx". Does the file exist?
[2026-04-18T15:17:34.470Z] Plugin: vite:import-analysis
[2026-04-18T15:17:34.470Z] File: /home/ubuntu/viaoceanica-ai/client/src/components/ui/button.tsx:52:4
[2026-04-18T15:17:34.470Z] 1  |  import { jsxDEV } from "react/jsx-dev-runtime";
[2026-04-18T15:17:34.471Z] |                          ^
[2026-04-18T15:17:34.471Z] 2  |  import { Slot } from "@radix-ui/react-slot";
[2026-04-18T15:17:34.471Z] 3  |  import { cva } from "class-variance-authority";
[2026-04-18T15:17:34.471Z] 11:17:34 AM [vite] (client) Pre-transform error: Failed to resolve import "react/jsx-dev-runtime" from "client/src/components/ui/button.tsx". Does the file exist?
[2026-04-18T15:17:34.471Z] Plugin: vite:import-analysis
[2026-04-18T15:17:34.489Z] File: /home/ubuntu/viaoceanica-ai/client/src/components/ui/button.tsx:52:4
[2026-04-18T15:17:34.499Z] 1  |  import { jsxDEV } from "react/jsx-dev-runtime";
[2026-04-18T15:17:34.500Z] |                          ^
[2026-04-18T15:17:34.501Z] 2  |  import { Slot } from "@radix-ui/react-slot";
[2026-04-18T15:17:34.503Z] 3  |  import { cva } from "class-variance-authority";
[2026-04-18T15:17:34.503Z] 11:17:34 AM [vite] (client) Pre-transform error: Failed to resolve import "react/jsx-dev-runtime" from "client/src/components/ui/button.tsx". Does the file exist?
[2026-04-18T15:17:34.505Z] Plugin: vite:import-analysis
[2026-04-18T15:17:34.506Z] File: /home/ubuntu/viaoceanica-ai/client/src/components/ui/button.tsx:52:4
[2026-04-18T15:17:34.506Z] 1  |  import { jsxDEV } from "react/jsx-dev-runtime";
[2026-04-18T15:17:34.507Z] |                          ^
[2026-04-18T15:17:34.507Z] 2  |  import { Slot } from "@radix-ui/react-slot";
[2026-04-18T15:17:34.509Z] 3  |  import { cva } from "class-variance-authority";
[2026-04-18T15:17:34.509Z] 11:17:34 AM [vite] (client) Pre-transform error: Failed to resolve import "react/jsx-dev-runtime" from "client/src/components/ui/button.tsx". Does the file exist?
[2026-04-18T15:17:34.509Z] Plugin: vite:import-analysis
[2026-04-18T15:17:34.510Z] File: /home/ubuntu/viaoceanica-ai/client/src/components/ui/button.tsx:52:4
[2026-04-18T15:17:34.510Z] 1  |  import { jsxDEV } from "react/jsx-dev-runtime";
[2026-04-18T15:17:34.510Z] |                          ^
[2026-04-18T15:17:34.511Z] 2  |  import { Slot } from "@radix-ui/react-slot";
[2026-04-18T15:17:34.511Z] 3  |  import { cva } from "class-variance-authority";
[2026-04-18T15:17:34.511Z] 11:17:34 AM [vite] (client) Pre-transform error: Failed to resolve import "react/jsx-dev-runtime" from "client/src/components/ui/button.tsx". Does the file exist?
[2026-04-18T15:17:34.511Z] Plugin: vite:import-analysis
[2026-04-18T15:17:34.512Z] File: /home/ubuntu/viaoceanica-ai/client/src/components/ui/button.tsx:52:4
[2026-04-18T15:17:34.512Z] 1  |  import { jsxDEV } from "react/jsx-dev-runtime";
[2026-04-18T15:17:34.512Z] |                          ^
[2026-04-18T15:17:34.512Z] 2  |  import { Slot } from "@radix-ui/react-slot";
[2026-04-18T15:17:34.512Z] 3  |  import { cva } from "class-variance-authority";
[2026-04-18T15:17:34.513Z] 11:17:34 AM [vite] (client) Pre-transform error: Failed to resolve import "react/jsx-dev-runtime" from "client/src/components/ui/button.tsx". Does the file exist?
[2026-04-18T15:17:34.514Z] Plugin: vite:import-analysis
[2026-04-18T15:17:34.514Z] File: /home/ubuntu/viaoceanica-ai/client/src/components/ui/button.tsx:52:4
[2026-04-18T15:17:34.515Z] 1  |  import { jsxDEV } from "react/jsx-dev-runtime";
[2026-04-18T15:17:34.515Z] |                          ^
[2026-04-18T15:17:34.515Z] 2  |  import { Slot } from "@radix-ui/react-slot";
[2026-04-18T15:17:34.516Z] 3  |  import { cva } from "class-variance-authority";
[2026-04-18T15:17:34.516Z] 11:17:34 AM [vite] (client) Pre-transform error: Failed to resolve import "react/jsx-dev-runtime" from "client/src/components/ui/button.tsx". Does the file exist?
[2026-04-18T15:17:34.516Z] Plugin: vite:import-analysis
[2026-04-18T15:17:34.516Z] File: /home/ubuntu/viaoceanica-ai/client/src/components/ui/button.tsx:52:4
[2026-04-18T15:17:34.516Z] 1  |  import { jsxDEV } from "react/jsx-dev-runtime";
[2026-04-18T15:17:34.516Z] |                          ^
[2026-04-18T15:17:34.517Z] 2  |  import { Slot } from "@radix-ui/react-slot";
[2026-04-18T15:17:34.517Z] 3  |  import { cva } from "class-variance-authority";
[2026-04-18T15:17:34.517Z] 11:17:34 AM [vite] (client) Pre-transform error: Failed to resolve import "react/jsx-dev-runtime" from "client/src/components/ui/button.tsx". Does the file exist?
[2026-04-18T15:17:34.517Z] Plugin: vite:import-analysis
[2026-04-18T15:17:34.517Z] File: /home/ubuntu/viaoceanica-ai/client/src/components/ui/button.tsx:52:4
[2026-04-18T15:17:34.517Z] 1  |  import { jsxDEV } from "react/jsx-dev-runtime";
[2026-04-18T15:17:34.517Z] |                          ^
[2026-04-18T15:17:34.518Z] 2  |  import { Slot } from "@radix-ui/react-slot";
[2026-04-18T15:17:34.518Z] 3  |  import { cva } from "class-variance-authority";
[2026-04-18T15:17:34.518Z] 11:17:34 AM [vite] (client) Pre-transform error: Failed to resolve import "react/jsx-dev-runtime" from "client/src/components/ui/button.tsx". Does the file exist?
[2026-04-18T15:17:34.518Z] Plugin: vite:import-analysis
[2026-04-18T15:17:34.518Z] File: /home/ubuntu/viaoceanica-ai/client/src/components/ui/button.tsx:52:4
[2026-04-18T15:17:34.518Z] 1  |  import { jsxDEV } from "react/jsx-dev-runtime";
[2026-04-18T15:17:34.519Z] |                          ^
[2026-04-18T15:17:34.519Z] 2  |  import { Slot } from "@radix-ui/react-slot";
[2026-04-18T15:17:34.519Z] 3  |  import { cva } from "class-variance-authority";
[2026-04-18T15:17:34.519Z] 11:17:34 AM [vite] (client) Pre-transform error: Failed to resolve import "react/jsx-dev-runtime" from "client/src/components/ui/button.tsx". Does the file exist?
[2026-04-18T15:17:34.520Z] Plugin: vite:import-analysis
[2026-04-18T15:17:34.520Z] File: /home/ubuntu/viaoceanica-ai/client/src/components/ui/button.tsx:52:4
[2026-04-18T15:17:34.520Z] 1  |  import { jsxDEV } from "react/jsx-dev-runtime";
[2026-04-18T15:17:34.520Z] |                          ^
[2026-04-18T15:17:34.520Z] 2  |  import { Slot } from "@radix-ui/react-slot";
[2026-04-18T15:17:34.521Z] 3  |  import { cva } from "class-variance-authority";
[2026-04-18T15:17:34.521Z] 11:17:34 AM [vite] (client) Pre-transform error: Failed to resolve import "react/jsx-dev-runtime" from "client/src/components/ui/button.tsx". Does the file exist?
[2026-04-18T15:17:34.521Z] Plugin: vite:import-analysis
[2026-04-18T15:17:34.522Z] File: /home/ubuntu/viaoceanica-ai/client/src/components/ui/button.tsx:52:4
[2026-04-18T15:17:34.522Z] 1  |  import { jsxDEV } from "react/jsx-dev-runtime";
[2026-04-18T15:17:34.522Z] |                          ^
[2026-04-18T15:17:34.522Z] 2  |  import { Slot } from "@radix-ui/react-slot";
[2026-04-18T15:17:34.523Z] 3  |  import { cva } from "class-variance-authority";
[2026-04-18T15:17:34.523Z] 11:17:34 AM [vite] (client) Pre-transform error: Failed to resolve import "react/jsx-dev-runtime" from "client/src/components/ui/button.tsx". Does the file exist?
[2026-04-18T15:17:34.523Z] Plugin: vite:import-analysis
[2026-04-18T15:17:34.523Z] File: /home/ubuntu/viaoceanica-ai/client/src/components/ui/button.tsx:52:4
[2026-04-18T15:17:34.523Z] 1  |  import { jsxDEV } from "react/jsx-dev-runtime";
[2026-04-18T15:17:34.524Z] |                          ^
[2026-04-18T15:17:34.524Z] 2  |  import { Slot } from "@radix-ui/react-slot";
[2026-04-18T15:17:34.524Z] 3  |  import { cva } from "class-variance-authority";
[2026-04-18T15:17:34.524Z] 11:17:34 AM [vite] (client) Pre-transform error: Failed to resolve import "react/jsx-dev-runtime" from "client/src/components/ui/button.tsx". Does the file exist?
[2026-04-18T15:17:34.525Z] Plugin: vite:import-analysis
[2026-04-18T15:17:34.525Z] File: /home/ubuntu/viaoceanica-ai/client/src/components/ui/button.tsx:52:4
[2026-04-18T15:17:34.525Z] 1  |  import { jsxDEV } from "react/jsx-dev-runtime";
[2026-04-18T15:17:34.525Z] |                          ^
[2026-04-18T15:17:34.525Z] 2  |  import { Slot } from "@radix-ui/react-slot";
[2026-04-18T15:17:34.525Z] 3  |  import { cva } from "class-variance-authority";
[2026-04-18T15:17:34.525Z] 11:17:34 AM [vite] (client) Pre-transform error: Failed to resolve import "react" from "client/src/hooks/useMobile.tsx". Does the file exist?
[2026-04-18T15:17:34.526Z] Plugin: vite:import-analysis
[2026-04-18T15:17:34.526Z] File: /home/ubuntu/viaoceanica-ai/client/src/hooks/useMobile.tsx:1:23
[2026-04-18T15:17:34.526Z] 1  |  var _s = $RefreshSig$();
[2026-04-18T15:17:34.526Z] 2  |  import * as React from "react";
[2026-04-18T15:17:34.526Z] |                          ^
[2026-04-18T15:17:34.527Z] 3  |  const MOBILE_BREAKPOINT = 768;
[2026-04-18T15:17:34.527Z] 4  |  export function useIsMobile() {
[2026-04-18T15:17:34.527Z] 11:17:34 AM [vite] (client) Pre-transform error: Failed to resolve import "react/jsx-dev-runtime" from "client/src/components/ui/input.tsx". Does the file exist?
[2026-04-18T15:17:34.527Z] Plugin: vite:import-analysis
[2026-04-18T15:17:34.527Z] File: /home/ubuntu/viaoceanica-ai/client/src/components/ui/input.tsx:53:4
[2026-04-18T15:17:34.527Z] 1  |  import { jsxDEV } from "react/jsx-dev-runtime";
[2026-04-18T15:17:34.528Z] |                          ^
[2026-04-18T15:17:34.528Z] 2  |  var _s = $RefreshSig$();
[2026-04-18T15:17:34.528Z] 3  |  import { useDialogComposition } from "@/components/ui/dialog";
[2026-04-18T15:17:34.528Z] 11:17:34 AM [vite] (client) Pre-transform error: Failed to resolve import "react/jsx-dev-runtime" from "client/src/components/ui/input.tsx". Does the file exist?
[2026-04-18T15:17:34.528Z] Plugin: vite:import-analysis
[2026-04-18T15:17:34.528Z] File: /home/ubuntu/viaoceanica-ai/client/src/components/ui/input.tsx:53:4
[2026-04-18T15:17:34.529Z] 1  |  import { jsxDEV } from "react/jsx-dev-runtime";
[2026-04-18T15:17:34.530Z] |                          ^
[2026-04-18T15:17:34.530Z] 2  |  var _s = $RefreshSig$();
[2026-04-18T15:17:34.531Z] 3  |  import { useDialogComposition } from "@/components/ui/dialog";
[2026-04-18T15:17:34.532Z] 11:17:34 AM [vite] (client) Pre-transform error: Failed to resolve import "react/jsx-dev-runtime" from "client/src/components/ui/input.tsx". Does the file exist?
[2026-04-18T15:17:34.532Z] Plugin: vite:import-analysis
[2026-04-18T15:17:34.533Z] File: /home/ubuntu/viaoceanica-ai/client/src/components/ui/input.tsx:53:4
[2026-04-18T15:17:34.533Z] 1  |  import { jsxDEV } from "react/jsx-dev-runtime";
[2026-04-18T15:17:34.533Z] |                          ^
[2026-04-18T15:17:34.534Z] 2  |  var _s = $RefreshSig$();
[2026-04-18T15:17:34.534Z] 3  |  import { useDialogComposition } from "@/components/ui/dialog";
[2026-04-18T15:17:34.534Z] 11:17:34 AM [vite] (client) Pre-transform error: Failed to resolve import "react/jsx-dev-runtime" from "client/src/components/ui/input.tsx". Does the file exist?
[2026-04-18T15:17:34.535Z] Plugin: vite:import-analysis
[2026-04-18T15:17:34.535Z] File: /home/ubuntu/viaoceanica-ai/client/src/components/ui/input.tsx:53:4
[2026-04-18T15:17:34.535Z] 1  |  import { jsxDEV } from "react/jsx-dev-runtime";
[2026-04-18T15:17:34.536Z] |                          ^
[2026-04-18T15:17:34.536Z] 2  |  var _s = $RefreshSig$();
[2026-04-18T15:17:34.536Z] 3  |  import { useDialogComposition } from "@/components/ui/dialog";
[2026-04-18T15:17:34.536Z] 11:17:34 AM [vite] (client) Pre-transform error: Failed to resolve import "react/jsx-dev-runtime" from "client/src/components/ui/input.tsx". Does the file exist?
[2026-04-18T15:17:34.536Z] Plugin: vite:import-analysis
[2026-04-18T15:17:34.537Z] File: /home/ubuntu/viaoceanica-ai/client/src/components/ui/input.tsx:53:4
[2026-04-18T15:17:34.537Z] 1  |  import { jsxDEV } from "react/jsx-dev-runtime";
[2026-04-18T15:17:34.537Z] |                          ^
[2026-04-18T15:17:34.538Z] 2  |  var _s = $RefreshSig$();
[2026-04-18T15:17:34.538Z] 3  |  import { useDialogComposition } from "@/components/ui/dialog";
[2026-04-18T15:17:34.538Z] 11:17:34 AM [vite] (client) Pre-transform error: Failed to resolve import "react/jsx-dev-runtime" from "client/src/components/ui/input.tsx". Does the file exist?
[2026-04-18T15:17:34.538Z] Plugin: vite:import-analysis
[2026-04-18T15:17:34.539Z] File: /home/ubuntu/viaoceanica-ai/client/src/components/ui/input.tsx:53:4
[2026-04-18T15:17:34.539Z] 1  |  import { jsxDEV } from "react/jsx-dev-runtime";
[2026-04-18T15:17:34.540Z] |                          ^
[2026-04-18T15:17:34.540Z] 2  |  var _s = $RefreshSig$();
[2026-04-18T15:17:34.540Z] 3  |  import { useDialogComposition } from "@/components/ui/dialog";
[2026-04-18T15:17:34.541Z] 11:17:34 AM [vite] (client) Pre-transform error: Failed to resolve import "react/jsx-dev-runtime" from "client/src/components/ui/input.tsx". Does the file exist?
[2026-04-18T15:17:34.541Z] Plugin: vite:import-analysis
[2026-04-18T15:17:34.541Z] File: /home/ubuntu/viaoceanica-ai/client/src/components/ui/input.tsx:53:4
[2026-04-18T15:17:34.542Z] 1  |  import { jsxDEV } from "react/jsx-dev-runtime";
[2026-04-18T15:17:34.542Z] |                          ^
[2026-04-18T15:17:34.542Z] 2  |  var _s = $RefreshSig$();
[2026-04-18T15:17:34.542Z] 3  |  import { useDialogComposition } from "@/components/ui/dialog";
[2026-04-18T15:17:34.543Z] 11:17:34 AM [vite] (client) Pre-transform error: Failed to resolve import "react/jsx-dev-runtime" from "client/src/components/ui/input.tsx". Does the file exist?
[2026-04-18T15:17:34.543Z] Plugin: vite:import-analysis
[2026-04-18T15:17:34.543Z] File: /home/ubuntu/viaoceanica-ai/client/src/components/ui/input.tsx:53:4
[2026-04-18T15:17:34.543Z] 1  |  import { jsxDEV } from "react/jsx-dev-runtime";
[2026-04-18T15:17:34.544Z] |                          ^
[2026-04-18T15:17:34.544Z] 2  |  var _s = $RefreshSig$();
[2026-04-18T15:17:34.544Z] 3  |  import { useDialogComposition } from "@/components/ui/dialog";
[2026-04-18T15:17:34.545Z] 11:17:34 AM [vite] (client) Pre-transform error: Failed to resolve import "react/jsx-dev-runtime" from "client/src/components/ui/input.tsx". Does the file exist?
[2026-04-18T15:17:34.545Z] Plugin: vite:import-analysis
[2026-04-18T15:17:34.546Z] File: /home/ubuntu/viaoceanica-ai/client/src/components/ui/input.tsx:53:4
[2026-04-18T15:17:34.546Z] 1  |  import { jsxDEV } from "react/jsx-dev-runtime";
[2026-04-18T15:17:34.546Z] |                          ^
[2026-04-18T15:17:34.547Z] 2  |  var _s = $RefreshSig$();
[2026-04-18T15:17:34.547Z] 3  |  import { useDialogComposition } from "@/components/ui/dialog";
[2026-04-18T15:17:34.548Z] 11:17:34 AM [vite] (client) Pre-transform error: Failed to resolve import "react/jsx-dev-runtime" from "client/src/components/ui/input.tsx". Does the file exist?
[2026-04-18T15:17:34.550Z] Plugin: vite:import-analysis
[2026-04-18T15:17:34.551Z] File: /home/ubuntu/viaoceanica-ai/client/src/components/ui/input.tsx:53:4
[2026-04-18T15:17:34.551Z] 1  |  import { jsxDEV } from "react/jsx-dev-runtime";
[2026-04-18T15:17:34.552Z] |                          ^
[2026-04-18T15:17:34.552Z] 2  |  var _s = $RefreshSig$();
[2026-04-18T15:17:34.554Z] 3  |  import { useDialogComposition } from "@/components/ui/dialog";
[2026-04-18T15:17:34.555Z] 11:17:34 AM [vite] (client) Pre-transform error: Failed to resolve import "react/jsx-dev-runtime" from "client/src/components/ui/input.tsx". Does the file exist?
[2026-04-18T15:17:34.555Z] Plugin: vite:import-analysis
[2026-04-18T15:17:34.555Z] File: /home/ubuntu/viaoceanica-ai/client/src/components/ui/input.tsx:53:4
[2026-04-18T15:17:34.556Z] 1  |  import { jsxDEV } from "react/jsx-dev-runtime";
[2026-04-18T15:17:34.556Z] |                          ^
[2026-04-18T15:17:34.556Z] 2  |  var _s = $RefreshSig$();
[2026-04-18T15:17:34.556Z] 3  |  import { useDialogComposition } from "@/components/ui/dialog";
[2026-04-18T15:17:34.556Z] 11:17:34 AM [vite] (client) Pre-transform error: Failed to resolve import "react/jsx-dev-runtime" from "client/src/components/ui/input.tsx". Does the file exist?
[2026-04-18T15:17:34.557Z] Plugin: vite:import-analysis
[2026-04-18T15:17:34.557Z] File: /home/ubuntu/viaoceanica-ai/client/src/components/ui/input.tsx:53:4
[2026-04-18T15:17:34.557Z] 1  |  import { jsxDEV } from "react/jsx-dev-runtime";
[2026-04-18T15:17:34.557Z] |                          ^
[2026-04-18T15:17:34.557Z] 2  |  var _s = $RefreshSig$();
[2026-04-18T15:17:34.558Z] 3  |  import { useDialogComposition } from "@/components/ui/dialog";
[2026-04-18T15:17:34.558Z] 11:17:34 AM [vite] (client) Pre-transform error: Failed to resolve import "react/jsx-dev-runtime" from "client/src/components/ui/input.tsx". Does the file exist?
[2026-04-18T15:17:34.558Z] Plugin: vite:import-analysis
[2026-04-18T15:17:34.558Z] File: /home/ubuntu/viaoceanica-ai/client/src/components/ui/input.tsx:53:4
[2026-04-18T15:17:34.560Z] 1  |  import { jsxDEV } from "react/jsx-dev-runtime";
[2026-04-18T15:17:34.560Z] |                          ^
[2026-04-18T15:17:34.561Z] 2  |  var _s = $RefreshSig$();
[2026-04-18T15:17:34.562Z] 3  |  import { useDialogComposition } from "@/components/ui/dialog";
[2026-04-18T15:17:34.562Z] 11:17:34 AM [vite] (client) Pre-transform error: Failed to resolve import "react/jsx-dev-runtime" from "client/src/pages/NotFound.tsx". Does the file exist?
[2026-04-18T15:17:34.562Z] Plugin: vite:import-analysis
[2026-04-18T15:17:34.562Z] File: /home/ubuntu/viaoceanica-ai/client/src/pages/NotFound.tsx:19:14
[2026-04-18T15:17:34.563Z] 1  |  import { jsxDEV } from "react/jsx-dev-runtime";
[2026-04-18T15:17:34.563Z] |                          ^
[2026-04-18T15:17:34.563Z] 2  |  var _s = $RefreshSig$();
[2026-04-18T15:17:34.563Z] 3  |  import { Button } from "@/components/ui/button";
[2026-04-18T15:17:34.563Z] 11:17:34 AM [vite] (client) Pre-transform error: Failed to resolve import "clsx" from "client/src/lib/utils.ts". Does the file exist?
[2026-04-18T15:17:34.564Z] Plugin: vite:import-analysis
[2026-04-18T15:17:34.564Z] File: /home/ubuntu/viaoceanica-ai/client/src/lib/utils.ts:1:38
[2026-04-18T15:17:34.564Z] 1  |  import { clsx } from "clsx";
[2026-04-18T15:17:34.564Z] |                        ^
[2026-04-18T15:17:34.564Z] 2  |  import { twMerge } from "tailwind-merge";
[2026-04-18T15:17:34.565Z] 3  |  export function cn(...inputs) {
[2026-04-18T15:17:34.567Z] 11:17:34 AM [vite] (client) Pre-transform error: Failed to resolve import "react" from "client/src/hooks/useComposition.ts". Does the file exist?
[2026-04-18T15:17:34.568Z] Plugin: vite:import-analysis
[2026-04-18T15:17:34.569Z] File: /home/ubuntu/viaoceanica-ai/client/src/hooks/useComposition.ts:1:23
[2026-04-18T15:17:34.569Z] 1  |  import { useRef } from "react";
[2026-04-18T15:17:34.570Z] |                          ^
[2026-04-18T15:17:34.571Z] 2  |  import { usePersistFn } from "./usePersistFn";
[2026-04-18T15:17:34.571Z] 3  |  export function useComposition(options = {}) {
[2026-04-18T15:17:34.572Z] 11:17:34 AM [vite] (client) Pre-transform error: Failed to resolve import "react/jsx-dev-runtime" from "client/src/components/ui/button.tsx". Does the file exist?
[2026-04-18T15:17:34.573Z] Plugin: vite:import-analysis
[2026-04-18T15:17:34.574Z] File: /home/ubuntu/viaoceanica-ai/client/src/components/ui/button.tsx:52:4
[2026-04-18T15:17:34.575Z] 1  |  import { jsxDEV } from "react/jsx-dev-runtime";
[2026-04-18T15:17:34.575Z] |                          ^
[2026-04-18T15:17:34.576Z] 2  |  import { Slot } from "@radix-ui/react-slot";
[2026-04-18T15:17:34.577Z] 3  |  import { cva } from "class-variance-authority";
[2026-04-18T15:17:34.578Z] 11:17:34 AM [vite] (client) Pre-transform error: Failed to resolve import "react/jsx-dev-runtime" from "client/src/components/ui/sheet.tsx". Does the file exist?
[2026-04-18T15:17:34.579Z] Plugin: vite:import-analysis
[2026-04-18T15:17:34.580Z] File: /home/ubuntu/viaoceanica-ai/client/src/components/ui/sheet.tsx:10:9
[2026-04-18T15:17:34.581Z] 1  |  "use client";
[2026-04-18T15:17:34.582Z] 2  |  import { jsxDEV } from "react/jsx-dev-runtime";
[2026-04-18T15:17:34.582Z] |                          ^
[2026-04-18T15:17:34.582Z] 3  |  import * as SheetPrimitive from "@radix-ui/react-dialog";
[2026-04-18T15:17:34.582Z] 4  |  import { XIcon } from "lucide-react";
[2026-04-18T15:17:34.583Z] 11:17:34 AM [vite] (client) Pre-transform error: Failed to resolve import "react" from "client/src/hooks/useMobile.tsx". Does the file exist?
[2026-04-18T15:17:34.584Z] Plugin: vite:import-analysis
[2026-04-18T15:17:34.584Z] File: /home/ubuntu/viaoceanica-ai/client/src/hooks/useMobile.tsx:1:23
[2026-04-18T15:17:34.585Z] 1  |  var _s = $RefreshSig$();
[2026-04-18T15:17:34.585Z] 2  |  import * as React from "react";
[2026-04-18T15:17:34.586Z] |                          ^
[2026-04-18T15:17:34.586Z] 3  |  const MOBILE_BREAKPOINT = 768;
[2026-04-18T15:17:34.587Z] 4  |  export function useIsMobile() {
[2026-04-18T15:17:34.587Z] 11:17:34 AM [vite] (client) Pre-transform error: Failed to resolve import "react/jsx-dev-runtime" from "client/src/components/ui/input.tsx". Does the file exist?
[2026-04-18T15:17:34.588Z] Plugin: vite:import-analysis
[2026-04-18T15:17:34.589Z] File: /home/ubuntu/viaoceanica-ai/client/src/components/ui/input.tsx:53:4
[2026-04-18T15:17:34.590Z] 1  |  import { jsxDEV } from "react/jsx-dev-runtime";
[2026-04-18T15:17:34.590Z] |                          ^
[2026-04-18T15:17:34.591Z] 2  |  var _s = $RefreshSig$();
[2026-04-18T15:17:34.592Z] 3  |  import { useDialogComposition } from "@/components/ui/dialog";
[2026-04-18T15:17:34.592Z] 11:17:34 AM [vite] (client) Pre-transform error: Failed to resolve import "react/jsx-dev-runtime" from "client/src/components/ui/dialog.tsx". Does the file exist?
[2026-04-18T15:17:34.593Z] Plugin: vite:import-analysis
[2026-04-18T15:17:34.594Z] File: /home/ubuntu/viaoceanica-ai/client/src/components/ui/dialog.tsx:51:6
[2026-04-18T15:17:34.595Z] 1  |  import { jsxDEV } from "react/jsx-dev-runtime";
[2026-04-18T15:17:34.595Z] |                          ^
[2026-04-18T15:17:34.596Z] 2  |  var _s = $RefreshSig$(), _s2 = $RefreshSig$(), _s3 = $RefreshSig$();
[2026-04-18T15:17:34.597Z] 3  |  import { cn } from "@/lib/utils";
[2026-04-18T15:17:34.598Z] 11:17:34 AM [vite] (client) Pre-transform error: Failed to resolve import "react/jsx-dev-runtime" from "client/src/components/ui/dialog.tsx". Does the file exist?
[2026-04-18T15:17:34.599Z] Plugin: vite:import-analysis
[2026-04-18T15:17:34.600Z] File: /home/ubuntu/viaoceanica-ai/client/src/components/ui/dialog.tsx:51:6
[2026-04-18T15:17:34.601Z] 1  |  import { jsxDEV } from "react/jsx-dev-runtime";
[2026-04-18T15:17:34.601Z] |                          ^
[2026-04-18T15:17:34.602Z] 2  |  var _s = $RefreshSig$(), _s2 = $RefreshSig$(), _s3 = $RefreshSig$();
[2026-04-18T15:17:34.602Z] 3  |  import { cn } from "@/lib/utils";
[2026-04-18T15:17:34.604Z] 11:17:34 AM [vite] (client) Pre-transform error: Failed to resolve import "react/jsx-dev-runtime" from "client/src/components/ui/dialog.tsx". Does the file exist?
[2026-04-18T15:17:34.606Z] Plugin: vite:import-analysis
[2026-04-18T15:17:34.606Z] File: /home/ubuntu/viaoceanica-ai/client/src/components/ui/dialog.tsx:51:6
[2026-04-18T15:17:34.608Z] 1  |  import { jsxDEV } from "react/jsx-dev-runtime";
[2026-04-18T15:17:34.609Z] |                          ^
[2026-04-18T15:17:34.610Z] 2  |  var _s = $RefreshSig$(), _s2 = $RefreshSig$(), _s3 = $RefreshSig$();
[2026-04-18T15:17:34.612Z] 3  |  import { cn } from "@/lib/utils";
[2026-04-18T15:17:34.613Z] 11:17:34 AM [vite] (client) Pre-transform error: Failed to resolve import "react/jsx-dev-runtime" from "client/src/components/ui/dialog.tsx". Does the file exist?
[2026-04-18T15:17:34.615Z] Plugin: vite:import-analysis
[2026-04-18T15:17:34.616Z] File: /home/ubuntu/viaoceanica-ai/client/src/components/ui/dialog.tsx:51:6
[2026-04-18T15:17:34.617Z] 1  |  import { jsxDEV } from "react/jsx-dev-runtime";
[2026-04-18T15:17:34.619Z] |                          ^
[2026-04-18T15:17:34.619Z] 2  |  var _s = $RefreshSig$(), _s2 = $RefreshSig$(), _s3 = $RefreshSig$();
[2026-04-18T15:17:34.620Z] 3  |  import { cn } from "@/lib/utils";
[2026-04-18T15:17:34.621Z] 11:17:34 AM [vite] (client) Pre-transform error: Failed to resolve import "react/jsx-dev-runtime" from "client/src/components/ui/dialog.tsx". Does the file exist?
[2026-04-18T15:17:34.621Z] Plugin: vite:import-analysis
[2026-04-18T15:17:34.621Z] File: /home/ubuntu/viaoceanica-ai/client/src/components/ui/dialog.tsx:51:6
[2026-04-18T15:17:34.622Z] 1  |  import { jsxDEV } from "react/jsx-dev-runtime";
[2026-04-18T15:17:34.622Z] |                          ^
[2026-04-18T15:17:34.622Z] 2  |  var _s = $RefreshSig$(), _s2 = $RefreshSig$(), _s3 = $RefreshSig$();
[2026-04-18T15:17:34.623Z] 3  |  import { cn } from "@/lib/utils";
[2026-04-18T15:17:34.624Z] 11:17:34 AM [vite] (client) Pre-transform error: Failed to resolve import "react/jsx-dev-runtime" from "client/src/components/ui/dialog.tsx". Does the file exist?
[2026-04-18T15:17:34.625Z] Plugin: vite:import-analysis
[2026-04-18T15:17:34.626Z] File: /home/ubuntu/viaoceanica-ai/client/src/components/ui/dialog.tsx:51:6
[2026-04-18T15:17:34.626Z] 1  |  import { jsxDEV } from "react/jsx-dev-runtime";
[2026-04-18T15:17:34.627Z] |                          ^
[2026-04-18T15:17:34.628Z] 2  |  var _s = $RefreshSig$(), _s2 = $RefreshSig$(), _s3 = $RefreshSig$();
[2026-04-18T15:17:34.628Z] 3  |  import { cn } from "@/lib/utils";
[2026-04-18T15:17:34.629Z] 11:17:34 AM [vite] (client) Pre-transform error: Failed to resolve import "react" from "client/src/_core/hooks/useAuth.ts". Does the file exist?
[2026-04-18T15:17:34.629Z] Plugin: vite:import-analysis
[2026-04-18T15:17:34.629Z] File: /home/ubuntu/viaoceanica-ai/client/src/_core/hooks/useAuth.ts:1:58
[2026-04-18T15:17:34.629Z] 1  |  import { useCallback, useEffect, useMemo, useState } from "react";
[2026-04-18T15:17:34.629Z] |                                                             ^
[2026-04-18T15:17:34.630Z] 2  |  export function useAuth() {
[2026-04-18T15:17:34.630Z] 3  |    const [user, setUser] = useState(null);
[2026-04-18T15:17:34.631Z] 11:17:34 AM [vite] (client) Pre-transform error: Failed to resolve import "react" from "client/src/_core/hooks/useAuth.ts". Does the file exist?
[2026-04-18T15:17:34.631Z] Plugin: vite:import-analysis
[2026-04-18T15:17:34.632Z] File: /home/ubuntu/viaoceanica-ai/client/src/_core/hooks/useAuth.ts:1:58
[2026-04-18T15:17:34.633Z] 1  |  import { useCallback, useEffect, useMemo, useState } from "react";
[2026-04-18T15:17:34.633Z] |                                                             ^
[2026-04-18T15:17:34.633Z] 2  |  export function useAuth() {
[2026-04-18T15:17:34.634Z] 3  |    const [user, setUser] = useState(null);
[2026-04-18T15:17:34.634Z] 11:17:34 AM [vite] (client) Pre-transform error: Failed to resolve import "react" from "client/src/_core/hooks/useAuth.ts". Does the file exist?
[2026-04-18T15:17:34.635Z] Plugin: vite:import-analysis
[2026-04-18T15:17:34.636Z] File: /home/ubuntu/viaoceanica-ai/client/src/_core/hooks/useAuth.ts:1:58
[2026-04-18T15:17:34.636Z] 1  |  import { useCallback, useEffect, useMemo, useState } from "react";
[2026-04-18T15:17:34.637Z] |                                                             ^
[2026-04-18T15:17:34.637Z] 2  |  export function useAuth() {
[2026-04-18T15:17:34.637Z] 3  |    const [user, setUser] = useState(null);
[2026-04-18T15:17:34.638Z] 11:17:34 AM [vite] (client) Pre-transform error: Failed to resolve import "react" from "client/src/_core/hooks/useAuth.ts". Does the file exist?
[2026-04-18T15:17:34.638Z] Plugin: vite:import-analysis
[2026-04-18T15:17:34.638Z] File: /home/ubuntu/viaoceanica-ai/client/src/_core/hooks/useAuth.ts:1:58
[2026-04-18T15:17:34.638Z] 1  |  import { useCallback, useEffect, useMemo, useState } from "react";
[2026-04-18T15:17:34.638Z] |                                                             ^
[2026-04-18T15:17:34.639Z] 2  |  export function useAuth() {
[2026-04-18T15:17:34.639Z] 3  |    const [user, setUser] = useState(null);
[2026-04-18T15:17:34.640Z] 11:17:34 AM [vite] (client) Pre-transform error: Failed to resolve import "react" from "client/src/_core/hooks/useAuth.ts". Does the file exist?
[2026-04-18T15:17:34.641Z] Plugin: vite:import-analysis
[2026-04-18T15:17:34.641Z] File: /home/ubuntu/viaoceanica-ai/client/src/_core/hooks/useAuth.ts:1:58
[2026-04-18T15:17:34.641Z] 1  |  import { useCallback, useEffect, useMemo, useState } from "react";
[2026-04-18T15:17:34.641Z] |                                                             ^
[2026-04-18T15:17:34.642Z] 2  |  export function useAuth() {
[2026-04-18T15:17:34.642Z] 3  |    const [user, setUser] = useState(null);
[2026-04-18T15:17:34.643Z] 11:17:34 AM [vite] (client) Pre-transform error: Failed to resolve import "react/jsx-dev-runtime" from "client/src/components/ui/avatar.tsx". Does the file exist?
[2026-04-18T15:17:34.643Z] Plugin: vite:import-analysis
[2026-04-18T15:17:34.644Z] File: /home/ubuntu/viaoceanica-ai/client/src/components/ui/avatar.tsx:11:4
[2026-04-18T15:17:34.644Z] 1  |  import { jsxDEV } from "react/jsx-dev-runtime";
[2026-04-18T15:17:34.645Z] |                          ^
[2026-04-18T15:17:34.645Z] 2  |  import * as AvatarPrimitive from "@radix-ui/react-avatar";
[2026-04-18T15:17:34.645Z] 3  |  import { cn } from "@/lib/utils";
[2026-04-18T15:17:34.646Z] 11:17:34 AM [vite] (client) Pre-transform error: Failed to resolve import "react/jsx-dev-runtime" from "client/src/components/ui/dialog.tsx". Does the file exist?
[2026-04-18T15:17:34.647Z] Plugin: vite:import-analysis
[2026-04-18T15:17:34.647Z] File: /home/ubuntu/viaoceanica-ai/client/src/components/ui/dialog.tsx:51:6
[2026-04-18T15:17:34.648Z] 1  |  import { jsxDEV } from "react/jsx-dev-runtime";
[2026-04-18T15:17:34.648Z] |                          ^
[2026-04-18T15:17:34.648Z] 2  |  var _s = $RefreshSig$(), _s2 = $RefreshSig$(), _s3 = $RefreshSig$();
[2026-04-18T15:17:34.649Z] 3  |  import { cn } from "@/lib/utils";
[2026-04-18T15:17:34.649Z] 11:17:34 AM [vite] (client) Pre-transform error: Failed to resolve import "react/jsx-dev-runtime" from "client/src/components/DashboardLayoutSkeleton.tsx". Does the file exist?
[2026-04-18T15:17:34.649Z] Plugin: vite:import-analysis
[2026-04-18T15:17:34.650Z] File: /home/ubuntu/viaoceanica-ai/client/src/components/DashboardLayoutSkeleton.tsx:10:10
[2026-04-18T15:17:34.650Z] 1  |  import { jsxDEV } from "react/jsx-dev-runtime";
[2026-04-18T15:17:34.652Z] |                          ^
[2026-04-18T15:17:34.652Z] 2  |  import { Skeleton } from "./ui/skeleton";
[2026-04-18T15:17:34.652Z] 3  |  export function DashboardLayoutSkeleton() {
[2026-04-18T15:17:34.652Z] 11:17:34 AM [vite] (client) Pre-transform error: Failed to resolve import "react" from "client/src/_core/hooks/useAuth.ts". Does the file exist?
[2026-04-18T15:17:34.652Z] Plugin: vite:import-analysis
[2026-04-18T15:17:34.653Z] File: /home/ubuntu/viaoceanica-ai/client/src/_core/hooks/useAuth.ts:1:58
[2026-04-18T15:17:34.653Z] 1  |  import { useCallback, useEffect, useMemo, useState } from "react";
[2026-04-18T15:17:34.653Z] |                                                             ^
[2026-04-18T15:17:34.654Z] 2  |  export function useAuth() {
[2026-04-18T15:17:34.655Z] 3  |    const [user, setUser] = useState(null);
[2026-04-18T15:17:34.655Z] 11:17:34 AM [vite] (client) Pre-transform error: Failed to resolve import "react/jsx-dev-runtime" from "client/src/components/ui/avatar.tsx". Does the file exist?
[2026-04-18T15:17:34.655Z] Plugin: vite:import-analysis
[2026-04-18T15:17:34.656Z] File: /home/ubuntu/viaoceanica-ai/client/src/components/ui/avatar.tsx:11:4
[2026-04-18T15:17:34.657Z] 1  |  import { jsxDEV } from "react/jsx-dev-runtime";
[2026-04-18T15:17:34.657Z] |                          ^
[2026-04-18T15:17:34.657Z] 2  |  import * as AvatarPrimitive from "@radix-ui/react-avatar";
[2026-04-18T15:17:34.658Z] 3  |  import { cn } from "@/lib/utils";
[2026-04-18T15:17:34.658Z] 11:17:34 AM [vite] (client) Pre-transform error: Failed to resolve import "react/jsx-dev-runtime" from "client/src/components/ui/dropdown-menu.tsx". Does the file exist?
[2026-04-18T15:17:34.658Z] Plugin: vite:import-analysis
[2026-04-18T15:17:34.659Z] File: /home/ubuntu/viaoceanica-ai/client/src/components/ui/dropdown-menu.tsx:10:9
[2026-04-18T15:17:34.660Z] 1  |  import { jsxDEV } from "react/jsx-dev-runtime";
[2026-04-18T15:17:34.660Z] |                          ^
[2026-04-18T15:17:34.661Z] 2  |  import * as DropdownMenuPrimitive from "@radix-ui/react-dropdown-menu";
[2026-04-18T15:17:34.661Z] 3  |  import { CheckIcon, ChevronRightIcon, CircleIcon } from "lucide-react";
[2026-04-18T15:17:34.662Z] 11:17:34 AM [vite] (client) Pre-transform error: Failed to resolve import "react" from "client/src/hooks/useApi.ts". Does the file exist?
[2026-04-18T15:17:34.662Z] Plugin: vite:import-analysis
[2026-04-18T15:17:34.663Z] File: /home/ubuntu/viaoceanica-ai/client/src/hooks/useApi.ts:12:57
[2026-04-18T15:17:34.663Z] 1  |  import { useState, useEffect, useCallback, useRef } from "react";
[2026-04-18T15:17:34.664Z] |                                                            ^
[2026-04-18T15:17:34.665Z] 2  |  async function apiFetch(path, init) {
[2026-04-18T15:17:34.666Z] 3  |    const res = await fetch(path, {
[2026-04-18T15:17:34.667Z] 11:17:34 AM [vite] (client) Pre-transform error: Failed to resolve import "react" from "client/src/hooks/useApi.ts". Does the file exist?
[2026-04-18T15:17:34.668Z] Plugin: vite:import-analysis
[2026-04-18T15:17:34.669Z] File: /home/ubuntu/viaoceanica-ai/client/src/hooks/useApi.ts:12:57
[2026-04-18T15:17:34.669Z] 1  |  import { useState, useEffect, useCallback, useRef } from "react";
[2026-04-18T15:17:34.669Z] |                                                            ^
[2026-04-18T15:17:34.670Z] 2  |  async function apiFetch(path, init) {
[2026-04-18T15:17:34.670Z] 3  |    const res = await fetch(path, {
[2026-04-18T15:17:34.670Z] 11:17:34 AM [vite] (client) Pre-transform error: Failed to resolve import "react" from "client/src/hooks/useApi.ts". Does the file exist?
[2026-04-18T15:17:34.670Z] Plugin: vite:import-analysis
[2026-04-18T15:17:34.670Z] File: /home/ubuntu/viaoceanica-ai/client/src/hooks/useApi.ts:12:57
[2026-04-18T15:17:34.671Z] 1  |  import { useState, useEffect, useCallback, useRef } from "react";
[2026-04-18T15:17:34.671Z] |                                                            ^
[2026-04-18T15:17:34.671Z] 2  |  async function apiFetch(path, init) {
[2026-04-18T15:17:34.671Z] 3  |    const res = await fetch(path, {
[2026-04-18T15:17:34.671Z] 11:17:34 AM [vite] (client) Pre-transform error: Failed to resolve import "react" from "client/src/hooks/useApi.ts". Does the file exist?
[2026-04-18T15:17:34.672Z] Plugin: vite:import-analysis
[2026-04-18T15:17:34.672Z] File: /home/ubuntu/viaoceanica-ai/client/src/hooks/useApi.ts:12:57
[2026-04-18T15:17:34.672Z] 1  |  import { useState, useEffect, useCallback, useRef } from "react";
[2026-04-18T15:17:34.672Z] |                                                            ^
[2026-04-18T15:17:34.672Z] 2  |  async function apiFetch(path, init) {
[2026-04-18T15:17:34.673Z] 3  |    const res = await fetch(path, {
[2026-04-18T15:17:34.673Z] 11:17:34 AM [vite] (client) Pre-transform error: Failed to resolve import "react" from "client/src/hooks/useApi.ts". Does the file exist?
[2026-04-18T15:17:34.673Z] Plugin: vite:import-analysis
[2026-04-18T15:17:34.673Z] File: /home/ubuntu/viaoceanica-ai/client/src/hooks/useApi.ts:12:57
[2026-04-18T15:17:34.673Z] 1  |  import { useState, useEffect, useCallback, useRef } from "react";
[2026-04-18T15:17:34.674Z] |                                                            ^
[2026-04-18T15:17:34.674Z] 2  |  async function apiFetch(path, init) {
[2026-04-18T15:17:34.674Z] 3  |    const res = await fetch(path, {
[2026-04-18T15:17:34.674Z] 11:17:34 AM [vite] (client) Pre-transform error: Failed to resolve import "react" from "client/src/hooks/useApi.ts". Does the file exist?
[2026-04-18T15:17:34.674Z] Plugin: vite:import-analysis
[2026-04-18T15:17:34.674Z] File: /home/ubuntu/viaoceanica-ai/client/src/hooks/useApi.ts:12:57
[2026-04-18T15:17:34.675Z] 1  |  import { useState, useEffect, useCallback, useRef } from "react";
[2026-04-18T15:17:34.675Z] |                                                            ^
[2026-04-18T15:17:34.675Z] 2  |  async function apiFetch(path, init) {
[2026-04-18T15:17:34.675Z] 3  |    const res = await fetch(path, {
[2026-04-18T15:17:34.675Z] 11:17:34 AM [vite] (client) Pre-transform error: Failed to resolve import "react" from "client/src/hooks/useApi.ts". Does the file exist?
[2026-04-18T15:17:34.676Z] Plugin: vite:import-analysis
[2026-04-18T15:17:34.676Z] File: /home/ubuntu/viaoceanica-ai/client/src/hooks/useApi.ts:12:57
[2026-04-18T15:17:34.676Z] 1  |  import { useState, useEffect, useCallback, useRef } from "react";
[2026-04-18T15:17:34.676Z] |                                                            ^
[2026-04-18T15:17:34.677Z] 2  |  async function apiFetch(path, init) {
[2026-04-18T15:17:34.677Z] 3  |    const res = await fetch(path, {
[2026-04-18T15:17:34.677Z] 11:17:34 AM [vite] (client) Pre-transform error: Failed to resolve import "react" from "client/src/hooks/useApi.ts". Does the file exist?
[2026-04-18T15:17:34.677Z] Plugin: vite:import-analysis
[2026-04-18T15:17:34.677Z] File: /home/ubuntu/viaoceanica-ai/client/src/hooks/useApi.ts:12:57
[2026-04-18T15:17:34.678Z] 1  |  import { useState, useEffect, useCallback, useRef } from "react";
[2026-04-18T15:17:34.678Z] |                                                            ^
[2026-04-18T15:17:34.678Z] 2  |  async function apiFetch(path, init) {
[2026-04-18T15:17:34.678Z] 3  |    const res = await fetch(path, {
[2026-04-18T15:17:34.678Z] 11:17:34 AM [vite] (client) Pre-transform error: Failed to resolve import "react" from "client/src/hooks/useApi.ts". Does the file exist?
[2026-04-18T15:17:34.678Z] Plugin: vite:import-analysis
[2026-04-18T15:17:34.679Z] File: /home/ubuntu/viaoceanica-ai/client/src/hooks/useApi.ts:12:57
[2026-04-18T15:17:34.679Z] 1  |  import { useState, useEffect, useCallback, useRef } from "react";
[2026-04-18T15:17:34.679Z] |                                                            ^
[2026-04-18T15:17:34.679Z] 2  |  async function apiFetch(path, init) {
[2026-04-18T15:17:34.679Z] 3  |    const res = await fetch(path, {
[2026-04-18T15:17:34.680Z] 11:17:34 AM [vite] (client) Pre-transform error: Failed to resolve import "react" from "client/src/hooks/useApi.ts". Does the file exist?
[2026-04-18T15:17:34.680Z] Plugin: vite:import-analysis
[2026-04-18T15:17:34.680Z] File: /home/ubuntu/viaoceanica-ai/client/src/hooks/useApi.ts:12:57
[2026-04-18T15:17:34.680Z] 1  |  import { useState, useEffect, useCallback, useRef } from "react";
[2026-04-18T15:17:34.680Z] |                                                            ^
[2026-04-18T15:17:34.681Z] 2  |  async function apiFetch(path, init) {
[2026-04-18T15:17:34.681Z] 3  |    const res = await fetch(path, {
[2026-04-18T15:17:34.681Z] 11:17:34 AM [vite] (client) Pre-transform error: Failed to resolve import "react/jsx-dev-runtime" from "client/src/components/ui/card.tsx". Does the file exist?
[2026-04-18T15:17:34.681Z] Plugin: vite:import-analysis
[2026-04-18T15:17:34.681Z] File: /home/ubuntu/viaoceanica-ai/client/src/components/ui/card.tsx:7:4
[2026-04-18T15:17:34.682Z] 1  |  import { jsxDEV } from "react/jsx-dev-runtime";
[2026-04-18T15:17:34.682Z] |                          ^
[2026-04-18T15:17:34.682Z] 2  |  import { cn } from "@/lib/utils";
[2026-04-18T15:17:34.682Z] 3  |  function Card({ className, ...props }) {
[2026-04-18T15:17:34.682Z] 11:17:34 AM [vite] (client) Pre-transform error: Failed to resolve import "react/jsx-dev-runtime" from "client/src/components/ui/card.tsx". Does the file exist?
[2026-04-18T15:17:34.682Z] Plugin: vite:import-analysis
[2026-04-18T15:17:34.683Z] File: /home/ubuntu/viaoceanica-ai/client/src/components/ui/card.tsx:7:4
[2026-04-18T15:17:34.683Z] 1  |  import { jsxDEV } from "react/jsx-dev-runtime";
[2026-04-18T15:17:34.683Z] |                          ^
[2026-04-18T15:17:34.683Z] 2  |  import { cn } from "@/lib/utils";
[2026-04-18T15:17:34.683Z] 3  |  function Card({ className, ...props }) {
[2026-04-18T15:17:34.684Z] 11:17:34 AM [vite] (client) Pre-transform error: Failed to resolve import "react/jsx-dev-runtime" from "client/src/components/ui/card.tsx". Does the file exist?
[2026-04-18T15:17:34.684Z] Plugin: vite:import-analysis
[2026-04-18T15:17:34.684Z] File: /home/ubuntu/viaoceanica-ai/client/src/components/ui/card.tsx:7:4
[2026-04-18T15:17:34.684Z] 1  |  import { jsxDEV } from "react/jsx-dev-runtime";
[2026-04-18T15:17:34.684Z] |                          ^
[2026-04-18T15:17:34.684Z] 2  |  import { cn } from "@/lib/utils";
[2026-04-18T15:17:34.685Z] 3  |  function Card({ className, ...props }) {
[2026-04-18T15:17:34.685Z] 11:17:34 AM [vite] (client) Pre-transform error: Failed to resolve import "react/jsx-dev-runtime" from "client/src/components/ui/card.tsx". Does the file exist?
[2026-04-18T15:17:34.685Z] Plugin: vite:import-analysis
[2026-04-18T15:17:34.685Z] File: /home/ubuntu/viaoceanica-ai/client/src/components/ui/card.tsx:7:4
[2026-04-18T15:17:34.685Z] 1  |  import { jsxDEV } from "react/jsx-dev-runtime";
[2026-04-18T15:17:34.686Z] |                          ^
[2026-04-18T15:17:34.686Z] 2  |  import { cn } from "@/lib/utils";
[2026-04-18T15:17:34.686Z] 3  |  function Card({ className, ...props }) {
[2026-04-18T15:17:34.686Z] 11:17:34 AM [vite] (client) Pre-transform error: Failed to resolve import "react/jsx-dev-runtime" from "client/src/components/ui/card.tsx". Does the file exist?
[2026-04-18T15:17:34.686Z] Plugin: vite:import-analysis
[2026-04-18T15:17:34.687Z] File: /home/ubuntu/viaoceanica-ai/client/src/components/ui/card.tsx:7:4
[2026-04-18T15:17:34.687Z] 1  |  import { jsxDEV } from "react/jsx-dev-runtime";
[2026-04-18T15:17:34.687Z] |                          ^
[2026-04-18T15:17:34.687Z] 2  |  import { cn } from "@/lib/utils";
[2026-04-18T15:17:34.688Z] 3  |  function Card({ className, ...props }) {
[2026-04-18T15:17:34.688Z] 11:17:34 AM [vite] (client) Pre-transform error: Failed to resolve import "react/jsx-dev-runtime" from "client/src/components/ui/card.tsx". Does the file exist?
[2026-04-18T15:17:34.688Z] Plugin: vite:import-analysis
[2026-04-18T15:17:34.688Z] File: /home/ubuntu/viaoceanica-ai/client/src/components/ui/card.tsx:7:4
[2026-04-18T15:17:34.689Z] 1  |  import { jsxDEV } from "react/jsx-dev-runtime";
[2026-04-18T15:17:34.689Z] |                          ^
[2026-04-18T15:17:34.689Z] 2  |  import { cn } from "@/lib/utils";
[2026-04-18T15:17:34.689Z] 3  |  function Card({ className, ...props }) {
[2026-04-18T15:17:34.689Z] 11:17:34 AM [vite] (client) Pre-transform error: Failed to resolve import "react/jsx-dev-runtime" from "client/src/components/ui/card.tsx". Does the file exist?
[2026-04-18T15:17:34.690Z] Plugin: vite:import-analysis
[2026-04-18T15:17:34.690Z] File: /home/ubuntu/viaoceanica-ai/client/src/components/ui/card.tsx:7:4
[2026-04-18T15:17:34.690Z] 1  |  import { jsxDEV } from "react/jsx-dev-runtime";
[2026-04-18T15:17:34.690Z] |                          ^
[2026-04-18T15:17:34.690Z] 2  |  import { cn } from "@/lib/utils";
[2026-04-18T15:17:34.691Z] 3  |  function Card({ className, ...props }) {
[2026-04-18T15:17:34.691Z] 11:17:34 AM [vite] (client) Pre-transform error: Failed to resolve import "react/jsx-dev-runtime" from "client/src/components/ui/card.tsx". Does the file exist?
[2026-04-18T15:17:34.691Z] Plugin: vite:import-analysis
[2026-04-18T15:17:34.691Z] File: /home/ubuntu/viaoceanica-ai/client/src/components/ui/card.tsx:7:4
[2026-04-18T15:17:34.691Z] 1  |  import { jsxDEV } from "react/jsx-dev-runtime";
[2026-04-18T15:17:34.691Z] |                          ^
[2026-04-18T15:17:34.692Z] 2  |  import { cn } from "@/lib/utils";
[2026-04-18T15:17:34.692Z] 3  |  function Card({ className, ...props }) {
[2026-04-18T15:17:34.692Z] 11:17:34 AM [vite] (client) Pre-transform error: Failed to resolve import "react/jsx-dev-runtime" from "client/src/components/ui/card.tsx". Does the file exist?
[2026-04-18T15:17:34.692Z] Plugin: vite:import-analysis
[2026-04-18T15:17:34.692Z] File: /home/ubuntu/viaoceanica-ai/client/src/components/ui/card.tsx:7:4
[2026-04-18T15:17:34.693Z] 1  |  import { jsxDEV } from "react/jsx-dev-runtime";
[2026-04-18T15:17:34.693Z] |                          ^
[2026-04-18T15:17:34.693Z] 2  |  import { cn } from "@/lib/utils";
[2026-04-18T15:17:34.693Z] 3  |  function Card({ className, ...props }) {
[2026-04-18T15:17:34.693Z] 11:17:34 AM [vite] (client) Pre-transform error: Failed to resolve import "react/jsx-dev-runtime" from "client/src/components/ui/card.tsx". Does the file exist?
[2026-04-18T15:17:34.693Z] Plugin: vite:import-analysis
[2026-04-18T15:17:34.694Z] File: /home/ubuntu/viaoceanica-ai/client/src/components/ui/card.tsx:7:4
[2026-04-18T15:17:34.694Z] 1  |  import { jsxDEV } from "react/jsx-dev-runtime";
[2026-04-18T15:17:34.694Z] |                          ^
[2026-04-18T15:17:34.694Z] 2  |  import { cn } from "@/lib/utils";
[2026-04-18T15:17:34.694Z] 3  |  function Card({ className, ...props }) {
[2026-04-18T15:17:34.694Z] 11:17:34 AM [vite] (client) Pre-transform error: Failed to resolve import "react/jsx-dev-runtime" from "client/src/components/ui/card.tsx". Does the file exist?
[2026-04-18T15:17:34.695Z] Plugin: vite:import-analysis
[2026-04-18T15:17:34.695Z] File: /home/ubuntu/viaoceanica-ai/client/src/components/ui/card.tsx:7:4
[2026-04-18T15:17:34.695Z] 1  |  import { jsxDEV } from "react/jsx-dev-runtime";
[2026-04-18T15:17:34.695Z] |                          ^
[2026-04-18T15:17:34.695Z] 2  |  import { cn } from "@/lib/utils";
[2026-04-18T15:17:34.696Z] 3  |  function Card({ className, ...props }) {
[2026-04-18T15:17:34.696Z] 11:17:34 AM [vite] (client) Pre-transform error: Failed to resolve import "react/jsx-dev-runtime" from "client/src/components/ui/card.tsx". Does the file exist?
[2026-04-18T15:17:34.696Z] Plugin: vite:import-analysis
[2026-04-18T15:17:34.696Z] File: /home/ubuntu/viaoceanica-ai/client/src/components/ui/card.tsx:7:4
[2026-04-18T15:17:34.696Z] 1  |  import { jsxDEV } from "react/jsx-dev-runtime";
[2026-04-18T15:17:34.697Z] |                          ^
[2026-04-18T15:17:34.697Z] 2  |  import { cn } from "@/lib/utils";
[2026-04-18T15:17:34.697Z] 3  |  function Card({ className, ...props }) {
[2026-04-18T15:17:34.697Z] 11:17:34 AM [vite] (client) Pre-transform error: Failed to resolve import "react/jsx-dev-runtime" from "client/src/components/ui/card.tsx". Does the file exist?
[2026-04-18T15:17:34.697Z] Plugin: vite:import-analysis
[2026-04-18T15:17:34.698Z] File: /home/ubuntu/viaoceanica-ai/client/src/components/ui/card.tsx:7:4
[2026-04-18T15:17:34.698Z] 1  |  import { jsxDEV } from "react/jsx-dev-runtime";
[2026-04-18T15:17:34.726Z] |                          ^
[2026-04-18T15:17:34.728Z] 2  |  import { cn } from "@/lib/utils";
[2026-04-18T15:17:34.729Z] 3  |  function Card({ className, ...props }) {
[2026-04-18T15:17:34.729Z] 11:17:34 AM [vite] (client) Pre-transform error: Failed to resolve import "react/jsx-dev-runtime" from "client/src/components/ui/card.tsx". Does the file exist?
[2026-04-18T15:17:34.729Z] Plugin: vite:import-analysis
[2026-04-18T15:17:34.730Z] File: /home/ubuntu/viaoceanica-ai/client/src/components/ui/card.tsx:7:4
[2026-04-18T15:17:34.730Z] 1  |  import { jsxDEV } from "react/jsx-dev-runtime";
[2026-04-18T15:17:34.730Z] |                          ^
[2026-04-18T15:17:34.730Z] 2  |  import { cn } from "@/lib/utils";
[2026-04-18T15:17:34.730Z] 3  |  function Card({ className, ...props }) {
[2026-04-18T15:17:34.731Z] 11:17:34 AM [vite] (client) Pre-transform error: Failed to resolve import "react/jsx-dev-runtime" from "client/src/components/ui/card.tsx". Does the file exist?
[2026-04-18T15:17:34.731Z] Plugin: vite:import-analysis
[2026-04-18T15:17:34.731Z] File: /home/ubuntu/viaoceanica-ai/client/src/components/ui/card.tsx:7:4
[2026-04-18T15:17:34.731Z] 1  |  import { jsxDEV } from "react/jsx-dev-runtime";
[2026-04-18T15:17:34.731Z] |                          ^
[2026-04-18T15:17:34.732Z] 2  |  import { cn } from "@/lib/utils";
[2026-04-18T15:17:34.732Z] 3  |  function Card({ className, ...props }) {
[2026-04-18T15:17:34.732Z] 11:17:34 AM [vite] (client) Pre-transform error: Failed to resolve import "react/jsx-dev-runtime" from "client/src/components/ui/card.tsx". Does the file exist?
[2026-04-18T15:17:34.732Z] Plugin: vite:import-analysis
[2026-04-18T15:17:34.732Z] File: /home/ubuntu/viaoceanica-ai/client/src/components/ui/card.tsx:7:4
[2026-04-18T15:17:34.733Z] 1  |  import { jsxDEV } from "react/jsx-dev-runtime";
[2026-04-18T15:17:34.733Z] |                          ^
[2026-04-18T15:17:34.733Z] 2  |  import { cn } from "@/lib/utils";
[2026-04-18T15:17:34.733Z] 3  |  function Card({ className, ...props }) {
[2026-04-18T15:17:34.733Z] 11:17:34 AM [vite] (client) Pre-transform error: Failed to resolve import "react/jsx-dev-runtime" from "client/src/components/ui/card.tsx". Does the file exist?
[2026-04-18T15:17:34.734Z] Plugin: vite:import-analysis
[2026-04-18T15:17:34.734Z] File: /home/ubuntu/viaoceanica-ai/client/src/components/ui/card.tsx:7:4
[2026-04-18T15:17:34.734Z] 1  |  import { jsxDEV } from "react/jsx-dev-runtime";
[2026-04-18T15:17:34.734Z] |                          ^
[2026-04-18T15:17:34.735Z] 2  |  import { cn } from "@/lib/utils";
[2026-04-18T15:17:34.735Z] 3  |  function Card({ className, ...props }) {
[2026-04-18T15:17:34.735Z] 11:17:34 AM [vite] (client) Pre-transform error: Failed to resolve import "react/jsx-dev-runtime" from "client/src/components/ui/card.tsx". Does the file exist?
[2026-04-18T15:17:34.735Z] Plugin: vite:import-analysis
[2026-04-18T15:17:34.735Z] File: /home/ubuntu/viaoceanica-ai/client/src/components/ui/card.tsx:7:4
[2026-04-18T15:17:34.735Z] 1  |  import { jsxDEV } from "react/jsx-dev-runtime";
[2026-04-18T15:17:34.736Z] |                          ^
[2026-04-18T15:17:34.736Z] 2  |  import { cn } from "@/lib/utils";
[2026-04-18T15:17:34.736Z] 3  |  function Card({ className, ...props }) {
[2026-04-18T15:17:34.736Z] 11:17:34 AM [vite] (client) Pre-transform error: Failed to resolve import "react/jsx-dev-runtime" from "client/src/components/ui/card.tsx". Does the file exist?
[2026-04-18T15:17:34.736Z] Plugin: vite:import-analysis
[2026-04-18T15:17:34.737Z] File: /home/ubuntu/viaoceanica-ai/client/src/components/ui/card.tsx:7:4
[2026-04-18T15:17:34.737Z] 1  |  import { jsxDEV } from "react/jsx-dev-runtime";
[2026-04-18T15:17:34.737Z] |                          ^
[2026-04-18T15:17:34.737Z] 2  |  import { cn } from "@/lib/utils";
[2026-04-18T15:17:34.737Z] 3  |  function Card({ className, ...props }) {
[2026-04-18T15:17:34.738Z] 11:17:34 AM [vite] (client) Pre-transform error: Failed to resolve import "react/jsx-dev-runtime" from "client/src/components/ui/card.tsx". Does the file exist?
[2026-04-18T15:17:34.738Z] Plugin: vite:import-analysis
[2026-04-18T15:17:34.738Z] File: /home/ubuntu/viaoceanica-ai/client/src/components/ui/card.tsx:7:4
[2026-04-18T15:17:34.738Z] 1  |  import { jsxDEV } from "react/jsx-dev-runtime";
[2026-04-18T15:17:34.738Z] |                          ^
[2026-04-18T15:17:34.738Z] 2  |  import { cn } from "@/lib/utils";
[2026-04-18T15:17:34.739Z] 3  |  function Card({ className, ...props }) {
[2026-04-18T15:17:34.739Z] 11:17:34 AM [vite] (client) Pre-transform error: Failed to resolve import "react/jsx-dev-runtime" from "client/src/components/ui/card.tsx". Does the file exist?
[2026-04-18T15:17:34.739Z] Plugin: vite:import-analysis
[2026-04-18T15:17:34.739Z] File: /home/ubuntu/viaoceanica-ai/client/src/components/ui/card.tsx:7:4
[2026-04-18T15:17:34.739Z] 1  |  import { jsxDEV } from "react/jsx-dev-runtime";
[2026-04-18T15:17:34.740Z] |                          ^
[2026-04-18T15:17:34.740Z] 2  |  import { cn } from "@/lib/utils";
[2026-04-18T15:17:34.740Z] 3  |  function Card({ className, ...props }) {
[2026-04-18T15:17:34.740Z] 11:17:34 AM [vite] (client) Pre-transform error: Failed to resolve import "react/jsx-dev-runtime" from "client/src/components/ui/label.tsx". Does the file exist?
[2026-04-18T15:17:34.740Z] Plugin: vite:import-analysis
[2026-04-18T15:17:34.741Z] File: /home/ubuntu/viaoceanica-ai/client/src/components/ui/label.tsx:11:4
[2026-04-18T15:17:34.741Z] 1  |  import { jsxDEV } from "react/jsx-dev-runtime";
[2026-04-18T15:17:34.741Z] |                          ^
[2026-04-18T15:17:34.742Z] 2  |  import * as LabelPrimitive from "@radix-ui/react-label";
[2026-04-18T15:17:34.742Z] 3  |  import { cn } from "@/lib/utils";
[2026-04-18T15:17:34.742Z] 11:17:34 AM [vite] (client) Pre-transform error: Failed to resolve import "react/jsx-dev-runtime" from "client/src/components/ui/label.tsx". Does the file exist?
[2026-04-18T15:17:34.742Z] Plugin: vite:import-analysis
[2026-04-18T15:17:34.742Z] File: /home/ubuntu/viaoceanica-ai/client/src/components/ui/label.tsx:11:4
[2026-04-18T15:17:34.743Z] 1  |  import { jsxDEV } from "react/jsx-dev-runtime";
[2026-04-18T15:17:34.743Z] |                          ^
[2026-04-18T15:17:34.743Z] 2  |  import * as LabelPrimitive from "@radix-ui/react-label";
[2026-04-18T15:17:34.744Z] 3  |  import { cn } from "@/lib/utils";
[2026-04-18T15:17:34.744Z] 11:17:34 AM [vite] (client) Pre-transform error: Failed to resolve import "react/jsx-dev-runtime" from "client/src/components/ui/label.tsx". Does the file exist?
[2026-04-18T15:17:34.744Z] Plugin: vite:import-analysis
[2026-04-18T15:17:34.745Z] File: /home/ubuntu/viaoceanica-ai/client/src/components/ui/label.tsx:11:4
[2026-04-18T15:17:34.745Z] 1  |  import { jsxDEV } from "react/jsx-dev-runtime";
[2026-04-18T15:17:34.745Z] |                          ^
[2026-04-18T15:17:34.746Z] 2  |  import * as LabelPrimitive from "@radix-ui/react-label";
[2026-04-18T15:17:34.746Z] 3  |  import { cn } from "@/lib/utils";
[2026-04-18T15:17:34.746Z] 11:17:34 AM [vite] (client) Pre-transform error: Failed to resolve import "react/jsx-dev-runtime" from "client/src/components/ui/label.tsx". Does the file exist?
[2026-04-18T15:17:34.746Z] Plugin: vite:import-analysis
[2026-04-18T15:17:34.747Z] File: /home/ubuntu/viaoceanica-ai/client/src/components/ui/label.tsx:11:4
[2026-04-18T15:17:34.747Z] 1  |  import { jsxDEV } from "react/jsx-dev-runtime";
[2026-04-18T15:17:34.747Z] |                          ^
[2026-04-18T15:17:34.747Z] 2  |  import * as LabelPrimitive from "@radix-ui/react-label";
[2026-04-18T15:17:34.748Z] 3  |  import { cn } from "@/lib/utils";
[2026-04-18T15:17:34.748Z] 11:17:34 AM [vite] (client) Pre-transform error: Failed to resolve import "react/jsx-dev-runtime" from "client/src/components/ui/label.tsx". Does the file exist?
[2026-04-18T15:17:34.748Z] Plugin: vite:import-analysis
[2026-04-18T15:17:34.748Z] File: /home/ubuntu/viaoceanica-ai/client/src/components/ui/label.tsx:11:4
[2026-04-18T15:17:34.748Z] 1  |  import { jsxDEV } from "react/jsx-dev-runtime";
[2026-04-18T15:17:34.749Z] |                          ^
[2026-04-18T15:17:34.749Z] 2  |  import * as LabelPrimitive from "@radix-ui/react-label";
[2026-04-18T15:17:34.749Z] 3  |  import { cn } from "@/lib/utils";
[2026-04-18T15:17:34.749Z] 11:17:34 AM [vite] (client) Pre-transform error: Failed to resolve import "react/jsx-dev-runtime" from "client/src/components/ui/label.tsx". Does the file exist?
[2026-04-18T15:17:34.749Z] Plugin: vite:import-analysis
[2026-04-18T15:17:34.749Z] File: /home/ubuntu/viaoceanica-ai/client/src/components/ui/label.tsx:11:4
[2026-04-18T15:17:34.750Z] 1  |  import { jsxDEV } from "react/jsx-dev-runtime";
[2026-04-18T15:17:34.750Z] |                          ^
[2026-04-18T15:17:34.750Z] 2  |  import * as LabelPrimitive from "@radix-ui/react-label";
[2026-04-18T15:17:34.750Z] 3  |  import { cn } from "@/lib/utils";
[2026-04-18T15:17:34.750Z] 11:17:34 AM [vite] (client) Pre-transform error: Failed to resolve import "react/jsx-dev-runtime" from "client/src/components/ui/label.tsx". Does the file exist?
[2026-04-18T15:17:34.751Z] Plugin: vite:import-analysis
[2026-04-18T15:17:34.751Z] File: /home/ubuntu/viaoceanica-ai/client/src/components/ui/label.tsx:11:4
[2026-04-18T15:17:34.751Z] 1  |  import { jsxDEV } from "react/jsx-dev-runtime";
[2026-04-18T15:17:34.751Z] |                          ^
[2026-04-18T15:17:34.751Z] 2  |  import * as LabelPrimitive from "@radix-ui/react-label";
[2026-04-18T15:17:34.751Z] 3  |  import { cn } from "@/lib/utils";
[2026-04-18T15:17:34.752Z] 11:17:34 AM [vite] (client) Pre-transform error: Failed to resolve import "react/jsx-dev-runtime" from "client/src/components/ui/label.tsx". Does the file exist?
[2026-04-18T15:17:34.752Z] Plugin: vite:import-analysis
[2026-04-18T15:17:34.752Z] File: /home/ubuntu/viaoceanica-ai/client/src/components/ui/label.tsx:11:4
[2026-04-18T15:17:34.752Z] 1  |  import { jsxDEV } from "react/jsx-dev-runtime";
[2026-04-18T15:17:34.752Z] |                          ^
[2026-04-18T15:17:34.753Z] 2  |  import * as LabelPrimitive from "@radix-ui/react-label";
[2026-04-18T15:17:34.753Z] 3  |  import { cn } from "@/lib/utils";
[2026-04-18T15:17:34.753Z] 11:17:34 AM [vite] (client) Pre-transform error: Failed to resolve import "react/jsx-dev-runtime" from "client/src/components/ui/label.tsx". Does the file exist?
[2026-04-18T15:17:34.753Z] Plugin: vite:import-analysis
[2026-04-18T15:17:34.753Z] File: /home/ubuntu/viaoceanica-ai/client/src/components/ui/label.tsx:11:4
[2026-04-18T15:17:34.755Z] 1  |  import { jsxDEV } from "react/jsx-dev-runtime";
[2026-04-18T15:17:34.755Z] |                          ^
[2026-04-18T15:17:34.756Z] 2  |  import * as LabelPrimitive from "@radix-ui/react-label";
[2026-04-18T15:17:34.756Z] 3  |  import { cn } from "@/lib/utils";
[2026-04-18T15:17:34.756Z] 11:17:34 AM [vite] (client) Pre-transform error: Failed to resolve import "react/jsx-dev-runtime" from "client/src/components/ui/label.tsx". Does the file exist?
[2026-04-18T15:17:34.757Z] Plugin: vite:import-analysis
[2026-04-18T15:17:34.757Z] File: /home/ubuntu/viaoceanica-ai/client/src/components/ui/label.tsx:11:4
[2026-04-18T15:17:34.757Z] 1  |  import { jsxDEV } from "react/jsx-dev-runtime";
[2026-04-18T15:17:34.758Z] |                          ^
[2026-04-18T15:17:34.758Z] 2  |  import * as LabelPrimitive from "@radix-ui/react-label";
[2026-04-18T15:17:34.758Z] 3  |  import { cn } from "@/lib/utils";
[2026-04-18T15:17:34.758Z] 11:17:34 AM [vite] (client) Pre-transform error: Failed to resolve import "react/jsx-dev-runtime" from "client/src/components/ui/label.tsx". Does the file exist?
[2026-04-18T15:17:34.758Z] Plugin: vite:import-analysis
[2026-04-18T15:17:34.759Z] File: /home/ubuntu/viaoceanica-ai/client/src/components/ui/label.tsx:11:4
[2026-04-18T15:17:34.759Z] 1  |  import { jsxDEV } from "react/jsx-dev-runtime";
[2026-04-18T15:17:34.760Z] |                          ^
[2026-04-18T15:17:34.760Z] 2  |  import * as LabelPrimitive from "@radix-ui/react-label";
[2026-04-18T15:17:34.761Z] 3  |  import { cn } from "@/lib/utils";
[2026-04-18T15:17:34.761Z] 11:17:34 AM [vite] (client) Pre-transform error: Failed to resolve import "react/jsx-dev-runtime" from "client/src/components/ui/skeleton.tsx". Does the file exist?
[2026-04-18T15:17:34.761Z] Plugin: vite:import-analysis
[2026-04-18T15:17:34.761Z] File: /home/ubuntu/viaoceanica-ai/client/src/components/ui/skeleton.tsx:5:4
[2026-04-18T15:17:34.762Z] 1  |  import { jsxDEV } from "react/jsx-dev-runtime";
[2026-04-18T15:17:34.762Z] |                          ^
[2026-04-18T15:17:34.763Z] 2  |  import { cn } from "@/lib/utils";
[2026-04-18T15:17:34.763Z] 3  |  function Skeleton({ className, ...props }) {
[2026-04-18T15:17:34.763Z] 11:17:34 AM [vite] (client) Pre-transform error: Failed to resolve import "react/jsx-dev-runtime" from "client/src/components/ui/skeleton.tsx". Does the file exist?
[2026-04-18T15:17:34.763Z] Plugin: vite:import-analysis
[2026-04-18T15:17:34.763Z] File: /home/ubuntu/viaoceanica-ai/client/src/components/ui/skeleton.tsx:5:4
[2026-04-18T15:17:34.764Z] 1  |  import { jsxDEV } from "react/jsx-dev-runtime";
[2026-04-18T15:17:34.764Z] |                          ^
[2026-04-18T15:17:34.764Z] 2  |  import { cn } from "@/lib/utils";
[2026-04-18T15:17:34.764Z] 3  |  function Skeleton({ className, ...props }) {
[2026-04-18T15:17:34.765Z] 11:17:34 AM [vite] (client) Pre-transform error: Failed to resolve import "react/jsx-dev-runtime" from "client/src/components/ui/skeleton.tsx". Does the file exist?
[2026-04-18T15:17:34.765Z] Plugin: vite:import-analysis
[2026-04-18T15:17:34.765Z] File: /home/ubuntu/viaoceanica-ai/client/src/components/ui/skeleton.tsx:5:4
[2026-04-18T15:17:34.765Z] 1  |  import { jsxDEV } from "react/jsx-dev-runtime";
[2026-04-18T15:17:34.765Z] |                          ^
[2026-04-18T15:17:34.766Z] 2  |  import { cn } from "@/lib/utils";
[2026-04-18T15:17:34.766Z] 3  |  function Skeleton({ className, ...props }) {
[2026-04-18T15:17:34.766Z] 11:17:34 AM [vite] (client) Pre-transform error: Failed to resolve import "react/jsx-dev-runtime" from "client/src/components/ui/skeleton.tsx". Does the file exist?
[2026-04-18T15:17:34.766Z] Plugin: vite:import-analysis
[2026-04-18T15:17:34.766Z] File: /home/ubuntu/viaoceanica-ai/client/src/components/ui/skeleton.tsx:5:4
[2026-04-18T15:17:34.767Z] 1  |  import { jsxDEV } from "react/jsx-dev-runtime";
[2026-04-18T15:17:34.767Z] |                          ^
[2026-04-18T15:17:34.767Z] 2  |  import { cn } from "@/lib/utils";
[2026-04-18T15:17:34.767Z] 3  |  function Skeleton({ className, ...props }) {
[2026-04-18T15:17:34.768Z] 11:17:34 AM [vite] (client) Pre-transform error: Failed to resolve import "react/jsx-dev-runtime" from "client/src/components/ui/skeleton.tsx". Does the file exist?
[2026-04-18T15:17:34.768Z] Plugin: vite:import-analysis
[2026-04-18T15:17:34.768Z] File: /home/ubuntu/viaoceanica-ai/client/src/components/ui/skeleton.tsx:5:4
[2026-04-18T15:17:34.769Z] 1  |  import { jsxDEV } from "react/jsx-dev-runtime";
[2026-04-18T15:17:34.769Z] |                          ^
[2026-04-18T15:17:34.769Z] 2  |  import { cn } from "@/lib/utils";
[2026-04-18T15:17:34.769Z] 3  |  function Skeleton({ className, ...props }) {
[2026-04-18T15:17:34.769Z] 11:17:34 AM [vite] (client) Pre-transform error: Failed to resolve import "react/jsx-dev-runtime" from "client/src/components/ui/skeleton.tsx". Does the file exist?
[2026-04-18T15:17:34.770Z] Plugin: vite:import-analysis
[2026-04-18T15:17:34.770Z] File: /home/ubuntu/viaoceanica-ai/client/src/components/ui/skeleton.tsx:5:4
[2026-04-18T15:17:34.770Z] 1  |  import { jsxDEV } from "react/jsx-dev-runtime";
[2026-04-18T15:17:34.770Z] |                          ^
[2026-04-18T15:17:34.770Z] 2  |  import { cn } from "@/lib/utils";
[2026-04-18T15:17:34.771Z] 3  |  function Skeleton({ className, ...props }) {
[2026-04-18T15:17:34.771Z] 11:17:34 AM [vite] (client) Pre-transform error: Failed to resolve import "react/jsx-dev-runtime" from "client/src/components/ui/skeleton.tsx". Does the file exist?
[2026-04-18T15:17:34.771Z] Plugin: vite:import-analysis
[2026-04-18T15:17:34.771Z] File: /home/ubuntu/viaoceanica-ai/client/src/components/ui/skeleton.tsx:5:4
[2026-04-18T15:17:34.771Z] 1  |  import { jsxDEV } from "react/jsx-dev-runtime";
[2026-04-18T15:17:34.772Z] |                          ^
[2026-04-18T15:17:34.772Z] 2  |  import { cn } from "@/lib/utils";
[2026-04-18T15:17:34.772Z] 3  |  function Skeleton({ className, ...props }) {
[2026-04-18T15:17:34.772Z] 11:17:34 AM [vite] (client) Pre-transform error: Failed to resolve import "react/jsx-dev-runtime" from "client/src/components/ui/skeleton.tsx". Does the file exist?
[2026-04-18T15:17:34.772Z] Plugin: vite:import-analysis
[2026-04-18T15:17:34.773Z] File: /home/ubuntu/viaoceanica-ai/client/src/components/ui/skeleton.tsx:5:4
[2026-04-18T15:17:34.773Z] 1  |  import { jsxDEV } from "react/jsx-dev-runtime";
[2026-04-18T15:17:34.773Z] |                          ^
[2026-04-18T15:17:34.773Z] 2  |  import { cn } from "@/lib/utils";
[2026-04-18T15:17:34.774Z] 3  |  function Skeleton({ className, ...props }) {
[2026-04-18T15:17:34.774Z] 11:17:34 AM [vite] (client) Pre-transform error: Failed to resolve import "react/jsx-dev-runtime" from "client/src/components/ui/skeleton.tsx". Does the file exist?
[2026-04-18T15:17:34.774Z] Plugin: vite:import-analysis
[2026-04-18T15:17:34.774Z] File: /home/ubuntu/viaoceanica-ai/client/src/components/ui/skeleton.tsx:5:4
[2026-04-18T15:17:34.774Z] 1  |  import { jsxDEV } from "react/jsx-dev-runtime";
[2026-04-18T15:17:34.775Z] |                          ^
[2026-04-18T15:17:34.775Z] 2  |  import { cn } from "@/lib/utils";
[2026-04-18T15:17:34.775Z] 3  |  function Skeleton({ className, ...props }) {
[2026-04-18T15:17:34.775Z] 11:17:34 AM [vite] (client) Pre-transform error: Failed to resolve import "react/jsx-dev-runtime" from "client/src/components/ui/skeleton.tsx". Does the file exist?
[2026-04-18T15:17:34.775Z] Plugin: vite:import-analysis
[2026-04-18T15:17:34.775Z] File: /home/ubuntu/viaoceanica-ai/client/src/components/ui/skeleton.tsx:5:4
[2026-04-18T15:17:34.776Z] 1  |  import { jsxDEV } from "react/jsx-dev-runtime";
[2026-04-18T15:17:34.776Z] |                          ^
[2026-04-18T15:17:34.776Z] 2  |  import { cn } from "@/lib/utils";
[2026-04-18T15:17:34.776Z] 3  |  function Skeleton({ className, ...props }) {
[2026-04-18T15:17:34.777Z] 11:17:34 AM [vite] (client) Pre-transform error: Failed to resolve import "react/jsx-dev-runtime" from "client/src/components/ui/skeleton.tsx". Does the file exist?
[2026-04-18T15:17:34.777Z] Plugin: vite:import-analysis
[2026-04-18T15:17:34.777Z] File: /home/ubuntu/viaoceanica-ai/client/src/components/ui/skeleton.tsx:5:4
[2026-04-18T15:17:34.777Z] 1  |  import { jsxDEV } from "react/jsx-dev-runtime";
[2026-04-18T15:17:34.777Z] |                          ^
[2026-04-18T15:17:34.777Z] 2  |  import { cn } from "@/lib/utils";
[2026-04-18T15:17:34.778Z] 3  |  function Skeleton({ className, ...props }) {
[2026-04-18T15:17:34.778Z] 11:17:34 AM [vite] (client) Pre-transform error: Failed to resolve import "react/jsx-dev-runtime" from "client/src/components/ui/skeleton.tsx". Does the file exist?
[2026-04-18T15:17:34.778Z] Plugin: vite:import-analysis
[2026-04-18T15:17:34.778Z] File: /home/ubuntu/viaoceanica-ai/client/src/components/ui/skeleton.tsx:5:4
[2026-04-18T15:17:34.778Z] 1  |  import { jsxDEV } from "react/jsx-dev-runtime";
[2026-04-18T15:17:34.778Z] |                          ^
[2026-04-18T15:17:34.779Z] 2  |  import { cn } from "@/lib/utils";
[2026-04-18T15:17:34.779Z] 3  |  function Skeleton({ className, ...props }) {
[2026-04-18T15:17:34.779Z] 11:17:34 AM [vite] (client) Pre-transform error: Failed to resolve import "react/jsx-dev-runtime" from "client/src/components/ui/skeleton.tsx". Does the file exist?
[2026-04-18T15:17:34.779Z] Plugin: vite:import-analysis
[2026-04-18T15:17:34.779Z] File: /home/ubuntu/viaoceanica-ai/client/src/components/ui/skeleton.tsx:5:4
[2026-04-18T15:17:34.779Z] 1  |  import { jsxDEV } from "react/jsx-dev-runtime";
[2026-04-18T15:17:34.780Z] |                          ^
[2026-04-18T15:17:34.780Z] 2  |  import { cn } from "@/lib/utils";
[2026-04-18T15:17:34.780Z] 3  |  function Skeleton({ className, ...props }) {
[2026-04-18T15:17:34.780Z] 11:17:34 AM [vite] (client) Pre-transform error: Failed to resolve import "react/jsx-dev-runtime" from "client/src/components/ui/skeleton.tsx". Does the file exist?
[2026-04-18T15:17:34.780Z] Plugin: vite:import-analysis
[2026-04-18T15:17:34.781Z] File: /home/ubuntu/viaoceanica-ai/client/src/components/ui/skeleton.tsx:5:4
[2026-04-18T15:17:34.781Z] 1  |  import { jsxDEV } from "react/jsx-dev-runtime";
[2026-04-18T15:17:34.781Z] |                          ^
[2026-04-18T15:17:34.781Z] 2  |  import { cn } from "@/lib/utils";
[2026-04-18T15:17:34.781Z] 3  |  function Skeleton({ className, ...props }) {
[2026-04-18T15:17:34.782Z] 11:17:34 AM [vite] (client) Pre-transform error: Failed to resolve import "react/jsx-dev-runtime" from "client/src/components/ui/dropdown-menu.tsx". Does the file exist?
[2026-04-18T15:17:34.782Z] Plugin: vite:import-analysis
[2026-04-18T15:17:34.782Z] File: /home/ubuntu/viaoceanica-ai/client/src/components/ui/dropdown-menu.tsx:10:9
[2026-04-18T15:17:34.782Z] 1  |  import { jsxDEV } from "react/jsx-dev-runtime";
[2026-04-18T15:17:34.782Z] |                          ^
[2026-04-18T15:17:34.782Z] 2  |  import * as DropdownMenuPrimitive from "@radix-ui/react-dropdown-menu";
[2026-04-18T15:17:34.783Z] 3  |  import { CheckIcon, ChevronRightIcon, CircleIcon } from "lucide-react";
[2026-04-18T15:17:34.783Z] 11:17:34 AM [vite] (client) Pre-transform error: Failed to resolve import "react/jsx-dev-runtime" from "client/src/components/ui/collapsible.tsx". Does the file exist?
[2026-04-18T15:17:34.783Z] Plugin: vite:import-analysis
[2026-04-18T15:17:34.783Z] File: /home/ubuntu/viaoceanica-ai/client/src/components/ui/collapsible.tsx:6:9
[2026-04-18T15:17:34.783Z] 1  |  import { jsxDEV } from "react/jsx-dev-runtime";
[2026-04-18T15:17:34.783Z] |                          ^
[2026-04-18T15:17:34.784Z] 2  |  import * as CollapsiblePrimitive from "@radix-ui/react-collapsible";
[2026-04-18T15:17:34.784Z] 3  |  function Collapsible({
[2026-04-18T15:17:34.784Z] 11:17:34 AM [vite] (client) Pre-transform error: Failed to resolve import "react" from "client/src/hooks/useApi.ts". Does the file exist?
[2026-04-18T15:17:34.784Z] Plugin: vite:import-analysis
[2026-04-18T15:17:34.784Z] File: /home/ubuntu/viaoceanica-ai/client/src/hooks/useApi.ts:12:57
[2026-04-18T15:17:34.785Z] 1  |  import { useState, useEffect, useCallback, useRef } from "react";
[2026-04-18T15:17:34.785Z] |                                                            ^
[2026-04-18T15:17:34.785Z] 2  |  async function apiFetch(path, init) {
[2026-04-18T15:17:34.785Z] 3  |    const res = await fetch(path, {
[2026-04-18T15:17:34.785Z] 11:17:34 AM [vite] (client) Pre-transform error: Failed to resolve import "react/jsx-dev-runtime" from "client/src/components/ui/card.tsx". Does the file exist?
[2026-04-18T15:17:34.785Z] Plugin: vite:import-analysis
[2026-04-18T15:17:34.786Z] File: /home/ubuntu/viaoceanica-ai/client/src/components/ui/card.tsx:7:4
[2026-04-18T15:17:34.786Z] 1  |  import { jsxDEV } from "react/jsx-dev-runtime";
[2026-04-18T15:17:34.786Z] |                          ^
[2026-04-18T15:17:34.786Z] 2  |  import { cn } from "@/lib/utils";
[2026-04-18T15:17:34.786Z] 3  |  function Card({ className, ...props }) {
[2026-04-18T15:17:34.786Z] 11:17:34 AM [vite] (client) Pre-transform error: Failed to resolve import "react/jsx-dev-runtime" from "client/src/components/ui/label.tsx". Does the file exist?
[2026-04-18T15:17:34.787Z] Plugin: vite:import-analysis
[2026-04-18T15:17:34.787Z] File: /home/ubuntu/viaoceanica-ai/client/src/components/ui/label.tsx:11:4
[2026-04-18T15:17:34.787Z] 1  |  import { jsxDEV } from "react/jsx-dev-runtime";
[2026-04-18T15:17:34.787Z] |                          ^
[2026-04-18T15:17:34.787Z] 2  |  import * as LabelPrimitive from "@radix-ui/react-label";
[2026-04-18T15:17:34.788Z] 3  |  import { cn } from "@/lib/utils";
[2026-04-18T15:17:34.788Z] 11:17:34 AM [vite] (client) Pre-transform error: Failed to resolve import "react/jsx-dev-runtime" from "client/src/components/ui/skeleton.tsx". Does the file exist?
[2026-04-18T15:17:34.788Z] Plugin: vite:import-analysis
[2026-04-18T15:17:34.788Z] File: /home/ubuntu/viaoceanica-ai/client/src/components/ui/skeleton.tsx:5:4
[2026-04-18T15:17:34.788Z] 1  |  import { jsxDEV } from "react/jsx-dev-runtime";
[2026-04-18T15:17:34.788Z] |                          ^
[2026-04-18T15:17:34.789Z] 2  |  import { cn } from "@/lib/utils";
[2026-04-18T15:17:34.789Z] 3  |  function Skeleton({ className, ...props }) {
[2026-04-18T15:17:34.789Z] 11:17:34 AM [vite] (client) Pre-transform error: Failed to resolve import "react/jsx-dev-runtime" from "client/src/components/ui/sidebar.tsx". Does the file exist?
[2026-04-18T15:17:34.789Z] Plugin: vite:import-analysis
[2026-04-18T15:17:34.789Z] File: /home/ubuntu/viaoceanica-ai/client/src/components/ui/sidebar.tsx:131:8
[2026-04-18T15:17:34.789Z] 1  |  "use client";
[2026-04-18T15:17:34.790Z] 2  |  import { jsxDEV } from "react/jsx-dev-runtime";
[2026-04-18T15:17:34.790Z] |                          ^
[2026-04-18T15:17:34.790Z] 3  |  var _s = $RefreshSig$(), _s2 = $RefreshSig$(), _s3 = $RefreshSig$(), _s4 = $RefreshSig$(), _s5 = $RefreshSig$(), _s6 ...
[2026-04-18T15:17:34.790Z] 4  |  import { Button } from "@/components/ui/button";
[2026-04-18T15:17:34.790Z] 11:17:34 AM [vite] (client) Pre-transform error: Failed to resolve import "react/jsx-dev-runtime" from "client/src/components/ui/select.tsx". Does the file exist?
[2026-04-18T15:17:34.791Z] Plugin: vite:import-analysis
[2026-04-18T15:17:34.791Z] File: /home/ubuntu/viaoceanica-ai/client/src/components/ui/select.tsx:10:9
[2026-04-18T15:17:34.791Z] 1  |  import { jsxDEV } from "react/jsx-dev-runtime";
[2026-04-18T15:17:34.791Z] |                          ^
[2026-04-18T15:17:34.791Z] 2  |  import * as SelectPrimitive from "@radix-ui/react-select";
[2026-04-18T15:17:34.791Z] 3  |  import { CheckIcon, ChevronDownIcon, ChevronUpIcon } from "lucide-react";
[2026-04-18T15:17:34.792Z] 11:17:34 AM [vite] (client) Pre-transform error: Failed to resolve import "react/jsx-dev-runtime" from "client/src/components/ui/select.tsx". Does the file exist?
[2026-04-18T15:17:34.792Z] Plugin: vite:import-analysis
[2026-04-18T15:17:34.792Z] File: /home/ubuntu/viaoceanica-ai/client/src/components/ui/select.tsx:10:9
[2026-04-18T15:17:34.792Z] 1  |  import { jsxDEV } from "react/jsx-dev-runtime";
[2026-04-18T15:17:34.793Z] |                          ^
[2026-04-18T15:17:34.793Z] 2  |  import * as SelectPrimitive from "@radix-ui/react-select";
[2026-04-18T15:17:34.793Z] 3  |  import { CheckIcon, ChevronDownIcon, ChevronUpIcon } from "lucide-react";
[2026-04-18T15:17:34.793Z] 11:17:34 AM [vite] (client) Pre-transform error: Failed to resolve import "react/jsx-dev-runtime" from "client/src/components/ui/select.tsx". Does the file exist?
[2026-04-18T15:17:34.793Z] Plugin: vite:import-analysis
[2026-04-18T15:17:34.793Z] File: /home/ubuntu/viaoceanica-ai/client/src/components/ui/select.tsx:10:9
[2026-04-18T15:17:34.794Z] 1  |  import { jsxDEV } from "react/jsx-dev-runtime";
[2026-04-18T15:17:34.794Z] |                          ^
[2026-04-18T15:17:34.794Z] 2  |  import * as SelectPrimitive from "@radix-ui/react-select";
[2026-04-18T15:17:34.794Z] 3  |  import { CheckIcon, ChevronDownIcon, ChevronUpIcon } from "lucide-react";
[2026-04-18T15:17:34.794Z] 11:17:34 AM [vite] (client) Pre-transform error: Failed to resolve import "react/jsx-dev-runtime" from "client/src/components/ui/badge.tsx". Does the file exist?
[2026-04-18T15:17:34.794Z] Plugin: vite:import-analysis
[2026-04-18T15:17:34.795Z] File: /home/ubuntu/viaoceanica-ai/client/src/components/ui/badge.tsx:38:4
[2026-04-18T15:17:34.795Z] 1  |  import { jsxDEV } from "react/jsx-dev-runtime";
[2026-04-18T15:17:34.795Z] |                          ^
[2026-04-18T15:17:34.795Z] 2  |  import { Slot } from "@radix-ui/react-slot";
[2026-04-18T15:17:34.795Z] 3  |  import { cva } from "class-variance-authority";
[2026-04-18T15:17:34.795Z] 11:17:34 AM [vite] (client) Pre-transform error: Failed to resolve import "react/jsx-dev-runtime" from "client/src/components/ui/badge.tsx". Does the file exist?
[2026-04-18T15:17:34.796Z] Plugin: vite:import-analysis
[2026-04-18T15:17:34.796Z] File: /home/ubuntu/viaoceanica-ai/client/src/components/ui/badge.tsx:38:4
[2026-04-18T15:17:34.796Z] 1  |  import { jsxDEV } from "react/jsx-dev-runtime";
[2026-04-18T15:17:34.796Z] |                          ^
[2026-04-18T15:17:34.796Z] 2  |  import { Slot } from "@radix-ui/react-slot";
[2026-04-18T15:17:34.796Z] 3  |  import { cva } from "class-variance-authority";
[2026-04-18T15:17:34.797Z] 11:17:34 AM [vite] (client) Pre-transform error: Failed to resolve import "react/jsx-dev-runtime" from "client/src/components/ui/badge.tsx". Does the file exist?
[2026-04-18T15:17:34.797Z] Plugin: vite:import-analysis
[2026-04-18T15:17:34.797Z] File: /home/ubuntu/viaoceanica-ai/client/src/components/ui/badge.tsx:38:4
[2026-04-18T15:17:34.797Z] 1  |  import { jsxDEV } from "react/jsx-dev-runtime";
[2026-04-18T15:17:34.797Z] |                          ^
[2026-04-18T15:17:34.797Z] 2  |  import { Slot } from "@radix-ui/react-slot";
[2026-04-18T15:17:34.798Z] 3  |  import { cva } from "class-variance-authority";
[2026-04-18T15:17:34.798Z] 11:17:34 AM [vite] (client) Pre-transform error: Failed to resolve import "react/jsx-dev-runtime" from "client/src/components/ui/badge.tsx". Does the file exist?
[2026-04-18T15:17:34.798Z] Plugin: vite:import-analysis
[2026-04-18T15:17:34.798Z] File: /home/ubuntu/viaoceanica-ai/client/src/components/ui/badge.tsx:38:4
[2026-04-18T15:17:34.798Z] 1  |  import { jsxDEV } from "react/jsx-dev-runtime";
[2026-04-18T15:17:34.799Z] |                          ^
[2026-04-18T15:17:34.799Z] 2  |  import { Slot } from "@radix-ui/react-slot";
[2026-04-18T15:17:34.799Z] 3  |  import { cva } from "class-variance-authority";
[2026-04-18T15:17:34.799Z] 11:17:34 AM [vite] (client) Pre-transform error: Failed to resolve import "react/jsx-dev-runtime" from "client/src/components/ui/badge.tsx". Does the file exist?
[2026-04-18T15:17:34.799Z] Plugin: vite:import-analysis
[2026-04-18T15:17:34.799Z] File: /home/ubuntu/viaoceanica-ai/client/src/components/ui/badge.tsx:38:4
[2026-04-18T15:17:34.800Z] 1  |  import { jsxDEV } from "react/jsx-dev-runtime";
[2026-04-18T15:17:34.800Z] |                          ^
[2026-04-18T15:17:34.800Z] 2  |  import { Slot } from "@radix-ui/react-slot";
[2026-04-18T15:17:34.800Z] 3  |  import { cva } from "class-variance-authority";
[2026-04-18T15:17:34.800Z] 11:17:34 AM [vite] (client) Pre-transform error: Failed to resolve import "react/jsx-dev-runtime" from "client/src/components/ui/badge.tsx". Does the file exist?
[2026-04-18T15:17:34.800Z] Plugin: vite:import-analysis
[2026-04-18T15:17:34.801Z] File: /home/ubuntu/viaoceanica-ai/client/src/components/ui/badge.tsx:38:4
[2026-04-18T15:17:34.801Z] 1  |  import { jsxDEV } from "react/jsx-dev-runtime";
[2026-04-18T15:17:34.801Z] |                          ^
[2026-04-18T15:17:34.801Z] 2  |  import { Slot } from "@radix-ui/react-slot";
[2026-04-18T15:17:34.801Z] 3  |  import { cva } from "class-variance-authority";
[2026-04-18T15:17:34.802Z] 11:17:34 AM [vite] (client) Pre-transform error: Failed to resolve import "react/jsx-dev-runtime" from "client/src/components/ui/badge.tsx". Does the file exist?
[2026-04-18T15:17:34.802Z] Plugin: vite:import-analysis
[2026-04-18T15:17:34.802Z] File: /home/ubuntu/viaoceanica-ai/client/src/components/ui/badge.tsx:38:4
[2026-04-18T15:17:34.802Z] 1  |  import { jsxDEV } from "react/jsx-dev-runtime";
[2026-04-18T15:17:34.802Z] |                          ^
[2026-04-18T15:17:34.803Z] 2  |  import { Slot } from "@radix-ui/react-slot";
[2026-04-18T15:17:34.803Z] 3  |  import { cva } from "class-variance-authority";
[2026-04-18T15:17:34.803Z] 11:17:34 AM [vite] (client) Pre-transform error: Failed to resolve import "react/jsx-dev-runtime" from "client/src/components/ui/badge.tsx". Does the file exist?
[2026-04-18T15:17:34.803Z] Plugin: vite:import-analysis
[2026-04-18T15:17:34.803Z] File: /home/ubuntu/viaoceanica-ai/client/src/components/ui/badge.tsx:38:4
[2026-04-18T15:17:34.804Z] 1  |  import { jsxDEV } from "react/jsx-dev-runtime";
[2026-04-18T15:17:34.804Z] |                          ^
[2026-04-18T15:17:34.804Z] 2  |  import { Slot } from "@radix-ui/react-slot";
[2026-04-18T15:17:34.804Z] 3  |  import { cva } from "class-variance-authority";
[2026-04-18T15:17:34.804Z] 11:17:34 AM [vite] (client) Pre-transform error: Failed to resolve import "react/jsx-dev-runtime" from "client/src/components/ui/badge.tsx". Does the file exist?
[2026-04-18T15:17:34.805Z] Plugin: vite:import-analysis
[2026-04-18T15:17:34.805Z] File: /home/ubuntu/viaoceanica-ai/client/src/components/ui/badge.tsx:38:4
[2026-04-18T15:17:34.805Z] 1  |  import { jsxDEV } from "react/jsx-dev-runtime";
[2026-04-18T15:17:34.805Z] |                          ^
[2026-04-18T15:17:34.805Z] 2  |  import { Slot } from "@radix-ui/react-slot";
[2026-04-18T15:17:34.806Z] 3  |  import { cva } from "class-variance-authority";
[2026-04-18T15:17:34.806Z] 11:17:34 AM [vite] (client) Pre-transform error: Failed to resolve import "react/jsx-dev-runtime" from "client/src/components/ui/badge.tsx". Does the file exist?
[2026-04-18T15:17:34.806Z] Plugin: vite:import-analysis
[2026-04-18T15:17:34.806Z] File: /home/ubuntu/viaoceanica-ai/client/src/components/ui/badge.tsx:38:4
[2026-04-18T15:17:34.806Z] 1  |  import { jsxDEV } from "react/jsx-dev-runtime";
[2026-04-18T15:17:34.806Z] |                          ^
[2026-04-18T15:17:34.807Z] 2  |  import { Slot } from "@radix-ui/react-slot";
[2026-04-18T15:17:34.807Z] 3  |  import { cva } from "class-variance-authority";
[2026-04-18T15:17:34.807Z] 11:17:34 AM [vite] (client) Pre-transform error: Failed to resolve import "react/jsx-dev-runtime" from "client/src/components/ui/badge.tsx". Does the file exist?
[2026-04-18T15:17:34.807Z] Plugin: vite:import-analysis
[2026-04-18T15:17:34.807Z] File: /home/ubuntu/viaoceanica-ai/client/src/components/ui/badge.tsx:38:4
[2026-04-18T15:17:34.807Z] 1  |  import { jsxDEV } from "react/jsx-dev-runtime";
[2026-04-18T15:17:34.808Z] |                          ^
[2026-04-18T15:17:34.808Z] 2  |  import { Slot } from "@radix-ui/react-slot";
[2026-04-18T15:17:34.808Z] 3  |  import { cva } from "class-variance-authority";
[2026-04-18T15:17:34.808Z] 11:17:34 AM [vite] (client) Pre-transform error: Failed to resolve import "react/jsx-dev-runtime" from "client/src/components/ui/badge.tsx". Does the file exist?
[2026-04-18T15:17:34.808Z] Plugin: vite:import-analysis
[2026-04-18T15:17:34.808Z] File: /home/ubuntu/viaoceanica-ai/client/src/components/ui/badge.tsx:38:4
[2026-04-18T15:17:34.809Z] 1  |  import { jsxDEV } from "react/jsx-dev-runtime";
[2026-04-18T15:17:34.809Z] |                          ^
[2026-04-18T15:17:34.809Z] 2  |  import { Slot } from "@radix-ui/react-slot";
[2026-04-18T15:17:34.809Z] 3  |  import { cva } from "class-variance-authority";
[2026-04-18T15:17:34.809Z] 11:17:34 AM [vite] (client) Pre-transform error: Failed to resolve import "react/jsx-dev-runtime" from "client/src/components/ui/badge.tsx". Does the file exist?
[2026-04-18T15:17:34.810Z] Plugin: vite:import-analysis
[2026-04-18T15:17:34.810Z] File: /home/ubuntu/viaoceanica-ai/client/src/components/ui/badge.tsx:38:4
[2026-04-18T15:17:34.810Z] 1  |  import { jsxDEV } from "react/jsx-dev-runtime";
[2026-04-18T15:17:34.810Z] |                          ^
[2026-04-18T15:17:34.810Z] 2  |  import { Slot } from "@radix-ui/react-slot";
[2026-04-18T15:17:34.810Z] 3  |  import { cva } from "class-variance-authority";
[2026-04-18T15:17:34.811Z] 11:17:34 AM [vite] (client) Pre-transform error: Failed to resolve import "react/jsx-dev-runtime" from "client/src/components/ui/select.tsx". Does the file exist?
[2026-04-18T15:17:34.811Z] Plugin: vite:import-analysis
[2026-04-18T15:17:34.811Z] File: /home/ubuntu/viaoceanica-ai/client/src/components/ui/select.tsx:10:9
[2026-04-18T15:17:34.811Z] 1  |  import { jsxDEV } from "react/jsx-dev-runtime";
[2026-04-18T15:17:34.811Z] |                          ^
[2026-04-18T15:17:34.811Z] 2  |  import * as SelectPrimitive from "@radix-ui/react-select";
[2026-04-18T15:17:34.812Z] 3  |  import { CheckIcon, ChevronDownIcon, ChevronUpIcon } from "lucide-react";
[2026-04-18T15:17:34.812Z] 11:17:34 AM [vite] (client) Pre-transform error: Failed to resolve import "react/jsx-dev-runtime" from "client/src/components/ui/alert-dialog.tsx". Does the file exist?
[2026-04-18T15:17:34.812Z] Plugin: vite:import-analysis
[2026-04-18T15:17:34.812Z] File: /home/ubuntu/viaoceanica-ai/client/src/components/ui/alert-dialog.tsx:10:9
[2026-04-18T15:17:34.812Z] 1  |  import { jsxDEV } from "react/jsx-dev-runtime";
[2026-04-18T15:17:34.813Z] |                          ^
[2026-04-18T15:17:34.813Z] 2  |  import * as AlertDialogPrimitive from "@radix-ui/react-alert-dialog";
[2026-04-18T15:17:34.813Z] 3  |  import { cn } from "@/lib/utils";
[2026-04-18T15:17:34.813Z] 11:17:34 AM [vite] (client) Pre-transform error: Failed to resolve import "react/jsx-dev-runtime" from "client/src/components/ui/badge.tsx". Does the file exist?
[2026-04-18T15:17:34.813Z] Plugin: vite:import-analysis
[2026-04-18T15:17:34.813Z] File: /home/ubuntu/viaoceanica-ai/client/src/components/ui/badge.tsx:38:4
[2026-04-18T15:17:34.814Z] 1  |  import { jsxDEV } from "react/jsx-dev-runtime";
[2026-04-18T15:17:34.814Z] |                          ^
[2026-04-18T15:17:34.814Z] 2  |  import { Slot } from "@radix-ui/react-slot";
[2026-04-18T15:17:34.814Z] 3  |  import { cva } from "class-variance-authority";
[2026-04-18T15:17:34.814Z] 11:17:34 AM [vite] (client) Pre-transform error: Failed to resolve import "react/jsx-dev-runtime" from "client/src/components/ui/table.tsx". Does the file exist?
[2026-04-18T15:17:34.814Z] Plugin: vite:import-analysis
[2026-04-18T15:17:34.815Z] File: /home/ubuntu/viaoceanica-ai/client/src/components/ui/table.tsx:11:6
[2026-04-18T15:17:34.815Z] 1  |  import { jsxDEV } from "react/jsx-dev-runtime";
[2026-04-18T15:17:34.815Z] |                          ^
[2026-04-18T15:17:34.815Z] 2  |  import { cn } from "@/lib/utils";
[2026-04-18T15:17:34.815Z] 3  |  function Table({ className, ...props }) {
[2026-04-18T15:17:34.816Z] 11:17:34 AM [vite] (client) Pre-transform error: Failed to resolve import "react/jsx-dev-runtime" from "client/src/components/ui/table.tsx". Does the file exist?
[2026-04-18T15:17:34.816Z] Plugin: vite:import-analysis
[2026-04-18T15:17:34.816Z] File: /home/ubuntu/viaoceanica-ai/client/src/components/ui/table.tsx:11:6
[2026-04-18T15:17:34.816Z] 1  |  import { jsxDEV } from "react/jsx-dev-runtime";
[2026-04-18T15:17:34.816Z] |                          ^
[2026-04-18T15:17:34.816Z] 2  |  import { cn } from "@/lib/utils";
[2026-04-18T15:17:34.817Z] 3  |  function Table({ className, ...props }) {
[2026-04-18T15:17:34.817Z] 11:17:34 AM [vite] (client) Pre-transform error: Failed to resolve import "react/jsx-dev-runtime" from "client/src/components/ui/table.tsx". Does the file exist?
[2026-04-18T15:17:34.817Z] Plugin: vite:import-analysis
[2026-04-18T15:17:34.817Z] File: /home/ubuntu/viaoceanica-ai/client/src/components/ui/table.tsx:11:6
[2026-04-18T15:17:34.818Z] 1  |  import { jsxDEV } from "react/jsx-dev-runtime";
[2026-04-18T15:17:34.818Z] |                          ^
[2026-04-18T15:17:34.818Z] 2  |  import { cn } from "@/lib/utils";
[2026-04-18T15:17:34.818Z] 3  |  function Table({ className, ...props }) {
[2026-04-18T15:17:34.818Z] 11:17:34 AM [vite] (client) Pre-transform error: Failed to resolve import "react/jsx-dev-runtime" from "client/src/components/ui/table.tsx". Does the file exist?
[2026-04-18T15:17:34.819Z] Plugin: vite:import-analysis
[2026-04-18T15:17:34.819Z] File: /home/ubuntu/viaoceanica-ai/client/src/components/ui/table.tsx:11:6
[2026-04-18T15:17:34.819Z] 1  |  import { jsxDEV } from "react/jsx-dev-runtime";
[2026-04-18T15:17:34.819Z] |                          ^
[2026-04-18T15:17:34.819Z] 2  |  import { cn } from "@/lib/utils";
[2026-04-18T15:17:34.820Z] 3  |  function Table({ className, ...props }) {
[2026-04-18T15:17:34.820Z] 11:17:34 AM [vite] (client) Pre-transform error: Failed to resolve import "react/jsx-dev-runtime" from "client/src/components/ui/table.tsx". Does the file exist?
[2026-04-18T15:17:34.820Z] Plugin: vite:import-analysis
[2026-04-18T15:17:34.820Z] File: /home/ubuntu/viaoceanica-ai/client/src/components/ui/table.tsx:11:6
[2026-04-18T15:17:34.820Z] 1  |  import { jsxDEV } from "react/jsx-dev-runtime";
[2026-04-18T15:17:34.820Z] |                          ^
[2026-04-18T15:17:34.821Z] 2  |  import { cn } from "@/lib/utils";
[2026-04-18T15:17:34.821Z] 3  |  function Table({ className, ...props }) {
[2026-04-18T15:17:34.821Z] 11:17:34 AM [vite] (client) Pre-transform error: Failed to resolve import "react/jsx-dev-runtime" from "client/src/components/ui/switch.tsx". Does the file exist?
[2026-04-18T15:17:34.821Z] Plugin: vite:import-analysis
[2026-04-18T15:17:34.822Z] File: /home/ubuntu/viaoceanica-ai/client/src/components/ui/switch.tsx:19:6
[2026-04-18T15:17:34.822Z] 1  |  import { jsxDEV } from "react/jsx-dev-runtime";
[2026-04-18T15:17:34.822Z] |                          ^
[2026-04-18T15:17:34.822Z] 2  |  import * as SwitchPrimitive from "@radix-ui/react-switch";
[2026-04-18T15:17:34.822Z] 3  |  import { cn } from "@/lib/utils";
[2026-04-18T15:17:34.822Z] 11:17:34 AM [vite] (client) Pre-transform error: Failed to resolve import "react/jsx-dev-runtime" from "client/src/components/ui/switch.tsx". Does the file exist?
[2026-04-18T15:17:34.823Z] Plugin: vite:import-analysis
[2026-04-18T15:17:34.823Z] File: /home/ubuntu/viaoceanica-ai/client/src/components/ui/switch.tsx:19:6
[2026-04-18T15:17:34.823Z] 1  |  import { jsxDEV } from "react/jsx-dev-runtime";
[2026-04-18T15:17:34.823Z] |                          ^
[2026-04-18T15:17:34.823Z] 2  |  import * as SwitchPrimitive from "@radix-ui/react-switch";
[2026-04-18T15:17:34.823Z] 3  |  import { cn } from "@/lib/utils";
[2026-04-18T15:17:34.824Z] 11:17:34 AM [vite] (client) Pre-transform error: Failed to resolve import "react/jsx-dev-runtime" from "client/src/components/ui/separator.tsx". Does the file exist?
[2026-04-18T15:17:34.824Z] Plugin: vite:import-analysis
[2026-04-18T15:17:34.824Z] File: /home/ubuntu/viaoceanica-ai/client/src/components/ui/separator.tsx:13:4
[2026-04-18T15:17:34.824Z] 1  |  import { jsxDEV } from "react/jsx-dev-runtime";
[2026-04-18T15:17:34.824Z] |                          ^
[2026-04-18T15:17:34.825Z] 2  |  import * as SeparatorPrimitive from "@radix-ui/react-separator";
[2026-04-18T15:17:34.825Z] 3  |  import { cn } from "@/lib/utils";
[2026-04-18T15:17:34.825Z] 11:17:34 AM [vite] (client) Pre-transform error: Failed to resolve import "react/jsx-dev-runtime" from "client/src/components/ui/separator.tsx". Does the file exist?
[2026-04-18T15:17:34.825Z] Plugin: vite:import-analysis
[2026-04-18T15:17:34.825Z] File: /home/ubuntu/viaoceanica-ai/client/src/components/ui/separator.tsx:13:4
[2026-04-18T15:17:34.825Z] 1  |  import { jsxDEV } from "react/jsx-dev-runtime";
[2026-04-18T15:17:34.826Z] |                          ^
[2026-04-18T15:17:34.826Z] 2  |  import * as SeparatorPrimitive from "@radix-ui/react-separator";
[2026-04-18T15:17:34.826Z] 3  |  import { cn } from "@/lib/utils";
[2026-04-18T15:17:34.826Z] 11:17:34 AM [vite] (client) Pre-transform error: Failed to resolve import "react/jsx-dev-runtime" from "client/src/components/ui/separator.tsx". Does the file exist?
[2026-04-18T15:17:34.826Z] Plugin: vite:import-analysis
[2026-04-18T15:17:34.826Z] File: /home/ubuntu/viaoceanica-ai/client/src/components/ui/separator.tsx:13:4
[2026-04-18T15:17:34.827Z] 1  |  import { jsxDEV } from "react/jsx-dev-runtime";
[2026-04-18T15:17:34.827Z] |                          ^
[2026-04-18T15:17:34.827Z] 2  |  import * as SeparatorPrimitive from "@radix-ui/react-separator";
[2026-04-18T15:17:34.827Z] 3  |  import { cn } from "@/lib/utils";
[2026-04-18T15:17:34.827Z] 11:17:34 AM [vite] (client) Pre-transform error: Failed to resolve import "react/jsx-dev-runtime" from "client/src/components/ui/textarea.tsx". Does the file exist?
[2026-04-18T15:17:34.827Z] Plugin: vite:import-analysis
[2026-04-18T15:17:34.828Z] File: /home/ubuntu/viaoceanica-ai/client/src/components/ui/textarea.tsx:53:4
[2026-04-18T15:17:34.828Z] 1  |  import { jsxDEV } from "react/jsx-dev-runtime";
[2026-04-18T15:17:34.828Z] |                          ^
[2026-04-18T15:17:34.828Z] 2  |  var _s = $RefreshSig$();
[2026-04-18T15:17:34.828Z] 3  |  import { useDialogComposition } from "@/components/ui/dialog";
[2026-04-18T15:17:34.828Z] 11:17:34 AM [vite] (client) Pre-transform error: Failed to resolve import "react/jsx-dev-runtime" from "client/src/components/ui/tabs.tsx". Does the file exist?
[2026-04-18T15:17:34.829Z] Plugin: vite:import-analysis
[2026-04-18T15:17:34.829Z] File: /home/ubuntu/viaoceanica-ai/client/src/components/ui/tabs.tsx:11:4
[2026-04-18T15:17:34.829Z] 1  |  import { jsxDEV } from "react/jsx-dev-runtime";
[2026-04-18T15:17:34.829Z] |                          ^
[2026-04-18T15:17:34.829Z] 2  |  import * as TabsPrimitive from "@radix-ui/react-tabs";
[2026-04-18T15:17:34.829Z] 3  |  import { cn } from "@/lib/utils";
[2026-04-18T15:17:34.830Z] 11:17:34 AM [vite] (client) Pre-transform error: Failed to resolve import "@trpc/react-query" from "client/src/lib/trpc.ts". Does the file exist?
[2026-04-18T15:17:34.830Z] Plugin: vite:import-analysis
[2026-04-18T15:17:34.830Z] File: /home/ubuntu/viaoceanica-ai/client/src/lib/trpc.ts:1:32
[2026-04-18T15:17:34.830Z] 1  |  import { createTRPCReact } from "@trpc/react-query";
[2026-04-18T15:17:34.830Z] |                                   ^
[2026-04-18T15:17:34.830Z] 2  |  export const trpc = createTRPCReact();
[2026-04-18T15:17:34.831Z] 3  |
[2026-04-18T15:17:34.831Z] 11:17:34 AM [vite] (client) Pre-transform error: Failed to resolve import "clsx" from "client/src/lib/utils.ts". Does the file exist?
[2026-04-18T15:17:34.831Z] Plugin: vite:import-analysis
[2026-04-18T15:17:34.831Z] File: /home/ubuntu/viaoceanica-ai/client/src/lib/utils.ts:1:38
[2026-04-18T15:17:34.853Z] 1  |  import { clsx } from "clsx";
[2026-04-18T15:17:34.855Z] |                        ^
[2026-04-18T15:17:34.857Z] 2  |  import { twMerge } from "tailwind-merge";
[2026-04-18T15:17:34.857Z] 3  |  export function cn(...inputs) {
[2026-04-18T15:17:34.859Z] 11:17:34 AM [vite] (client) Pre-transform error: Failed to resolve import "clsx" from "client/src/lib/utils.ts". Does the file exist?
[2026-04-18T15:17:34.860Z] Plugin: vite:import-analysis
[2026-04-18T15:17:34.860Z] File: /home/ubuntu/viaoceanica-ai/client/src/lib/utils.ts:1:38
[2026-04-18T15:17:34.861Z] 1  |  import { clsx } from "clsx";
[2026-04-18T15:17:34.861Z] |                        ^
[2026-04-18T15:17:34.862Z] 2  |  import { twMerge } from "tailwind-merge";
[2026-04-18T15:17:34.862Z] 3  |  export function cn(...inputs) {
[2026-04-18T15:17:34.862Z] 11:17:34 AM [vite] (client) Pre-transform error: Failed to resolve import "clsx" from "client/src/lib/utils.ts". Does the file exist?
[2026-04-18T15:17:34.863Z] Plugin: vite:import-analysis
[2026-04-18T15:17:34.863Z] File: /home/ubuntu/viaoceanica-ai/client/src/lib/utils.ts:1:38
[2026-04-18T15:17:34.865Z] 1  |  import { clsx } from "clsx";
[2026-04-18T15:17:34.866Z] |                        ^
[2026-04-18T15:17:34.867Z] 2  |  import { twMerge } from "tailwind-merge";
[2026-04-18T15:17:34.869Z] 3  |  export function cn(...inputs) {
[2026-04-18T15:17:34.869Z] 11:17:34 AM [vite] (client) Pre-transform error: Failed to resolve import "clsx" from "client/src/lib/utils.ts". Does the file exist?
[2026-04-18T15:17:34.870Z] Plugin: vite:import-analysis
[2026-04-18T15:17:34.870Z] File: /home/ubuntu/viaoceanica-ai/client/src/lib/utils.ts:1:38
[2026-04-18T15:17:34.871Z] 1  |  import { clsx } from "clsx";
[2026-04-18T15:17:34.872Z] |                        ^
[2026-04-18T15:17:34.872Z] 2  |  import { twMerge } from "tailwind-merge";
[2026-04-18T15:17:34.873Z] 3  |  export function cn(...inputs) {
[2026-04-18T15:17:34.873Z] 11:17:34 AM [vite] (client) Pre-transform error: Failed to resolve import "clsx" from "client/src/lib/utils.ts". Does the file exist?
[2026-04-18T15:17:34.874Z] Plugin: vite:import-analysis
[2026-04-18T15:17:34.874Z] File: /home/ubuntu/viaoceanica-ai/client/src/lib/utils.ts:1:38
[2026-04-18T15:17:34.875Z] 1  |  import { clsx } from "clsx";
[2026-04-18T15:17:34.876Z] |                        ^
[2026-04-18T15:17:34.876Z] 2  |  import { twMerge } from "tailwind-merge";
[2026-04-18T15:17:34.877Z] 3  |  export function cn(...inputs) {
[2026-04-18T15:17:34.878Z] 11:17:34 AM [vite] (client) Pre-transform error: Failed to resolve import "clsx" from "client/src/lib/utils.ts". Does the file exist?
[2026-04-18T15:17:34.878Z] Plugin: vite:import-analysis
[2026-04-18T15:17:34.879Z] File: /home/ubuntu/viaoceanica-ai/client/src/lib/utils.ts:1:38
[2026-04-18T15:17:34.881Z] 1  |  import { clsx } from "clsx";
[2026-04-18T15:17:34.882Z] |                        ^
[2026-04-18T15:17:34.884Z] 2  |  import { twMerge } from "tailwind-merge";
[2026-04-18T15:17:34.884Z] 3  |  export function cn(...inputs) {
[2026-04-18T15:17:34.885Z] 11:17:34 AM [vite] (client) Pre-transform error: Failed to resolve import "clsx" from "client/src/lib/utils.ts". Does the file exist?
[2026-04-18T15:17:34.886Z] Plugin: vite:import-analysis
[2026-04-18T15:17:34.886Z] File: /home/ubuntu/viaoceanica-ai/client/src/lib/utils.ts:1:38
[2026-04-18T15:17:34.887Z] 1  |  import { clsx } from "clsx";
[2026-04-18T15:17:34.888Z] |                        ^
[2026-04-18T15:17:34.889Z] 2  |  import { twMerge } from "tailwind-merge";
[2026-04-18T15:17:34.890Z] 3  |  export function cn(...inputs) {
[2026-04-18T15:17:34.890Z] 11:17:34 AM [vite] (client) Pre-transform error: Failed to resolve import "clsx" from "client/src/lib/utils.ts". Does the file exist?
[2026-04-18T15:17:34.891Z] Plugin: vite:import-analysis
[2026-04-18T15:17:34.892Z] File: /home/ubuntu/viaoceanica-ai/client/src/lib/utils.ts:1:38
[2026-04-18T15:17:34.892Z] 1  |  import { clsx } from "clsx";
[2026-04-18T15:17:34.893Z] |                        ^
[2026-04-18T15:17:34.893Z] 2  |  import { twMerge } from "tailwind-merge";
[2026-04-18T15:17:34.894Z] 3  |  export function cn(...inputs) {
[2026-04-18T15:17:34.895Z] 11:17:34 AM [vite] (client) Pre-transform error: Failed to resolve import "clsx" from "client/src/lib/utils.ts". Does the file exist?
[2026-04-18T15:17:34.895Z] Plugin: vite:import-analysis
[2026-04-18T15:17:34.897Z] File: /home/ubuntu/viaoceanica-ai/client/src/lib/utils.ts:1:38
[2026-04-18T15:17:34.898Z] 1  |  import { clsx } from "clsx";
[2026-04-18T15:17:34.899Z] |                        ^
[2026-04-18T15:17:34.900Z] 2  |  import { twMerge } from "tailwind-merge";
[2026-04-18T15:17:34.900Z] 3  |  export function cn(...inputs) {
[2026-04-18T15:17:34.902Z] 11:17:34 AM [vite] (client) Pre-transform error: Failed to resolve import "clsx" from "client/src/lib/utils.ts". Does the file exist?
[2026-04-18T15:17:34.902Z] Plugin: vite:import-analysis
[2026-04-18T15:17:34.903Z] File: /home/ubuntu/viaoceanica-ai/client/src/lib/utils.ts:1:38
[2026-04-18T15:17:34.903Z] 1  |  import { clsx } from "clsx";
[2026-04-18T15:17:34.904Z] |                        ^
[2026-04-18T15:17:34.905Z] 2  |  import { twMerge } from "tailwind-merge";
[2026-04-18T15:17:34.905Z] 3  |  export function cn(...inputs) {
[2026-04-18T15:17:34.906Z] 11:17:34 AM [vite] (client) Pre-transform error: Failed to resolve import "clsx" from "client/src/lib/utils.ts". Does the file exist?
[2026-04-18T15:17:34.908Z] Plugin: vite:import-analysis
[2026-04-18T15:17:34.909Z] File: /home/ubuntu/viaoceanica-ai/client/src/lib/utils.ts:1:38
[2026-04-18T15:17:34.909Z] 1  |  import { clsx } from "clsx";
[2026-04-18T15:17:34.909Z] |                        ^
[2026-04-18T15:17:34.909Z] 2  |  import { twMerge } from "tailwind-merge";
[2026-04-18T15:17:34.910Z] 3  |  export function cn(...inputs) {
[2026-04-18T15:17:34.910Z] 11:17:34 AM [vite] (client) Pre-transform error: Failed to resolve import "clsx" from "client/src/lib/utils.ts". Does the file exist?
[2026-04-18T15:17:34.910Z] Plugin: vite:import-analysis
[2026-04-18T15:17:34.910Z] File: /home/ubuntu/viaoceanica-ai/client/src/lib/utils.ts:1:38
[2026-04-18T15:17:34.910Z] 1  |  import { clsx } from "clsx";
[2026-04-18T15:17:34.911Z] |                        ^
[2026-04-18T15:17:34.911Z] 2  |  import { twMerge } from "tailwind-merge";
[2026-04-18T15:17:34.911Z] 3  |  export function cn(...inputs) {
[2026-04-18T15:17:34.911Z] 11:17:34 AM [vite] (client) Pre-transform error: Failed to resolve import "react/jsx-dev-runtime" from "client/src/components/ui/table.tsx". Does the file exist?
[2026-04-18T15:17:34.912Z] Plugin: vite:import-analysis
[2026-04-18T15:17:34.912Z] File: /home/ubuntu/viaoceanica-ai/client/src/components/ui/table.tsx:11:6
[2026-04-18T15:17:34.913Z] 1  |  import { jsxDEV } from "react/jsx-dev-runtime";
[2026-04-18T15:17:34.913Z] |                          ^
[2026-04-18T15:17:34.913Z] 2  |  import { cn } from "@/lib/utils";
[2026-04-18T15:17:34.913Z] 3  |  function Table({ className, ...props }) {
[2026-04-18T15:17:34.913Z] 11:17:34 AM [vite] (client) Pre-transform error: Failed to resolve import "react/jsx-dev-runtime" from "client/src/components/ui/switch.tsx". Does the file exist?
[2026-04-18T15:17:34.914Z] Plugin: vite:import-analysis
[2026-04-18T15:17:34.914Z] File: /home/ubuntu/viaoceanica-ai/client/src/components/ui/switch.tsx:19:6
[2026-04-18T15:17:34.914Z] 1  |  import { jsxDEV } from "react/jsx-dev-runtime";
[2026-04-18T15:17:34.914Z] |                          ^
[2026-04-18T15:17:34.914Z] 2  |  import * as SwitchPrimitive from "@radix-ui/react-switch";
[2026-04-18T15:17:34.915Z] 3  |  import { cn } from "@/lib/utils";
[2026-04-18T15:17:34.915Z] 11:17:34 AM [vite] (client) Pre-transform error: Failed to resolve import "react/jsx-dev-runtime" from "client/src/components/ui/checkbox.tsx". Does the file exist?
[2026-04-18T15:17:34.915Z] Plugin: vite:import-analysis
[2026-04-18T15:17:34.915Z] File: /home/ubuntu/viaoceanica-ai/client/src/components/ui/checkbox.tsx:24:8
[2026-04-18T15:17:34.915Z] 1  |  import { jsxDEV } from "react/jsx-dev-runtime";
[2026-04-18T15:17:34.915Z] |                          ^
[2026-04-18T15:17:34.916Z] 2  |  import * as CheckboxPrimitive from "@radix-ui/react-checkbox";
[2026-04-18T15:17:34.916Z] 3  |  import { CheckIcon } from "lucide-react";
[2026-04-18T15:17:34.916Z] 11:17:34 AM [vite] (client) Pre-transform error: Failed to resolve import "react/jsx-dev-runtime" from "client/src/components/ui/separator.tsx". Does the file exist?
[2026-04-18T15:17:34.916Z] Plugin: vite:import-analysis
[2026-04-18T15:17:34.916Z] File: /home/ubuntu/viaoceanica-ai/client/src/components/ui/separator.tsx:13:4
[2026-04-18T15:17:34.917Z] 1  |  import { jsxDEV } from "react/jsx-dev-runtime";
[2026-04-18T15:17:34.917Z] |                          ^
[2026-04-18T15:17:34.917Z] 2  |  import * as SeparatorPrimitive from "@radix-ui/react-separator";
[2026-04-18T15:17:34.917Z] 3  |  import { cn } from "@/lib/utils";
[2026-04-18T15:17:34.917Z] 11:17:34 AM [vite] (client) Pre-transform error: Failed to resolve import "react/jsx-dev-runtime" from "client/src/components/ui/textarea.tsx". Does the file exist?
[2026-04-18T15:17:34.917Z] Plugin: vite:import-analysis
[2026-04-18T15:17:34.918Z] File: /home/ubuntu/viaoceanica-ai/client/src/components/ui/textarea.tsx:53:4
[2026-04-18T15:17:34.918Z] 1  |  import { jsxDEV } from "react/jsx-dev-runtime";
[2026-04-18T15:17:34.918Z] |                          ^
[2026-04-18T15:17:34.918Z] 2  |  var _s = $RefreshSig$();
[2026-04-18T15:17:34.918Z] 3  |  import { useDialogComposition } from "@/components/ui/dialog";
[2026-04-18T15:17:34.918Z] 11:17:34 AM [vite] (client) Pre-transform error: Failed to resolve import "react/jsx-dev-runtime" from "client/src/components/ui/tabs.tsx". Does the file exist?
[2026-04-18T15:17:34.919Z] Plugin: vite:import-analysis
[2026-04-18T15:17:34.919Z] File: /home/ubuntu/viaoceanica-ai/client/src/components/ui/tabs.tsx:11:4
[2026-04-18T15:17:34.919Z] 1  |  import { jsxDEV } from "react/jsx-dev-runtime";
[2026-04-18T15:17:34.919Z] |                          ^
[2026-04-18T15:17:34.919Z] 2  |  import * as TabsPrimitive from "@radix-ui/react-tabs";
[2026-04-18T15:17:34.919Z] 3  |  import { cn } from "@/lib/utils";
[2026-04-18T15:17:34.920Z] 11:17:34 AM [vite] (client) Pre-transform error: Failed to resolve import "@trpc/react-query" from "client/src/lib/trpc.ts". Does the file exist?
[2026-04-18T15:17:34.920Z] Plugin: vite:import-analysis
[2026-04-18T15:17:34.920Z] File: /home/ubuntu/viaoceanica-ai/client/src/lib/trpc.ts:1:32
[2026-04-18T15:17:34.920Z] 1  |  import { createTRPCReact } from "@trpc/react-query";
[2026-04-18T15:17:34.920Z] |                                   ^
[2026-04-18T15:17:34.921Z] 2  |  export const trpc = createTRPCReact();
[2026-04-18T15:17:34.921Z] 3  |
[2026-04-18T15:17:34.921Z] 11:17:34 AM [vite] (client) Pre-transform error: Failed to resolve import "clsx" from "client/src/lib/utils.ts". Does the file exist?
[2026-04-18T15:17:34.921Z] Plugin: vite:import-analysis
[2026-04-18T15:17:34.921Z] File: /home/ubuntu/viaoceanica-ai/client/src/lib/utils.ts:1:38
[2026-04-18T15:17:34.921Z] 1  |  import { clsx } from "clsx";
[2026-04-18T15:17:34.922Z] |                        ^
[2026-04-18T15:17:34.922Z] 2  |  import { twMerge } from "tailwind-merge";
[2026-04-18T15:17:34.922Z] 3  |  export function cn(...inputs) {
[2026-04-18T15:17:34.922Z] 11:17:34 AM [vite] (client) Pre-transform error: Failed to resolve import "react" from "client/src/hooks/usePersistFn.ts". Does the file exist?
[2026-04-18T15:17:34.922Z] Plugin: vite:import-analysis
[2026-04-18T15:17:34.922Z] File: /home/ubuntu/viaoceanica-ai/client/src/hooks/usePersistFn.ts:1:23
[2026-04-18T15:17:34.923Z] 1  |  import { useRef } from "react";
[2026-04-18T15:17:34.923Z] |                          ^
[2026-04-18T15:17:34.923Z] 2  |  export function usePersistFn(fn) {
[2026-04-18T15:17:34.923Z] 3  |    const fnRef = useRef(fn);
[2026-04-18T15:17:34.923Z] 11:17:34 AM [vite] (client) Pre-transform error: Failed to resolve import "react/jsx-dev-runtime" from "client/src/components/ui/button.tsx". Does the file exist?
[2026-04-18T15:17:34.923Z] Plugin: vite:import-analysis
[2026-04-18T15:17:34.924Z] File: /home/ubuntu/viaoceanica-ai/client/src/components/ui/button.tsx:52:4
[2026-04-18T15:17:34.924Z] 1  |  import { jsxDEV } from "react/jsx-dev-runtime";
[2026-04-18T15:17:34.924Z] |                          ^
[2026-04-18T15:17:34.924Z] 2  |  import { Slot } from "@radix-ui/react-slot";
[2026-04-18T15:17:34.924Z] 3  |  import { cva } from "class-variance-authority";
[2026-04-18T15:17:34.924Z] 11:17:34 AM [vite] (client) Pre-transform error: Failed to resolve import "react/jsx-dev-runtime" from "client/src/components/ui/button.tsx". Does the file exist?
[2026-04-18T15:17:34.925Z] Plugin: vite:import-analysis
[2026-04-18T15:17:34.925Z] File: /home/ubuntu/viaoceanica-ai/client/src/components/ui/button.tsx:52:4
[2026-04-18T15:17:34.925Z] 1  |  import { jsxDEV } from "react/jsx-dev-runtime";
[2026-04-18T15:17:34.925Z] |                          ^
[2026-04-18T15:17:34.925Z] 2  |  import { Slot } from "@radix-ui/react-slot";
[2026-04-18T15:17:34.926Z] 3  |  import { cva } from "class-variance-authority";
[2026-04-18T15:17:34.926Z] 11:17:34 AM [vite] (client) Pre-transform error: Failed to resolve import "react/jsx-dev-runtime" from "client/src/components/ui/chart.tsx". Does the file exist?
[2026-04-18T15:17:34.926Z] Plugin: vite:import-analysis
[2026-04-18T15:17:34.926Z] File: /home/ubuntu/viaoceanica-ai/client/src/components/ui/chart.tsx:61:8
[2026-04-18T15:17:34.926Z] 1  |  import { Fragment, jsxDEV } from "react/jsx-dev-runtime";
[2026-04-18T15:17:34.927Z] |                                    ^
[2026-04-18T15:17:34.927Z] 2  |  var _s = $RefreshSig$(), _s2 = $RefreshSig$(), _s3 = $RefreshSig$(), _s4 = $RefreshSig$();
[2026-04-18T15:17:34.927Z] 3  |  import * as React from "react";
[2026-04-18T15:17:34.927Z] 11:17:34 AM [vite] (client) Pre-transform error: Failed to resolve import "react/jsx-dev-runtime" from "client/src/components/ui/button.tsx". Does the file exist?
[2026-04-18T15:17:34.927Z] Plugin: vite:import-analysis
[2026-04-18T15:17:34.927Z] File: /home/ubuntu/viaoceanica-ai/client/src/components/ui/button.tsx:52:4
[2026-04-18T15:17:34.928Z] 1  |  import { jsxDEV } from "react/jsx-dev-runtime";
[2026-04-18T15:17:34.928Z] |                          ^
[2026-04-18T15:17:34.928Z] 2  |  import { Slot } from "@radix-ui/react-slot";
[2026-04-18T15:17:34.928Z] 3  |  import { cva } from "class-variance-authority";
[2026-04-18T15:17:34.928Z] 11:17:34 AM [vite] (client) Pre-transform error: Failed to resolve import "react" from "client/src/hooks/useComposition.ts". Does the file exist?
[2026-04-18T15:17:34.929Z] Plugin: vite:import-analysis
[2026-04-18T15:17:34.929Z] File: /home/ubuntu/viaoceanica-ai/client/src/hooks/useComposition.ts:1:23
[2026-04-18T15:17:34.929Z] 1  |  import { useRef } from "react";
[2026-04-18T15:17:34.929Z] |                          ^
[2026-04-18T15:17:34.929Z] 2  |  import { usePersistFn } from "./usePersistFn";
[2026-04-18T15:17:34.930Z] 3  |  export function useComposition(options = {}) {
[2026-04-18T15:17:34.930Z] 11:17:34 AM [vite] (client) Pre-transform error: Failed to resolve import "react" from "client/src/hooks/useComposition.ts". Does the file exist?
[2026-04-18T15:17:34.930Z] Plugin: vite:import-analysis
[2026-04-18T15:17:34.930Z] File: /home/ubuntu/viaoceanica-ai/client/src/hooks/useComposition.ts:1:23
[2026-04-18T15:17:34.931Z] 1  |  import { useRef } from "react";
[2026-04-18T15:17:34.931Z] |                          ^
[2026-04-18T15:17:34.931Z] 2  |  import { usePersistFn } from "./usePersistFn";
[2026-04-18T15:17:34.931Z] 3  |  export function useComposition(options = {}) {
[2026-04-18T15:17:34.932Z] 11:17:34 AM [vite] (client) Pre-transform error: Failed to resolve import "react/jsx-dev-runtime" from "client/src/components/ui/input.tsx". Does the file exist?
[2026-04-18T15:17:34.932Z] Plugin: vite:import-analysis
[2026-04-18T15:17:34.932Z] File: /home/ubuntu/viaoceanica-ai/client/src/components/ui/input.tsx:53:4
[2026-04-18T15:17:34.932Z] 1  |  import { jsxDEV } from "react/jsx-dev-runtime";
[2026-04-18T15:17:34.932Z] |                          ^
[2026-04-18T15:17:34.933Z] 2  |  var _s = $RefreshSig$();
[2026-04-18T15:17:34.933Z] 3  |  import { useDialogComposition } from "@/components/ui/dialog";
[2026-04-18T15:17:34.933Z] 11:17:34 AM [vite] (client) Pre-transform error: Failed to resolve import "react/jsx-dev-runtime" from "client/src/components/ui/sheet.tsx". Does the file exist?
[2026-04-18T15:17:34.933Z] Plugin: vite:import-analysis
[2026-04-18T15:17:34.933Z] File: /home/ubuntu/viaoceanica-ai/client/src/components/ui/sheet.tsx:10:9
[2026-04-18T15:17:34.934Z] 1  |  "use client";
[2026-04-18T15:17:34.934Z] 2  |  import { jsxDEV } from "react/jsx-dev-runtime";
[2026-04-18T15:17:34.934Z] |                          ^
[2026-04-18T15:17:34.934Z] 3  |  import * as SheetPrimitive from "@radix-ui/react-dialog";
[2026-04-18T15:17:34.935Z] 4  |  import { XIcon } from "lucide-react";
[2026-04-18T15:17:34.935Z] 11:17:34 AM [vite] (client) Pre-transform error: Failed to resolve import "react/jsx-dev-runtime" from "client/src/components/ui/skeleton.tsx". Does the file exist?
[2026-04-18T15:17:34.935Z] Plugin: vite:import-analysis
[2026-04-18T15:17:34.935Z] File: /home/ubuntu/viaoceanica-ai/client/src/components/ui/skeleton.tsx:5:4
[2026-04-18T15:17:34.936Z] 1  |  import { jsxDEV } from "react/jsx-dev-runtime";
[2026-04-18T15:17:34.936Z] |                          ^
[2026-04-18T15:17:34.936Z] 2  |  import { cn } from "@/lib/utils";
[2026-04-18T15:17:34.936Z] 3  |  function Skeleton({ className, ...props }) {
[2026-04-18T15:17:34.936Z] 11:17:34 AM [vite] (client) Pre-transform error: Failed to resolve import "clsx" from "client/src/lib/utils.ts". Does the file exist?
[2026-04-18T15:17:34.937Z] Plugin: vite:import-analysis
[2026-04-18T15:17:34.937Z] File: /home/ubuntu/viaoceanica-ai/client/src/lib/utils.ts:1:38
[2026-04-18T15:17:34.937Z] 1  |  import { clsx } from "clsx";
[2026-04-18T15:17:34.937Z] |                        ^
[2026-04-18T15:17:34.937Z] 2  |  import { twMerge } from "tailwind-merge";
[2026-04-18T15:17:34.938Z] 3  |  export function cn(...inputs) {
[2026-04-18T15:17:34.938Z] 11:17:34 AM [vite] (client) Pre-transform error: Failed to resolve import "clsx" from "client/src/lib/utils.ts". Does the file exist?
[2026-04-18T15:17:34.938Z] Plugin: vite:import-analysis
[2026-04-18T15:17:34.938Z] File: /home/ubuntu/viaoceanica-ai/client/src/lib/utils.ts:1:38
[2026-04-18T15:17:34.938Z] 1  |  import { clsx } from "clsx";
[2026-04-18T15:17:34.939Z] |                        ^
[2026-04-18T15:17:34.939Z] 2  |  import { twMerge } from "tailwind-merge";
[2026-04-18T15:17:34.939Z] 3  |  export function cn(...inputs) {
[2026-04-18T15:17:34.939Z] 11:17:34 AM [vite] (client) Pre-transform error: Failed to resolve import "clsx" from "client/src/lib/utils.ts". Does the file exist?
[2026-04-18T15:17:34.939Z] Plugin: vite:import-analysis
[2026-04-18T15:17:34.939Z] File: /home/ubuntu/viaoceanica-ai/client/src/lib/utils.ts:1:38
[2026-04-18T15:17:34.940Z] 1  |  import { clsx } from "clsx";
[2026-04-18T15:17:34.940Z] |                        ^
[2026-04-18T15:17:34.940Z] 2  |  import { twMerge } from "tailwind-merge";
[2026-04-18T15:17:34.940Z] 3  |  export function cn(...inputs) {
[2026-04-18T15:17:34.941Z] 11:17:34 AM [vite] (client) Pre-transform error: Failed to resolve import "clsx" from "client/src/lib/utils.ts". Does the file exist?
[2026-04-18T15:17:34.941Z] Plugin: vite:import-analysis
[2026-04-18T15:17:34.941Z] File: /home/ubuntu/viaoceanica-ai/client/src/lib/utils.ts:1:38
[2026-04-18T15:17:34.941Z] 1  |  import { clsx } from "clsx";
[2026-04-18T15:17:34.941Z] |                        ^
[2026-04-18T15:17:34.942Z] 2  |  import { twMerge } from "tailwind-merge";
[2026-04-18T15:17:34.942Z] 3  |  export function cn(...inputs) {
[2026-04-18T15:17:34.942Z] 11:17:34 AM [vite] (client) Pre-transform error: Failed to resolve import "clsx" from "client/src/lib/utils.ts". Does the file exist?
[2026-04-18T15:17:34.942Z] Plugin: vite:import-analysis
[2026-04-18T15:17:34.943Z] File: /home/ubuntu/viaoceanica-ai/client/src/lib/utils.ts:1:38
[2026-04-18T15:17:34.943Z] 1  |  import { clsx } from "clsx";
[2026-04-18T15:17:34.943Z] |                        ^
[2026-04-18T15:17:34.943Z] 2  |  import { twMerge } from "tailwind-merge";
[2026-04-18T15:17:34.944Z] 3  |  export function cn(...inputs) {
[2026-04-18T15:17:34.944Z] 11:17:34 AM [vite] (client) Pre-transform error: Failed to resolve import "clsx" from "client/src/lib/utils.ts". Does the file exist?
[2026-04-18T15:17:34.944Z] Plugin: vite:import-analysis
[2026-04-18T15:17:34.944Z] File: /home/ubuntu/viaoceanica-ai/client/src/lib/utils.ts:1:38
[2026-04-18T15:17:34.944Z] 1  |  import { clsx } from "clsx";
[2026-04-18T15:17:34.945Z] |                        ^
[2026-04-18T15:17:34.945Z] 2  |  import { twMerge } from "tailwind-merge";
[2026-04-18T15:17:34.945Z] 3  |  export function cn(...inputs) {
[2026-04-18T15:17:34.945Z] 11:17:34 AM [vite] (client) Pre-transform error: Failed to resolve import "clsx" from "client/src/lib/utils.ts". Does the file exist?
[2026-04-18T15:17:34.945Z] Plugin: vite:import-analysis
[2026-04-18T15:17:34.946Z] File: /home/ubuntu/viaoceanica-ai/client/src/lib/utils.ts:1:38
[2026-04-18T15:17:34.946Z] 1  |  import { clsx } from "clsx";
[2026-04-18T15:17:34.946Z] |                        ^
[2026-04-18T15:17:34.946Z] 2  |  import { twMerge } from "tailwind-merge";
[2026-04-18T15:17:34.946Z] 3  |  export function cn(...inputs) {
[2026-04-18T15:17:34.947Z] 11:17:34 AM [vite] (client) Pre-transform error: Failed to resolve import "clsx" from "client/src/lib/utils.ts". Does the file exist?
[2026-04-18T15:17:34.947Z] Plugin: vite:import-analysis
[2026-04-18T15:17:34.947Z] File: /home/ubuntu/viaoceanica-ai/client/src/lib/utils.ts:1:38
[2026-04-18T15:17:34.947Z] 1  |  import { clsx } from "clsx";
[2026-04-18T15:17:34.947Z] |                        ^
[2026-04-18T15:17:34.947Z] 2  |  import { twMerge } from "tailwind-merge";
[2026-04-18T15:17:34.947Z] 3  |  export function cn(...inputs) {
[2026-04-18T15:17:34.948Z] 11:17:34 AM [vite] (client) Pre-transform error: Failed to resolve import "clsx" from "client/src/lib/utils.ts". Does the file exist?
[2026-04-18T15:17:34.948Z] Plugin: vite:import-analysis
[2026-04-18T15:17:34.948Z] File: /home/ubuntu/viaoceanica-ai/client/src/lib/utils.ts:1:38
[2026-04-18T15:17:34.948Z] 1  |  import { clsx } from "clsx";
[2026-04-18T15:17:34.948Z] |                        ^
[2026-04-18T15:17:34.949Z] 2  |  import { twMerge } from "tailwind-merge";
[2026-04-18T15:17:34.949Z] 3  |  export function cn(...inputs) {
[2026-04-18T15:17:34.949Z] 11:17:34 AM [vite] (client) Pre-transform error: Failed to resolve import "clsx" from "client/src/lib/utils.ts". Does the file exist?
[2026-04-18T15:17:34.949Z] Plugin: vite:import-analysis
[2026-04-18T15:17:34.949Z] File: /home/ubuntu/viaoceanica-ai/client/src/lib/utils.ts:1:38
[2026-04-18T15:17:34.950Z] 1  |  import { clsx } from "clsx";
[2026-04-18T15:17:34.950Z] |                        ^
[2026-04-18T15:17:34.950Z] 2  |  import { twMerge } from "tailwind-merge";
[2026-04-18T15:17:34.950Z] 3  |  export function cn(...inputs) {
[2026-04-18T15:17:34.950Z] 11:17:34 AM [vite] (client) Pre-transform error: Failed to resolve import "react/jsx-dev-runtime" from "client/src/components/ui/tooltip.tsx". Does the file exist?
[2026-04-18T15:17:34.950Z] Plugin: vite:import-analysis
[2026-04-18T15:17:34.951Z] File: /home/ubuntu/viaoceanica-ai/client/src/components/ui/tooltip.tsx:11:4
[2026-04-18T15:17:34.951Z] 1  |  import { jsxDEV } from "react/jsx-dev-runtime";
[2026-04-18T15:17:34.951Z] |                          ^
[2026-04-18T15:17:34.951Z] 2  |  import * as TooltipPrimitive from "@radix-ui/react-tooltip";
[2026-04-18T15:17:34.951Z] 3  |  import { cn } from "@/lib/utils";
[2026-04-18T15:17:34.951Z] 11:17:34 AM [vite] (client) Pre-transform error: Failed to resolve import "react" from "client/src/hooks/useMobile.tsx". Does the file exist?
[2026-04-18T15:17:34.952Z] Plugin: vite:import-analysis
[2026-04-18T15:17:34.952Z] File: /home/ubuntu/viaoceanica-ai/client/src/hooks/useMobile.tsx:1:23
[2026-04-18T15:17:34.952Z] 1  |  var _s = $RefreshSig$();
[2026-04-18T15:17:34.952Z] 2  |  import * as React from "react";
[2026-04-18T15:17:34.953Z] |                          ^
[2026-04-18T15:17:34.953Z] 3  |  const MOBILE_BREAKPOINT = 768;
[2026-04-18T15:17:34.953Z] 4  |  export function useIsMobile() {
[2026-04-18T15:17:34.953Z] 11:17:34 AM [vite] (client) Pre-transform error: Failed to resolve import "clsx" from "client/src/lib/utils.ts". Does the file exist?
[2026-04-18T15:17:34.954Z] Plugin: vite:import-analysis
[2026-04-18T15:17:34.954Z] File: /home/ubuntu/viaoceanica-ai/client/src/lib/utils.ts:1:38
[2026-04-18T15:17:34.954Z] 1  |  import { clsx } from "clsx";
[2026-04-18T15:17:34.954Z] |                        ^
[2026-04-18T15:17:34.955Z] 2  |  import { twMerge } from "tailwind-merge";
[2026-04-18T15:17:34.955Z] 3  |  export function cn(...inputs) {
[2026-04-18T15:17:34.955Z] 11:17:34 AM [vite] (client) Pre-transform error: Failed to resolve import "react/jsx-dev-runtime" from "client/src/components/ui/dialog.tsx". Does the file exist?
[2026-04-18T15:17:34.955Z] Plugin: vite:import-analysis
[2026-04-18T15:17:34.956Z] File: /home/ubuntu/viaoceanica-ai/client/src/components/ui/dialog.tsx:51:6
[2026-04-18T15:17:34.956Z] 1  |  import { jsxDEV } from "react/jsx-dev-runtime";
[2026-04-18T15:17:34.956Z] |                          ^
[2026-04-18T15:17:34.956Z] 2  |  var _s = $RefreshSig$(), _s2 = $RefreshSig$(), _s3 = $RefreshSig$();
[2026-04-18T15:17:34.956Z] 3  |  import { cn } from "@/lib/utils";
[2026-04-18T15:17:34.956Z] 11:17:34 AM [vite] (client) Pre-transform error: Failed to resolve import "react/jsx-dev-runtime" from "client/src/components/ui/dialog.tsx". Does the file exist?
[2026-04-18T15:17:34.957Z] Plugin: vite:import-analysis
[2026-04-18T15:17:34.957Z] File: /home/ubuntu/viaoceanica-ai/client/src/components/ui/dialog.tsx:51:6
[2026-04-18T15:17:34.957Z] 1  |  import { jsxDEV } from "react/jsx-dev-runtime";
[2026-04-18T15:17:34.958Z] |                          ^
[2026-04-18T15:17:34.958Z] 2  |  var _s = $RefreshSig$(), _s2 = $RefreshSig$(), _s3 = $RefreshSig$();
[2026-04-18T15:17:34.958Z] 3  |  import { cn } from "@/lib/utils";
[2026-04-18T15:17:34.958Z] 11:17:34 AM [vite] (client) Pre-transform error: Failed to resolve import "clsx" from "client/src/lib/utils.ts". Does the file exist?
[2026-04-18T15:17:34.958Z] Plugin: vite:import-analysis
[2026-04-18T15:17:34.959Z] File: /home/ubuntu/viaoceanica-ai/client/src/lib/utils.ts:1:38
[2026-04-18T15:17:34.959Z] 1  |  import { clsx } from "clsx";
[2026-04-18T15:17:34.959Z] |                        ^
[2026-04-18T15:17:34.959Z] 2  |  import { twMerge } from "tailwind-merge";
[2026-04-18T15:17:34.959Z] 3  |  export function cn(...inputs) {
[2026-04-18T15:17:34.960Z] 11:17:34 AM [vite] (client) Pre-transform error: Failed to resolve import "clsx" from "client/src/lib/utils.ts". Does the file exist?
[2026-04-18T15:17:34.960Z] Plugin: vite:import-analysis
[2026-04-18T15:17:34.960Z] File: /home/ubuntu/viaoceanica-ai/client/src/lib/utils.ts:1:38
[2026-04-18T15:17:34.960Z] 1  |  import { clsx } from "clsx";
[2026-04-18T15:17:34.960Z] |                        ^
[2026-04-18T15:17:34.960Z] 2  |  import { twMerge } from "tailwind-merge";
[2026-04-18T15:17:34.961Z] 3  |  export function cn(...inputs) {
[2026-04-18T15:17:34.961Z] 11:17:34 AM [vite] (client) Pre-transform error: Failed to resolve import "react" from "client/src/hooks/usePersistFn.ts". Does the file exist?
[2026-04-18T15:17:34.961Z] Plugin: vite:import-analysis
[2026-04-18T15:17:34.961Z] File: /home/ubuntu/viaoceanica-ai/client/src/hooks/usePersistFn.ts:1:23
[2026-04-18T15:17:34.962Z] 1  |  import { useRef } from "react";
[2026-04-18T15:17:34.962Z] |                          ^
[2026-04-18T15:17:34.962Z] 2  |  export function usePersistFn(fn) {
[2026-04-18T15:17:34.962Z] 3  |    const fnRef = useRef(fn);
[2026-04-18T15:17:34.962Z] 11:17:34 AM [vite] (client) Pre-transform error: Failed to resolve import "react" from "client/src/hooks/useComposition.ts". Does the file exist?
[2026-04-18T15:17:34.962Z] Plugin: vite:import-analysis
[2026-04-18T15:17:34.963Z] File: /home/ubuntu/viaoceanica-ai/client/src/hooks/useComposition.ts:1:23
[2026-04-18T15:17:34.963Z] 1  |  import { useRef } from "react";
[2026-04-18T15:17:34.963Z] |                          ^
[2026-04-18T15:17:34.963Z] 2  |  import { usePersistFn } from "./usePersistFn";
[2026-04-18T15:17:34.963Z] 3  |  export function useComposition(options = {}) {
[2026-04-18T15:17:34.964Z] 11:17:34 AM [vite] (client) Pre-transform error: Failed to resolve import "react" from "client/src/hooks/usePersistFn.ts". Does the file exist?
[2026-04-18T15:17:34.964Z] Plugin: vite:import-analysis
[2026-04-18T15:17:34.964Z] File: /home/ubuntu/viaoceanica-ai/client/src/hooks/usePersistFn.ts:1:23
[2026-04-18T15:17:34.964Z] 1  |  import { useRef } from "react";
[2026-04-18T15:17:34.964Z] |                          ^
[2026-04-18T15:17:34.964Z] 2  |  export function usePersistFn(fn) {
[2026-04-18T15:17:34.965Z] 3  |    const fnRef = useRef(fn);
[2026-04-18T15:17:47.861Z] Dev server process group stopped
[2026-04-18T15:17:50.895Z] Starting dev server with command: pnpm run dev
[2026-04-18T15:17:51.780Z] 
[2026-04-18T15:17:51.781Z] > viaoceanica-ai@1.0.0 dev /home/ubuntu/viaoceanica-ai
[2026-04-18T15:17:51.781Z] > NODE_ENV=development tsx watch server/_core/index.ts
[2026-04-18T15:17:51.781Z] 
[2026-04-18T15:17:51.784Z] sh: 1: tsx: not found
[2026-04-18T15:17:51.788Z] ELIFECYCLE  Command failed.
[2026-04-18T15:17:51.815Z] Dev server exited with code 1
